/*
 Navicat Premium Data Transfer

 Source Server         : fuwuqi
 Source Server Type    : MySQL
 Source Server Version : 80024
 Source Host           : 124.223.200.167:3306
 Source Schema         : ck_flow

 Target Server Type    : MySQL
 Target Server Version : 80024
 File Encoding         : 65001

 Date: 22/08/2022 12:22:24
*/

SET NAMES utf8mb4;
SET FOREIGN_KEY_CHECKS = 0;

-- ----------------------------
-- Table structure for flow_form
-- ----------------------------
DROP TABLE IF EXISTS `flow_form`;
CREATE TABLE `flow_form`  (
  `id` bigint(0) NOT NULL COMMENT 'id',
  `order_id` bigint(0) NULL DEFAULT NULL,
  `module_id` bigint(0) NULL DEFAULT NULL,
  `node_id` bigint(0) NULL DEFAULT NULL,
  `task_id` bigint(0) NULL DEFAULT NULL COMMENT 'task表id',
  `form_id` bigint(0) NULL DEFAULT NULL COMMENT 'form表id',
  `form_item_id` bigint(0) NULL DEFAULT NULL,
  `user_id` bigint(0) NULL DEFAULT NULL,
  `item_name` varchar(255) CHARACTER SET utf8 COLLATE utf8_general_ci NULL DEFAULT NULL,
  `item_value` varchar(255) CHARACTER SET utf8 COLLATE utf8_general_ci NULL DEFAULT NULL,
  `del_flag` char(1) CHARACTER SET utf8 COLLATE utf8_general_ci NULL DEFAULT '0' COMMENT '删除标志（0代表存在1代表删除）',
  `create_time` datetime(0) NULL DEFAULT NULL COMMENT '创建时间',
  PRIMARY KEY (`id`) USING BTREE
) ENGINE = InnoDB CHARACTER SET = utf8 COLLATE = utf8_general_ci ROW_FORMAT = Dynamic;

-- ----------------------------
-- Records of flow_form
-- ----------------------------
INSERT INTO `flow_form` VALUES (1556567759239512065, 1556567748971855874, 1556547729173057538, 1556567749911379970, 1556567750238535682, 1556541018504802305, 1556541018676768770, 1, 'filed165994326660513', '攻防434 ', '0', '2022-08-08 17:07:28');
INSERT INTO `flow_form` VALUES (1556567759239512066, 1556567748971855874, 1556547729173057538, 1556567749911379970, 1556567750238535682, 1556541018504802305, 1556541018676768771, 1, 'filed165994326877027', '太24条4', '0', '2022-08-08 17:07:28');
INSERT INTO `flow_form` VALUES (1556567759239512067, 1556567748971855874, 1556547729173057538, 1556567749911379970, 1556567750238535682, 1556541018504802305, 1556541018676768772, 1, 'filed165994326910512', '34条434', '0', '2022-08-08 17:07:28');
INSERT INTO `flow_form` VALUES (1556567759239512068, 1556567748971855874, 1556547729173057538, 1556567749911379970, 1556567750238535682, 1556541018504802305, 1556541018676768773, 1, 'filed165994327046596', '条434', '0', '2022-08-08 17:07:28');
INSERT INTO `flow_form` VALUES (1556828578095423490, 1556567748971855874, 1556547729173057540, 1556567761219223553, 1556567761357635586, 1556540889769029634, 1556540889995522051, 100, 'filed165994323562407', '1', '0', '2022-08-09 10:23:52');
INSERT INTO `flow_form` VALUES (1556828578095423491, 1556567748971855874, 1556547729173057540, 1556567761219223553, 1556567761357635586, 1556540889769029634, 1556540889995522052, 100, 'filed16599432407204', '1', '0', '2022-08-09 10:23:52');
INSERT INTO `flow_form` VALUES (1556828578095423492, 1556567748971855874, 1556547729173057540, 1556567761219223553, 1556567761357635586, 1556540889769029634, 1556540921536688131, 100, 'filed165994323562407', '1', '0', '2022-08-09 10:23:52');
INSERT INTO `flow_form` VALUES (1556828578095423493, 1556567748971855874, 1556547729173057540, 1556567761219223553, 1556567761357635586, 1556540889769029634, 1556540921536688132, 100, 'filed16599432407204', '1', '0', '2022-08-09 10:23:52');
INSERT INTO `flow_form` VALUES (1556828969906331650, 1556567748971855874, 1556547729185640450, 1556828579244662785, 1556828579357908994, 1556540889769029634, 1556540889995522051, 2, 'filed165994323562407', '2', '0', '2022-08-09 10:25:26');
INSERT INTO `flow_form` VALUES (1556828969918914561, 1556567748971855874, 1556547729185640450, 1556828579244662785, 1556828579357908994, 1556540889769029634, 1556540889995522052, 2, 'filed16599432407204', '1', '0', '2022-08-09 10:25:26');
INSERT INTO `flow_form` VALUES (1556828969918914562, 1556567748971855874, 1556547729185640450, 1556828579244662785, 1556828579357908994, 1556540889769029634, 1556540921536688131, 2, 'filed165994323562407', '2', '0', '2022-08-09 10:25:26');
INSERT INTO `flow_form` VALUES (1556828969918914563, 1556567748971855874, 1556547729185640450, 1556828579244662785, 1556828579357908994, 1556540889769029634, 1556540921536688132, 2, 'filed16599432407204', '1', '0', '2022-08-09 10:25:26');
INSERT INTO `flow_form` VALUES (1556829267928408065, 1556829267269902337, 1556547729173057538, 1556829267626418178, 1556829267752247298, 1556541018504802305, 1556541018676768770, 1, 'filed165994326660513', '攻防4高尔2 ', '0', '2022-08-09 10:26:37');
INSERT INTO `flow_form` VALUES (1556829267928408066, 1556829267269902337, 1556547729173057538, 1556829267626418178, 1556829267752247298, 1556541018504802305, 1556541018676768771, 1, 'filed165994326877027', '高二哥哥3 ', '0', '2022-08-09 10:26:37');
INSERT INTO `flow_form` VALUES (1556829267928408067, 1556829267269902337, 1556547729173057538, 1556829267626418178, 1556829267752247298, 1556541018504802305, 1556541018676768772, 1, 'filed165994326910512', '发3434', '0', '2022-08-09 10:26:37');
INSERT INTO `flow_form` VALUES (1556829267928408068, 1556829267269902337, 1556547729173057538, 1556829267626418178, 1556829267752247298, 1556541018504802305, 1556541018676768773, 1, 'filed165994327046596', '方法 ', '0', '2022-08-09 10:26:37');
INSERT INTO `flow_form` VALUES (1556829315626033154, 1556829267269902337, 1556547729173057540, 1556829269413191681, 1556829269551603714, 1556540889769029634, 1556540889995522051, 100, 'filed165994323562407', '-1', '0', '2022-08-09 10:26:48');
INSERT INTO `flow_form` VALUES (1556829315626033155, 1556829267269902337, 1556547729173057540, 1556829269413191681, 1556829269551603714, 1556540889769029634, 1556540889995522052, 100, 'filed16599432407204', '2', '0', '2022-08-09 10:26:48');
INSERT INTO `flow_form` VALUES (1556829315626033156, 1556829267269902337, 1556547729173057540, 1556829269413191681, 1556829269551603714, 1556540889769029634, 1556540921536688131, 100, 'filed165994323562407', '-1', '0', '2022-08-09 10:26:48');
INSERT INTO `flow_form` VALUES (1556829315626033157, 1556829267269902337, 1556547729173057540, 1556829269413191681, 1556829269551603714, 1556540889769029634, 1556540921536688132, 100, 'filed16599432407204', '2', '0', '2022-08-09 10:26:48');
INSERT INTO `flow_form` VALUES (1556838079011811330, 1556567183504261122, 1556547729173057538, 1556567183797862401, 1556567183978217473, 1556541018504802305, 1556541018676768770, 1, 'filed165994326660513', '来233了3', '0', '2022-08-09 11:01:37');
INSERT INTO `flow_form` VALUES (1556838079011811331, 1556567183504261122, 1556547729173057538, 1556567183797862401, 1556567183978217473, 1556541018504802305, 1556541018676768771, 1, 'filed165994326877027', '232323', '0', '2022-08-09 11:01:37');
INSERT INTO `flow_form` VALUES (1556838079011811332, 1556567183504261122, 1556547729173057538, 1556567183797862401, 1556567183978217473, 1556541018504802305, 1556541018676768772, 1, 'filed165994326910512', '232323', '0', '2022-08-09 11:01:37');
INSERT INTO `flow_form` VALUES (1556838079011811333, 1556567183504261122, 1556547729173057538, 1556567183797862401, 1556567183978217473, 1556541018504802305, 1556541018676768773, 1, 'filed165994327046596', '23232323', '0', '2022-08-09 11:01:37');
INSERT INTO `flow_form` VALUES (1556891989537832961, 1556891988887715842, 1556891891139461122, 1556891989177122817, 1556891989323923457, 1556891731541999618, 1556891731684605955, 1, 'filed166002676479172', '[\"1\",\"2\"]', '0', '2022-08-09 14:35:51');
INSERT INTO `flow_form` VALUES (1556891989537832962, 1556891988887715842, 1556891891139461122, 1556891989177122817, 1556891989323923457, 1556891731541999618, 1556891731684605956, 1, 'filed166002678215811', '4', '0', '2022-08-09 14:35:51');
INSERT INTO `flow_form` VALUES (1556891989537832963, 1556891988887715842, 1556891891139461122, 1556891989177122817, 1556891989323923457, 1556891731541999618, 1556891731684605957, 1, 'filed166002677919960', '<p>菲儿我问问 </p>', '0', '2022-08-09 14:35:51');
INSERT INTO `flow_form` VALUES (1556891989537832964, 1556891988887715842, 1556891891139461122, 1556891989177122817, 1556891989323923457, 1556891731541999618, 1556891731684605958, 1, 'filed166002679487942', '2022-08-09T06:35:38.000Z', '0', '2022-08-09 14:35:51');
INSERT INTO `flow_form` VALUES (1556891989537832965, 1556891988887715842, 1556891891139461122, 1556891989177122817, 1556891989323923457, 1556891731541999618, 1556891731684605959, 1, 'filed16600268112593', '[\"2022-08-22T16:00:00.000Z\",\"2022-08-30T16:00:00.000Z\"]', '0', '2022-08-09 14:35:51');
INSERT INTO `flow_form` VALUES (1556891989537832966, 1556891988887715842, 1556891891139461122, 1556891989177122817, 1556891989323923457, 1556891731541999618, 1556891731684605960, 1, 'filed16600268112593', '[\"2022-08-22T16:00:00.000Z\",\"2022-08-30T16:00:00.000Z\"]', '0', '2022-08-09 14:35:51');
INSERT INTO `flow_form` VALUES (1556891989537832967, 1556891988887715842, 1556891891139461122, 1556891989177122817, 1556891989323923457, 1556891731541999618, 1556891731684605961, 1, 'filed16600268112593', '[\"2022-08-22T16:00:00.000Z\",\"2022-08-30T16:00:00.000Z\"]', '0', '2022-08-09 14:35:51');
INSERT INTO `flow_form` VALUES (1556891989537832968, 1556891988887715842, 1556891891139461122, 1556891989177122817, 1556891989323923457, 1556891731541999618, 1556891731684605962, 1, 'filed16600268112593', '[\"2022-08-22T16:00:00.000Z\",\"2022-08-30T16:00:00.000Z\"]', '0', '2022-08-09 14:35:51');
INSERT INTO `flow_form` VALUES (1556891989537832969, 1556891988887715842, 1556891891139461122, 1556891989177122817, 1556891989323923457, 1556891731541999618, 1556891731684605963, 1, 'filed166002686314262', '3', '0', '2022-08-09 14:35:51');
INSERT INTO `flow_form` VALUES (1556891990032760833, 1556891988887715842, 1556891891139461122, 1556891989177122817, 1556891989323923457, 1556891731541999618, 1556891731684605955, 1, 'filed166002676479172', '[\"1\",\"2\"]', '0', '2022-08-09 14:35:51');
INSERT INTO `flow_form` VALUES (1556891990032760834, 1556891988887715842, 1556891891139461122, 1556891989177122817, 1556891989323923457, 1556891731541999618, 1556891731684605956, 1, 'filed166002678215811', '4', '0', '2022-08-09 14:35:51');
INSERT INTO `flow_form` VALUES (1556891990032760835, 1556891988887715842, 1556891891139461122, 1556891989177122817, 1556891989323923457, 1556891731541999618, 1556891731684605957, 1, 'filed166002677919960', '<p>菲儿我问问 </p>', '0', '2022-08-09 14:35:51');
INSERT INTO `flow_form` VALUES (1556891990032760836, 1556891988887715842, 1556891891139461122, 1556891989177122817, 1556891989323923457, 1556891731541999618, 1556891731684605958, 1, 'filed166002679487942', '2022-08-09T06:35:38.000Z', '0', '2022-08-09 14:35:51');
INSERT INTO `flow_form` VALUES (1556891990032760837, 1556891988887715842, 1556891891139461122, 1556891989177122817, 1556891989323923457, 1556891731541999618, 1556891731684605959, 1, 'filed16600268112593', '[\"2022-08-22T16:00:00.000Z\",\"2022-08-30T16:00:00.000Z\"]', '0', '2022-08-09 14:35:51');
INSERT INTO `flow_form` VALUES (1556891990032760838, 1556891988887715842, 1556891891139461122, 1556891989177122817, 1556891989323923457, 1556891731541999618, 1556891731684605960, 1, 'filed16600268112593', '[\"2022-08-22T16:00:00.000Z\",\"2022-08-30T16:00:00.000Z\"]', '0', '2022-08-09 14:35:51');
INSERT INTO `flow_form` VALUES (1556891990032760839, 1556891988887715842, 1556891891139461122, 1556891989177122817, 1556891989323923457, 1556891731541999618, 1556891731684605961, 1, 'filed16600268112593', '[\"2022-08-22T16:00:00.000Z\",\"2022-08-30T16:00:00.000Z\"]', '0', '2022-08-09 14:35:51');
INSERT INTO `flow_form` VALUES (1556891990032760840, 1556891988887715842, 1556891891139461122, 1556891989177122817, 1556891989323923457, 1556891731541999618, 1556891731684605962, 1, 'filed16600268112593', '[\"2022-08-22T16:00:00.000Z\",\"2022-08-30T16:00:00.000Z\"]', '0', '2022-08-09 14:35:51');
INSERT INTO `flow_form` VALUES (1556891990032760841, 1556891988887715842, 1556891891139461122, 1556891989177122817, 1556891989323923457, 1556891731541999618, 1556891731684605963, 1, 'filed166002686314262', '3', '0', '2022-08-09 14:35:51');
INSERT INTO `flow_form` VALUES (1556893363403079681, 1556893362857820163, 1556891891139461122, 1556893363101089794, 1556893363214336002, 1556891731541999618, 1556893241537576963, 1, 'filed166002676479172', '[\"1\",\"2\"]', '0', '2022-08-09 14:41:18');
INSERT INTO `flow_form` VALUES (1556893363403079682, 1556893362857820163, 1556891891139461122, 1556893363101089794, 1556893363214336002, 1556891731541999618, 1556893241537576964, 1, 'filed166002678215811', '2', '0', '2022-08-09 14:41:18');
INSERT INTO `flow_form` VALUES (1556893363403079683, 1556893362857820163, 1556891891139461122, 1556893363101089794, 1556893363214336002, 1556891731541999618, 1556893241537576965, 1, 'filed166002677919960', '<p>fwewefwe</p>', '0', '2022-08-09 14:41:18');
INSERT INTO `flow_form` VALUES (1556893363403079684, 1556893362857820163, 1556891891139461122, 1556893363101089794, 1556893363214336002, 1556891731541999618, 1556893241537576966, 1, 'filed166002679487942', '2022-08-09T06:41:01.000Z', '0', '2022-08-09 14:41:18');
INSERT INTO `flow_form` VALUES (1556893363403079685, 1556893362857820163, 1556891891139461122, 1556893363101089794, 1556893363214336002, 1556891731541999618, 1556893241537576967, 1, 'filed16600268112593', '2022-08-08T16:00:00.000Z', '0', '2022-08-09 14:41:18');
INSERT INTO `flow_form` VALUES (1556893363403079686, 1556893362857820163, 1556891891139461122, 1556893363101089794, 1556893363214336002, 1556891731541999618, 1556893241537576968, 1, 'filed16600268112594', '2022-06-30T16:00:00.000Z', '0', '2022-08-09 14:41:18');
INSERT INTO `flow_form` VALUES (1556893363403079687, 1556893362857820163, 1556891891139461122, 1556893363101089794, 1556893363214336002, 1556891731541999618, 1556893241537576969, 1, 'filed16600268112595', '2022-08-21T16:00:00.000Z', '0', '2022-08-09 14:41:18');
INSERT INTO `flow_form` VALUES (1556893363403079688, 1556893362857820163, 1556891891139461122, 1556893363101089794, 1556893363214336002, 1556891731541999618, 1556893241537576970, 1, 'filed16600268112596', '[\"2022-08-17T16:00:00.000Z\",\"2022-09-04T16:00:00.000Z\"]', '0', '2022-08-09 14:41:18');
INSERT INTO `flow_form` VALUES (1556893363403079689, 1556893362857820163, 1556891891139461122, 1556893363101089794, 1556893363214336002, 1556891731541999618, 1556893241537576971, 1, 'filed166002686314262', '3', '0', '2022-08-09 14:41:18');
INSERT INTO `flow_form` VALUES (1556893363403079690, 1556893362857820163, 1556891891139461122, 1556893363101089794, 1556893363214336002, 1556891731541999618, 1556893241537576972, 1, 'filed166002704675947', '103,104', '0', '2022-08-09 14:41:18');
INSERT INTO `flow_form` VALUES (1556893363864453121, 1556893362857820163, 1556891891139461122, 1556893363101089794, 1556893363214336002, 1556891731541999618, 1556893241537576963, 1, 'filed166002676479172', '[\"1\",\"2\"]', '0', '2022-08-09 14:41:18');
INSERT INTO `flow_form` VALUES (1556893363864453122, 1556893362857820163, 1556891891139461122, 1556893363101089794, 1556893363214336002, 1556891731541999618, 1556893241537576964, 1, 'filed166002678215811', '2', '0', '2022-08-09 14:41:18');
INSERT INTO `flow_form` VALUES (1556893363864453123, 1556893362857820163, 1556891891139461122, 1556893363101089794, 1556893363214336002, 1556891731541999618, 1556893241537576965, 1, 'filed166002677919960', '<p>fwewefwe</p>', '0', '2022-08-09 14:41:18');
INSERT INTO `flow_form` VALUES (1556893363864453124, 1556893362857820163, 1556891891139461122, 1556893363101089794, 1556893363214336002, 1556891731541999618, 1556893241537576966, 1, 'filed166002679487942', '2022-08-09T06:41:01.000Z', '0', '2022-08-09 14:41:18');
INSERT INTO `flow_form` VALUES (1556893363864453125, 1556893362857820163, 1556891891139461122, 1556893363101089794, 1556893363214336002, 1556891731541999618, 1556893241537576967, 1, 'filed16600268112593', '2022-08-08T16:00:00.000Z', '0', '2022-08-09 14:41:18');
INSERT INTO `flow_form` VALUES (1556893363864453126, 1556893362857820163, 1556891891139461122, 1556893363101089794, 1556893363214336002, 1556891731541999618, 1556893241537576968, 1, 'filed16600268112594', '2022-06-30T16:00:00.000Z', '0', '2022-08-09 14:41:18');
INSERT INTO `flow_form` VALUES (1556893363864453127, 1556893362857820163, 1556891891139461122, 1556893363101089794, 1556893363214336002, 1556891731541999618, 1556893241537576969, 1, 'filed16600268112595', '2022-08-21T16:00:00.000Z', '0', '2022-08-09 14:41:18');
INSERT INTO `flow_form` VALUES (1556893363864453128, 1556893362857820163, 1556891891139461122, 1556893363101089794, 1556893363214336002, 1556891731541999618, 1556893241537576970, 1, 'filed16600268112596', '[\"2022-08-17T16:00:00.000Z\",\"2022-09-04T16:00:00.000Z\"]', '0', '2022-08-09 14:41:18');
INSERT INTO `flow_form` VALUES (1556893363864453129, 1556893362857820163, 1556891891139461122, 1556893363101089794, 1556893363214336002, 1556891731541999618, 1556893241537576971, 1, 'filed166002686314262', '3', '0', '2022-08-09 14:41:18');
INSERT INTO `flow_form` VALUES (1556893363864453130, 1556893362857820163, 1556891891139461122, 1556893363101089794, 1556893363214336002, 1556891731541999618, 1556893241537576972, 1, 'filed166002704675947', '103,104', '0', '2022-08-09 14:41:18');
INSERT INTO `flow_form` VALUES (1556893637874139138, 1556893637316296705, 1556891891139461122, 1556893637555372034, 1556893637677006849, 1556891731541999618, 1556893241537576963, 1, 'filed166002676479172', '[\"1\",\"2\"]', '0', '2022-08-09 14:42:24');
INSERT INTO `flow_form` VALUES (1556893637874139139, 1556893637316296705, 1556891891139461122, 1556893637555372034, 1556893637677006849, 1556891731541999618, 1556893241537576964, 1, 'filed166002678215811', '2', '0', '2022-08-09 14:42:24');
INSERT INTO `flow_form` VALUES (1556893637874139140, 1556893637316296705, 1556891891139461122, 1556893637555372034, 1556893637677006849, 1556891731541999618, 1556893241537576965, 1, 'filed166002677919960', '<p>fwewefwe</p>', '0', '2022-08-09 14:42:24');
INSERT INTO `flow_form` VALUES (1556893637874139141, 1556893637316296705, 1556891891139461122, 1556893637555372034, 1556893637677006849, 1556891731541999618, 1556893241537576966, 1, 'filed166002679487942', '2022-08-09T06:41:01.000Z', '0', '2022-08-09 14:42:24');
INSERT INTO `flow_form` VALUES (1556893637874139142, 1556893637316296705, 1556891891139461122, 1556893637555372034, 1556893637677006849, 1556891731541999618, 1556893241537576967, 1, 'filed16600268112593', '2022-08-08T16:00:00.000Z', '0', '2022-08-09 14:42:24');
INSERT INTO `flow_form` VALUES (1556893637874139143, 1556893637316296705, 1556891891139461122, 1556893637555372034, 1556893637677006849, 1556891731541999618, 1556893241537576968, 1, 'filed16600268112594', '2022-06-30T16:00:00.000Z', '0', '2022-08-09 14:42:24');
INSERT INTO `flow_form` VALUES (1556893637874139144, 1556893637316296705, 1556891891139461122, 1556893637555372034, 1556893637677006849, 1556891731541999618, 1556893241537576969, 1, 'filed16600268112595', '2022-08-21T16:00:00.000Z', '0', '2022-08-09 14:42:24');
INSERT INTO `flow_form` VALUES (1556893637874139145, 1556893637316296705, 1556891891139461122, 1556893637555372034, 1556893637677006849, 1556891731541999618, 1556893241537576970, 1, 'filed16600268112596', '[\"2022-08-17T16:00:00.000Z\",\"2022-09-04T16:00:00.000Z\"]', '0', '2022-08-09 14:42:24');
INSERT INTO `flow_form` VALUES (1556893637874139146, 1556893637316296705, 1556891891139461122, 1556893637555372034, 1556893637677006849, 1556891731541999618, 1556893241537576971, 1, 'filed166002686314262', '3', '0', '2022-08-09 14:42:24');
INSERT INTO `flow_form` VALUES (1556893637874139147, 1556893637316296705, 1556891891139461122, 1556893637555372034, 1556893637677006849, 1556891731541999618, 1556893241537576972, 1, 'filed166002704675947', '103,104', '0', '2022-08-09 14:42:24');
INSERT INTO `flow_form` VALUES (1556893638331318274, 1556893637316296705, 1556891891139461122, 1556893637555372034, 1556893637677006849, 1556891731541999618, 1556893241537576963, 1, 'filed166002676479172', '[\"1\",\"2\"]', '0', '2022-08-09 14:42:24');
INSERT INTO `flow_form` VALUES (1556893638339706882, 1556893637316296705, 1556891891139461122, 1556893637555372034, 1556893637677006849, 1556891731541999618, 1556893241537576964, 1, 'filed166002678215811', '2', '0', '2022-08-09 14:42:24');
INSERT INTO `flow_form` VALUES (1556893638339706883, 1556893637316296705, 1556891891139461122, 1556893637555372034, 1556893637677006849, 1556891731541999618, 1556893241537576965, 1, 'filed166002677919960', '<p>fwewefwe</p>', '0', '2022-08-09 14:42:24');
INSERT INTO `flow_form` VALUES (1556893638339706884, 1556893637316296705, 1556891891139461122, 1556893637555372034, 1556893637677006849, 1556891731541999618, 1556893241537576966, 1, 'filed166002679487942', '2022-08-09T06:41:01.000Z', '0', '2022-08-09 14:42:24');
INSERT INTO `flow_form` VALUES (1556893638339706885, 1556893637316296705, 1556891891139461122, 1556893637555372034, 1556893637677006849, 1556891731541999618, 1556893241537576967, 1, 'filed16600268112593', '2022-08-08T16:00:00.000Z', '0', '2022-08-09 14:42:24');
INSERT INTO `flow_form` VALUES (1556893638339706886, 1556893637316296705, 1556891891139461122, 1556893637555372034, 1556893637677006849, 1556891731541999618, 1556893241537576968, 1, 'filed16600268112594', '2022-06-30T16:00:00.000Z', '0', '2022-08-09 14:42:24');
INSERT INTO `flow_form` VALUES (1556893638339706887, 1556893637316296705, 1556891891139461122, 1556893637555372034, 1556893637677006849, 1556891731541999618, 1556893241537576969, 1, 'filed16600268112595', '2022-08-21T16:00:00.000Z', '0', '2022-08-09 14:42:24');
INSERT INTO `flow_form` VALUES (1556893638339706888, 1556893637316296705, 1556891891139461122, 1556893637555372034, 1556893637677006849, 1556891731541999618, 1556893241537576970, 1, 'filed16600268112596', '[\"2022-08-17T16:00:00.000Z\",\"2022-09-04T16:00:00.000Z\"]', '0', '2022-08-09 14:42:24');
INSERT INTO `flow_form` VALUES (1556893638339706889, 1556893637316296705, 1556891891139461122, 1556893637555372034, 1556893637677006849, 1556891731541999618, 1556893241537576971, 1, 'filed166002686314262', '3', '0', '2022-08-09 14:42:24');
INSERT INTO `flow_form` VALUES (1556893638339706890, 1556893637316296705, 1556891891139461122, 1556893637555372034, 1556893637677006849, 1556891731541999618, 1556893241537576972, 1, 'filed166002704675947', '103,104', '0', '2022-08-09 14:42:24');
INSERT INTO `flow_form` VALUES (1556893927167868929, 1556893926614220802, 1556891891139461122, 1556893926865879042, 1556893926979125250, 1556891731541999618, 1556893241537576963, 1, 'filed166002676479172', '[3,\"2\"]', '0', '2022-08-09 14:43:33');
INSERT INTO `flow_form` VALUES (1556893927167868930, 1556893926614220802, 1556891891139461122, 1556893926865879042, 1556893926979125250, 1556891731541999618, 1556893241537576964, 1, 'filed166002678215811', '3', '0', '2022-08-09 14:43:33');
INSERT INTO `flow_form` VALUES (1556893927167868931, 1556893926614220802, 1556891891139461122, 1556893926865879042, 1556893926979125250, 1556891731541999618, 1556893241537576965, 1, 'filed166002677919960', '<p>y4rgerer</p>', '0', '2022-08-09 14:43:33');
INSERT INTO `flow_form` VALUES (1556893927167868932, 1556893926614220802, 1556891891139461122, 1556893926865879042, 1556893926979125250, 1556891731541999618, 1556893241537576966, 1, 'filed166002679487942', '2022-08-09T06:42:07.000Z', '0', '2022-08-09 14:43:33');
INSERT INTO `flow_form` VALUES (1556893927167868933, 1556893926614220802, 1556891891139461122, 1556893926865879042, 1556893926979125250, 1556891731541999618, 1556893241537576967, 1, 'filed16600268112593', '2022-08-09T16:00:00.000Z', '0', '2022-08-09 14:43:33');
INSERT INTO `flow_form` VALUES (1556893927167868934, 1556893926614220802, 1556891891139461122, 1556893926865879042, 1556893926979125250, 1556891731541999618, 1556893241537576968, 1, 'filed16600268112594', '2022-02-28T16:00:00.000Z', '0', '2022-08-09 14:43:33');
INSERT INTO `flow_form` VALUES (1556893927167868935, 1556893926614220802, 1556891891139461122, 1556893926865879042, 1556893926979125250, 1556891731541999618, 1556893241537576969, 1, 'filed16600268112595', '2022-08-14T16:00:00.000Z', '0', '2022-08-09 14:43:33');
INSERT INTO `flow_form` VALUES (1556893927167868936, 1556893926614220802, 1556891891139461122, 1556893926865879042, 1556893926979125250, 1556891731541999618, 1556893241537576970, 1, 'filed16600268112596', '[\"2022-08-18T16:00:00.000Z\",\"2022-09-06T16:00:00.000Z\"]', '0', '2022-08-09 14:43:33');
INSERT INTO `flow_form` VALUES (1556893927167868937, 1556893926614220802, 1556891891139461122, 1556893926865879042, 1556893926979125250, 1556891731541999618, 1556893241537576971, 1, 'filed166002686314262', '3', '0', '2022-08-09 14:43:33');
INSERT INTO `flow_form` VALUES (1556893927167868938, 1556893926614220802, 1556891891139461122, 1556893926865879042, 1556893926979125250, 1556891731541999618, 1556893241537576972, 1, 'filed166002704675947', '104,105', '0', '2022-08-09 14:43:33');
INSERT INTO `flow_form` VALUES (1556893927650213890, 1556893926614220802, 1556891891139461122, 1556893926865879042, 1556893926979125250, 1556891731541999618, 1556893241537576963, 1, 'filed166002676479172', '[3,\"2\"]', '0', '2022-08-09 14:43:33');
INSERT INTO `flow_form` VALUES (1556893927650213891, 1556893926614220802, 1556891891139461122, 1556893926865879042, 1556893926979125250, 1556891731541999618, 1556893241537576964, 1, 'filed166002678215811', '3', '0', '2022-08-09 14:43:33');
INSERT INTO `flow_form` VALUES (1556893927650213892, 1556893926614220802, 1556891891139461122, 1556893926865879042, 1556893926979125250, 1556891731541999618, 1556893241537576965, 1, 'filed166002677919960', '<p>y4rgerer</p>', '0', '2022-08-09 14:43:33');
INSERT INTO `flow_form` VALUES (1556893927650213893, 1556893926614220802, 1556891891139461122, 1556893926865879042, 1556893926979125250, 1556891731541999618, 1556893241537576966, 1, 'filed166002679487942', '2022-08-09T06:42:07.000Z', '0', '2022-08-09 14:43:33');
INSERT INTO `flow_form` VALUES (1556893927650213894, 1556893926614220802, 1556891891139461122, 1556893926865879042, 1556893926979125250, 1556891731541999618, 1556893241537576967, 1, 'filed16600268112593', '2022-08-09T16:00:00.000Z', '0', '2022-08-09 14:43:33');
INSERT INTO `flow_form` VALUES (1556893927650213895, 1556893926614220802, 1556891891139461122, 1556893926865879042, 1556893926979125250, 1556891731541999618, 1556893241537576968, 1, 'filed16600268112594', '2022-02-28T16:00:00.000Z', '0', '2022-08-09 14:43:33');
INSERT INTO `flow_form` VALUES (1556893927650213896, 1556893926614220802, 1556891891139461122, 1556893926865879042, 1556893926979125250, 1556891731541999618, 1556893241537576969, 1, 'filed16600268112595', '2022-08-14T16:00:00.000Z', '0', '2022-08-09 14:43:33');
INSERT INTO `flow_form` VALUES (1556893927650213897, 1556893926614220802, 1556891891139461122, 1556893926865879042, 1556893926979125250, 1556891731541999618, 1556893241537576970, 1, 'filed16600268112596', '[\"2022-08-18T16:00:00.000Z\",\"2022-09-06T16:00:00.000Z\"]', '0', '2022-08-09 14:43:33');
INSERT INTO `flow_form` VALUES (1556893927650213898, 1556893926614220802, 1556891891139461122, 1556893926865879042, 1556893926979125250, 1556891731541999618, 1556893241537576971, 1, 'filed166002686314262', '3', '0', '2022-08-09 14:43:33');
INSERT INTO `flow_form` VALUES (1556893927650213899, 1556893926614220802, 1556891891139461122, 1556893926865879042, 1556893926979125250, 1556891731541999618, 1556893241537576972, 1, 'filed166002704675947', '104,105', '0', '2022-08-09 14:43:33');
INSERT INTO `flow_form` VALUES (1556894080427737090, 1556894079823757315, 1556891891139461122, 1556894080079609858, 1556894080218021889, 1556891731541999618, 1556893241537576963, 1, 'filed166002676479172', '[\"2\",3]', '0', '2022-08-09 14:44:09');
INSERT INTO `flow_form` VALUES (1556894080427737091, 1556894079823757315, 1556891891139461122, 1556894080079609858, 1556894080218021889, 1556891731541999618, 1556893241537576971, 1, 'filed166002686314262', '0', '0', '2022-08-09 14:44:09');
INSERT INTO `flow_form` VALUES (1556894080914276354, 1556894079823757315, 1556891891139461122, 1556894080079609858, 1556894080218021889, 1556891731541999618, 1556893241537576963, 1, 'filed166002676479172', '[\"2\",3]', '0', '2022-08-09 14:44:09');
INSERT INTO `flow_form` VALUES (1556894080914276355, 1556894079823757315, 1556891891139461122, 1556894080079609858, 1556894080218021889, 1556891731541999618, 1556893241537576971, 1, 'filed166002686314262', '0', '0', '2022-08-09 14:44:09');
INSERT INTO `flow_form` VALUES (1556894090812833794, 1556894090288545793, 1556891891139461122, 1556894090519232514, 1556894090632478721, 1556891731541999618, 1556893241537576963, 1, 'filed166002676479172', '[\"2\",3]', '0', '2022-08-09 14:44:12');
INSERT INTO `flow_form` VALUES (1556894090812833795, 1556894090288545793, 1556891891139461122, 1556894090519232514, 1556894090632478721, 1556891731541999618, 1556893241537576971, 1, 'filed166002686314262', '0', '0', '2022-08-09 14:44:12');
INSERT INTO `flow_form` VALUES (1556894091223875585, 1556894090288545793, 1556891891139461122, 1556894090519232514, 1556894090632478721, 1556891731541999618, 1556893241537576963, 1, 'filed166002676479172', '[\"2\",3]', '0', '2022-08-09 14:44:12');
INSERT INTO `flow_form` VALUES (1556894091223875586, 1556894090288545793, 1556891891139461122, 1556894090519232514, 1556894090632478721, 1556891731541999618, 1556893241537576971, 1, 'filed166002686314262', '0', '0', '2022-08-09 14:44:12');
INSERT INTO `flow_form` VALUES (1556894098001870850, 1556894097485971458, 1556891891139461122, 1556894097716658178, 1556894097829904386, 1556891731541999618, 1556893241537576963, 1, 'filed166002676479172', '[\"2\",3]', '0', '2022-08-09 14:44:13');
INSERT INTO `flow_form` VALUES (1556894098001870851, 1556894097485971458, 1556891891139461122, 1556894097716658178, 1556894097829904386, 1556891731541999618, 1556893241537576971, 1, 'filed166002686314262', '0', '0', '2022-08-09 14:44:13');
INSERT INTO `flow_form` VALUES (1556894098412912642, 1556894097485971458, 1556891891139461122, 1556894097716658178, 1556894097829904386, 1556891731541999618, 1556893241537576963, 1, 'filed166002676479172', '[\"2\",3]', '0', '2022-08-09 14:44:13');
INSERT INTO `flow_form` VALUES (1556894098412912643, 1556894097485971458, 1556891891139461122, 1556894097716658178, 1556894097829904386, 1556891731541999618, 1556893241537576971, 1, 'filed166002686314262', '0', '0', '2022-08-09 14:44:13');
INSERT INTO `flow_form` VALUES (1556894487417831426, 1556894486876766211, 1556891891139461122, 1556894487124230146, 1556894487237476354, 1556891731541999618, 1556893241537576963, 1, 'filed166002676479172', '[\"2\",3]', '0', '2022-08-09 14:45:46');
INSERT INTO `flow_form` VALUES (1556894487417831427, 1556894486876766211, 1556891891139461122, 1556894487124230146, 1556894487237476354, 1556891731541999618, 1556893241537576970, 1, 'filed16600268112596', '[\"2022-08-03T16:00:00.000Z\",\"2022-09-14T16:00:00.000Z\"]', '0', '2022-08-09 14:45:46');
INSERT INTO `flow_form` VALUES (1556894487417831428, 1556894486876766211, 1556891891139461122, 1556894487124230146, 1556894487237476354, 1556891731541999618, 1556893241537576971, 1, 'filed166002686314262', '0', '0', '2022-08-09 14:45:46');
INSERT INTO `flow_form` VALUES (1556894487849844738, 1556894486876766211, 1556891891139461122, 1556894487124230146, 1556894487237476354, 1556891731541999618, 1556893241537576963, 1, 'filed166002676479172', '[\"2\",3]', '0', '2022-08-09 14:45:46');
INSERT INTO `flow_form` VALUES (1556894487849844739, 1556894486876766211, 1556891891139461122, 1556894487124230146, 1556894487237476354, 1556891731541999618, 1556893241537576970, 1, 'filed16600268112596', '[\"2022-08-03T16:00:00.000Z\",\"2022-09-14T16:00:00.000Z\"]', '0', '2022-08-09 14:45:46');
INSERT INTO `flow_form` VALUES (1556894487849844740, 1556894486876766211, 1556891891139461122, 1556894487124230146, 1556894487237476354, 1556891731541999618, 1556893241537576971, 1, 'filed166002686314262', '0', '0', '2022-08-09 14:45:46');
INSERT INTO `flow_form` VALUES (1556895011991044097, 1556895011370287106, 1556891891139461122, 1556895011638722562, 1556895011777134594, 1556891731541999618, 1556893241537576963, 1, 'filed166002676479172', '1,2', '0', '2022-08-09 14:47:51');
INSERT INTO `flow_form` VALUES (1556895011991044098, 1556895011370287106, 1556891891139461122, 1556895011638722562, 1556895011777134594, 1556891731541999618, 1556893241537576964, 1, 'filed166002678215811', '2', '0', '2022-08-09 14:47:51');
INSERT INTO `flow_form` VALUES (1556895011991044099, 1556895011370287106, 1556891891139461122, 1556895011638722562, 1556895011777134594, 1556891731541999618, 1556893241537576965, 1, 'filed166002677919960', '<p>wewe223</p>', '0', '2022-08-09 14:47:51');
INSERT INTO `flow_form` VALUES (1556895011991044100, 1556895011370287106, 1556891891139461122, 1556895011638722562, 1556895011777134594, 1556891731541999618, 1556893241537576966, 1, 'filed166002679487942', '2022-08-09T14:47:28+08:00', '0', '2022-08-09 14:47:51');
INSERT INTO `flow_form` VALUES (1556895011991044101, 1556895011370287106, 1556891891139461122, 1556895011638722562, 1556895011777134594, 1556891731541999618, 1556893241537576967, 1, 'filed16600268112593', '2022-08-01T16:00:00.000Z', '0', '2022-08-09 14:47:51');
INSERT INTO `flow_form` VALUES (1556895011991044102, 1556895011370287106, 1556891891139461122, 1556895011638722562, 1556895011777134594, 1556891731541999618, 1556893241537576968, 1, 'filed16600268112594', '2022-01-31T16:00:00.000Z', '0', '2022-08-09 14:47:51');
INSERT INTO `flow_form` VALUES (1556895011991044103, 1556895011370287106, 1556891891139461122, 1556895011638722562, 1556895011777134594, 1556891731541999618, 1556893241537576969, 1, 'filed16600268112595', '2022-08-07T16:00:00.000Z', '0', '2022-08-09 14:47:51');
INSERT INTO `flow_form` VALUES (1556895011991044104, 1556895011370287106, 1556891891139461122, 1556895011638722562, 1556895011777134594, 1556891731541999618, 1556893241537576970, 1, 'filed16600268112596', '[\"2022-08-09T16:00:00.000Z\",\"2022-09-21T16:00:00.000Z\"]', '0', '2022-08-09 14:47:51');
INSERT INTO `flow_form` VALUES (1556895011991044105, 1556895011370287106, 1556891891139461122, 1556895011638722562, 1556895011777134594, 1556891731541999618, 1556893241537576971, 1, 'filed166002686314262', '5', '0', '2022-08-09 14:47:51');
INSERT INTO `flow_form` VALUES (1556895011991044106, 1556895011370287106, 1556891891139461122, 1556895011638722562, 1556895011777134594, 1556891731541999618, 1556893241537576972, 1, 'filed166002704675947', '105,106', '0', '2022-08-09 14:47:51');
INSERT INTO `flow_form` VALUES (1556895012485971970, 1556895011370287106, 1556891891139461122, 1556895011638722562, 1556895011777134594, 1556891731541999618, 1556893241537576963, 1, 'filed166002676479172', '1,2', '0', '2022-08-09 14:47:51');
INSERT INTO `flow_form` VALUES (1556895012485971971, 1556895011370287106, 1556891891139461122, 1556895011638722562, 1556895011777134594, 1556891731541999618, 1556893241537576964, 1, 'filed166002678215811', '2', '0', '2022-08-09 14:47:51');
INSERT INTO `flow_form` VALUES (1556895012485971972, 1556895011370287106, 1556891891139461122, 1556895011638722562, 1556895011777134594, 1556891731541999618, 1556893241537576965, 1, 'filed166002677919960', '<p>wewe223</p>', '0', '2022-08-09 14:47:51');
INSERT INTO `flow_form` VALUES (1556895012485971973, 1556895011370287106, 1556891891139461122, 1556895011638722562, 1556895011777134594, 1556891731541999618, 1556893241537576966, 1, 'filed166002679487942', '2022-08-09T14:47:28+08:00', '0', '2022-08-09 14:47:51');
INSERT INTO `flow_form` VALUES (1556895012485971974, 1556895011370287106, 1556891891139461122, 1556895011638722562, 1556895011777134594, 1556891731541999618, 1556893241537576967, 1, 'filed16600268112593', '2022-08-01T16:00:00.000Z', '0', '2022-08-09 14:47:51');
INSERT INTO `flow_form` VALUES (1556895012485971975, 1556895011370287106, 1556891891139461122, 1556895011638722562, 1556895011777134594, 1556891731541999618, 1556893241537576968, 1, 'filed16600268112594', '2022-01-31T16:00:00.000Z', '0', '2022-08-09 14:47:51');
INSERT INTO `flow_form` VALUES (1556895012485971976, 1556895011370287106, 1556891891139461122, 1556895011638722562, 1556895011777134594, 1556891731541999618, 1556893241537576969, 1, 'filed16600268112595', '2022-08-07T16:00:00.000Z', '0', '2022-08-09 14:47:51');
INSERT INTO `flow_form` VALUES (1556895012485971977, 1556895011370287106, 1556891891139461122, 1556895011638722562, 1556895011777134594, 1556891731541999618, 1556893241537576970, 1, 'filed16600268112596', '[\"2022-08-09T16:00:00.000Z\",\"2022-09-21T16:00:00.000Z\"]', '0', '2022-08-09 14:47:51');
INSERT INTO `flow_form` VALUES (1556895012485971978, 1556895011370287106, 1556891891139461122, 1556895011638722562, 1556895011777134594, 1556891731541999618, 1556893241537576971, 1, 'filed166002686314262', '5', '0', '2022-08-09 14:47:51');
INSERT INTO `flow_form` VALUES (1556895012485971979, 1556895011370287106, 1556891891139461122, 1556895011638722562, 1556895011777134594, 1556891731541999618, 1556893241537576972, 1, 'filed166002704675947', '105,106', '0', '2022-08-09 14:47:51');
INSERT INTO `flow_form` VALUES (1556896170155819010, 1556896169606365187, 1556891891139461122, 1556896169845440513, 1556896169967075329, 1556891731541999618, 1556893241537576963, 1, 'filed166002676479172', '1,2', '0', '2022-08-09 14:52:27');
INSERT INTO `flow_form` VALUES (1556896170155819011, 1556896169606365187, 1556891891139461122, 1556896169845440513, 1556896169967075329, 1556891731541999618, 1556893241537576964, 1, 'filed166002678215811', '2', '0', '2022-08-09 14:52:27');
INSERT INTO `flow_form` VALUES (1556896170155819012, 1556896169606365187, 1556891891139461122, 1556896169845440513, 1556896169967075329, 1556891731541999618, 1556893241537576965, 1, 'filed166002677919960', '<p>3e2323</p>', '0', '2022-08-09 14:52:27');
INSERT INTO `flow_form` VALUES (1556896170155819013, 1556896169606365187, 1556891891139461122, 1556896169845440513, 1556896169967075329, 1556891731541999618, 1556893241537576966, 1, 'filed166002679487942', '2022-08-09T14:51:46+08:00', '0', '2022-08-09 14:52:27');
INSERT INTO `flow_form` VALUES (1556896170155819014, 1556896169606365187, 1556891891139461122, 1556896169845440513, 1556896169967075329, 1556891731541999618, 1556893241537576967, 1, 'filed16600268112593', '2022-08-Tu', '0', '2022-08-09 14:52:27');
INSERT INTO `flow_form` VALUES (1556896170155819015, 1556896169606365187, 1556891891139461122, 1556896169845440513, 1556896169967075329, 1556891731541999618, 1556893241537576968, 1, 'filed16600268112594', '2022-09', '0', '2022-08-09 14:52:27');
INSERT INTO `flow_form` VALUES (1556896170155819016, 1556896169606365187, 1556891891139461122, 1556896169845440513, 1556896169967075329, 1556891731541999618, 1556893241537576969, 1, 'filed16600268112595', '2022 第 33 周', '0', '2022-08-09 14:52:27');
INSERT INTO `flow_form` VALUES (1556896170155819017, 1556896169606365187, 1556891891139461122, 1556896169845440513, 1556896169967075329, 1556891731541999618, 1556893241537576970, 1, 'filed16600268112596', '2022-08-Fr,2022-09-We', '0', '2022-08-09 14:52:27');
INSERT INTO `flow_form` VALUES (1556896170155819018, 1556896169606365187, 1556891891139461122, 1556896169845440513, 1556896169967075329, 1556891731541999618, 1556893241537576971, 1, 'filed166002686314262', '4', '0', '2022-08-09 14:52:27');
INSERT INTO `flow_form` VALUES (1556896170155819019, 1556896169606365187, 1556891891139461122, 1556896169845440513, 1556896169967075329, 1556891731541999618, 1556893241537576972, 1, 'filed166002704675947', '105,106,107', '0', '2022-08-09 14:52:27');
INSERT INTO `flow_form` VALUES (1556896170663329793, 1556896169606365187, 1556891891139461122, 1556896169845440513, 1556896169967075329, 1556891731541999618, 1556893241537576963, 1, 'filed166002676479172', '1,2', '0', '2022-08-09 14:52:27');
INSERT INTO `flow_form` VALUES (1556896170663329794, 1556896169606365187, 1556891891139461122, 1556896169845440513, 1556896169967075329, 1556891731541999618, 1556893241537576964, 1, 'filed166002678215811', '2', '0', '2022-08-09 14:52:27');
INSERT INTO `flow_form` VALUES (1556896170663329795, 1556896169606365187, 1556891891139461122, 1556896169845440513, 1556896169967075329, 1556891731541999618, 1556893241537576965, 1, 'filed166002677919960', '<p>3e2323</p>', '0', '2022-08-09 14:52:27');
INSERT INTO `flow_form` VALUES (1556896170663329796, 1556896169606365187, 1556891891139461122, 1556896169845440513, 1556896169967075329, 1556891731541999618, 1556893241537576966, 1, 'filed166002679487942', '2022-08-09T14:51:46+08:00', '0', '2022-08-09 14:52:27');
INSERT INTO `flow_form` VALUES (1556896170663329797, 1556896169606365187, 1556891891139461122, 1556896169845440513, 1556896169967075329, 1556891731541999618, 1556893241537576967, 1, 'filed16600268112593', '2022-08-Tu', '0', '2022-08-09 14:52:27');
INSERT INTO `flow_form` VALUES (1556896170663329798, 1556896169606365187, 1556891891139461122, 1556896169845440513, 1556896169967075329, 1556891731541999618, 1556893241537576968, 1, 'filed16600268112594', '2022-09', '0', '2022-08-09 14:52:27');
INSERT INTO `flow_form` VALUES (1556896170663329799, 1556896169606365187, 1556891891139461122, 1556896169845440513, 1556896169967075329, 1556891731541999618, 1556893241537576969, 1, 'filed16600268112595', '2022 第 33 周', '0', '2022-08-09 14:52:27');
INSERT INTO `flow_form` VALUES (1556896170663329800, 1556896169606365187, 1556891891139461122, 1556896169845440513, 1556896169967075329, 1556891731541999618, 1556893241537576970, 1, 'filed16600268112596', '2022-08-Fr,2022-09-We', '0', '2022-08-09 14:52:27');
INSERT INTO `flow_form` VALUES (1556896170663329801, 1556896169606365187, 1556891891139461122, 1556896169845440513, 1556896169967075329, 1556891731541999618, 1556893241537576971, 1, 'filed166002686314262', '4', '0', '2022-08-09 14:52:27');
INSERT INTO `flow_form` VALUES (1556896170663329802, 1556896169606365187, 1556891891139461122, 1556896169845440513, 1556896169967075329, 1556891731541999618, 1556893241537576972, 1, 'filed166002704675947', '105,106,107', '0', '2022-08-09 14:52:27');
INSERT INTO `flow_form` VALUES (1556898107190263810, 1556898106674364419, 1556891891139461122, 1556898106896662530, 1556898107009908738, 1556891731541999618, 1556897911995744258, 1, 'filed166002676479172', '1,2,4', '0', '2022-08-09 15:00:09');
INSERT INTO `flow_form` VALUES (1556898107190263811, 1556898106674364419, 1556891891139461122, 1556898106896662530, 1556898107009908738, 1556891731541999618, 1556897911995744259, 1, 'filed166002678215811', '4', '0', '2022-08-09 15:00:09');
INSERT INTO `flow_form` VALUES (1556898107190263812, 1556898106674364419, 1556891891139461122, 1556898106896662530, 1556898107009908738, 1556891731541999618, 1556897911995744260, 1, 'filed166002677919960', '<p>rf3w2323232w3e2w32323</p>', '0', '2022-08-09 15:00:09');
INSERT INTO `flow_form` VALUES (1556898107190263813, 1556898106674364419, 1556891891139461122, 1556898106896662530, 1556898107009908738, 1556891731541999618, 1556897911995744261, 1, 'filed166002679487942', '14:58:55', '0', '2022-08-09 15:00:09');
INSERT INTO `flow_form` VALUES (1556898107190263814, 1556898106674364419, 1556891891139461122, 1556898106896662530, 1556898107009908738, 1556891731541999618, 1556897911995744262, 1, 'filed16600268112593', '2022-08-12', '0', '2022-08-09 15:00:09');
INSERT INTO `flow_form` VALUES (1556898107190263815, 1556898106674364419, 1556891891139461122, 1556898106896662530, 1556898107009908738, 1556891731541999618, 1556897911995744263, 1, 'filed16600268112594', '2022-07', '0', '2022-08-09 15:00:09');
INSERT INTO `flow_form` VALUES (1556898107190263816, 1556898106674364419, 1556891891139461122, 1556898106896662530, 1556898107009908738, 1556891731541999618, 1556897911995744264, 1, 'filed16600268112595', '2022 第 33 周', '0', '2022-08-09 15:00:09');
INSERT INTO `flow_form` VALUES (1556898107190263817, 1556898106674364419, 1556891891139461122, 1556898106896662530, 1556898107009908738, 1556891731541999618, 1556897911995744265, 1, 'filed16600268112596', '2022-08-09,2022-09-20', '0', '2022-08-09 15:00:09');
INSERT INTO `flow_form` VALUES (1556898107190263818, 1556898106674364419, 1556891891139461122, 1556898106896662530, 1556898107009908738, 1556891731541999618, 1556897911995744266, 1, 'filed166002686314262', '2', '0', '2022-08-09 15:00:09');
INSERT INTO `flow_form` VALUES (1556898107190263819, 1556898106674364419, 1556891891139461122, 1556898106896662530, 1556898107009908738, 1556891731541999618, 1556897911995744267, 1, 'filed166002704675947', '104,105', '0', '2022-08-09 15:00:09');
INSERT INTO `flow_form` VALUES (1556898107592916993, 1556898106674364419, 1556891891139461122, 1556898106896662530, 1556898107009908738, 1556891731541999618, 1556897911995744258, 1, 'filed166002676479172', '1,2,4', '0', '2022-08-09 15:00:09');
INSERT INTO `flow_form` VALUES (1556898107601305602, 1556898106674364419, 1556891891139461122, 1556898106896662530, 1556898107009908738, 1556891731541999618, 1556897911995744259, 1, 'filed166002678215811', '4', '0', '2022-08-09 15:00:09');
INSERT INTO `flow_form` VALUES (1556898107601305603, 1556898106674364419, 1556891891139461122, 1556898106896662530, 1556898107009908738, 1556891731541999618, 1556897911995744260, 1, 'filed166002677919960', '<p>rf3w2323232w3e2w32323</p>', '0', '2022-08-09 15:00:09');
INSERT INTO `flow_form` VALUES (1556898107601305604, 1556898106674364419, 1556891891139461122, 1556898106896662530, 1556898107009908738, 1556891731541999618, 1556897911995744261, 1, 'filed166002679487942', '14:58:55', '0', '2022-08-09 15:00:09');
INSERT INTO `flow_form` VALUES (1556898107601305605, 1556898106674364419, 1556891891139461122, 1556898106896662530, 1556898107009908738, 1556891731541999618, 1556897911995744262, 1, 'filed16600268112593', '2022-08-12', '0', '2022-08-09 15:00:09');
INSERT INTO `flow_form` VALUES (1556898107601305606, 1556898106674364419, 1556891891139461122, 1556898106896662530, 1556898107009908738, 1556891731541999618, 1556897911995744263, 1, 'filed16600268112594', '2022-07', '0', '2022-08-09 15:00:09');
INSERT INTO `flow_form` VALUES (1556898107601305607, 1556898106674364419, 1556891891139461122, 1556898106896662530, 1556898107009908738, 1556891731541999618, 1556897911995744264, 1, 'filed16600268112595', '2022 第 33 周', '0', '2022-08-09 15:00:09');
INSERT INTO `flow_form` VALUES (1556898107601305608, 1556898106674364419, 1556891891139461122, 1556898106896662530, 1556898107009908738, 1556891731541999618, 1556897911995744265, 1, 'filed16600268112596', '2022-08-09,2022-09-20', '0', '2022-08-09 15:00:09');
INSERT INTO `flow_form` VALUES (1556898107601305609, 1556898106674364419, 1556891891139461122, 1556898106896662530, 1556898107009908738, 1556891731541999618, 1556897911995744266, 1, 'filed166002686314262', '2', '0', '2022-08-09 15:00:09');
INSERT INTO `flow_form` VALUES (1556898107601305610, 1556898106674364419, 1556891891139461122, 1556898106896662530, 1556898107009908738, 1556891731541999618, 1556897911995744267, 1, 'filed166002704675947', '104,105', '0', '2022-08-09 15:00:09');
INSERT INTO `flow_form` VALUES (1556898777226133505, 1556898776668291074, 1556891891139461122, 1556898776915755010, 1556898777029001218, 1556891731541999618, 1556898684800450562, 1, 'filed166002676479172', '1,2,3,4', '0', '2022-08-09 15:02:49');
INSERT INTO `flow_form` VALUES (1556898777226133506, 1556898776668291074, 1556891891139461122, 1556898776915755010, 1556898777029001218, 1556891731541999618, 1556898684800450563, 1, 'filed166002678215811', '5', '0', '2022-08-09 15:02:49');
INSERT INTO `flow_form` VALUES (1556898777226133507, 1556898776668291074, 1556891891139461122, 1556898776915755010, 1556898777029001218, 1556891731541999618, 1556898684800450564, 1, 'filed166002677919960', '<p>DFWEWEWEW</p>', '0', '2022-08-09 15:02:49');
INSERT INTO `flow_form` VALUES (1556898777226133508, 1556898776668291074, 1556891891139461122, 1556898776915755010, 1556898777029001218, 1556891731541999618, 1556898684800450565, 1, 'filed166002679487942', '14:59:55', '0', '2022-08-09 15:02:49');
INSERT INTO `flow_form` VALUES (1556898777226133509, 1556898776668291074, 1556891891139461122, 1556898776915755010, 1556898777029001218, 1556891731541999618, 1556898684800450566, 1, 'filed16600268112593', '2022-08-09', '0', '2022-08-09 15:02:49');
INSERT INTO `flow_form` VALUES (1556898777226133510, 1556898776668291074, 1556891891139461122, 1556898776915755010, 1556898777029001218, 1556891731541999618, 1556898684800450567, 1, 'filed16600268112594', '2022-06', '0', '2022-08-09 15:02:49');
INSERT INTO `flow_form` VALUES (1556898777226133511, 1556898776668291074, 1556891891139461122, 1556898776915755010, 1556898777029001218, 1556891731541999618, 1556898684800450568, 1, 'filed16600268112595', '2022 第 32 周', '0', '2022-08-09 15:02:49');
INSERT INTO `flow_form` VALUES (1556898777226133512, 1556898776668291074, 1556891891139461122, 1556898776915755010, 1556898777029001218, 1556891731541999618, 1556898684800450569, 1, 'filed16600268112596', '2022-08-20,2022-09-23', '0', '2022-08-09 15:02:49');
INSERT INTO `flow_form` VALUES (1556898777226133513, 1556898776668291074, 1556891891139461122, 1556898776915755010, 1556898777029001218, 1556891731541999618, 1556898684800450570, 1, 'filed166002686314262', '4', '0', '2022-08-09 15:02:49');
INSERT INTO `flow_form` VALUES (1556898777226133514, 1556898776668291074, 1556891891139461122, 1556898776915755010, 1556898777029001218, 1556891731541999618, 1556898684800450571, 1, 'filed166002704675947', '106,107', '0', '2022-08-09 15:02:49');
INSERT INTO `flow_form` VALUES (1556898777683312641, 1556898776668291074, 1556891891139461122, 1556898776915755010, 1556898777029001218, 1556891731541999618, 1556898684800450562, 1, 'filed166002676479172', '1,2,3,4', '0', '2022-08-09 15:02:49');
INSERT INTO `flow_form` VALUES (1556898777683312642, 1556898776668291074, 1556891891139461122, 1556898776915755010, 1556898777029001218, 1556891731541999618, 1556898684800450563, 1, 'filed166002678215811', '5', '0', '2022-08-09 15:02:49');
INSERT INTO `flow_form` VALUES (1556898777683312643, 1556898776668291074, 1556891891139461122, 1556898776915755010, 1556898777029001218, 1556891731541999618, 1556898684800450564, 1, 'filed166002677919960', '<p>DFWEWEWEW</p>', '0', '2022-08-09 15:02:49');
INSERT INTO `flow_form` VALUES (1556898777683312644, 1556898776668291074, 1556891891139461122, 1556898776915755010, 1556898777029001218, 1556891731541999618, 1556898684800450565, 1, 'filed166002679487942', '14:59:55', '0', '2022-08-09 15:02:49');
INSERT INTO `flow_form` VALUES (1556898777683312645, 1556898776668291074, 1556891891139461122, 1556898776915755010, 1556898777029001218, 1556891731541999618, 1556898684800450566, 1, 'filed16600268112593', '2022-08-09', '0', '2022-08-09 15:02:49');
INSERT INTO `flow_form` VALUES (1556898777683312646, 1556898776668291074, 1556891891139461122, 1556898776915755010, 1556898777029001218, 1556891731541999618, 1556898684800450567, 1, 'filed16600268112594', '2022-06', '0', '2022-08-09 15:02:49');
INSERT INTO `flow_form` VALUES (1556898777683312647, 1556898776668291074, 1556891891139461122, 1556898776915755010, 1556898777029001218, 1556891731541999618, 1556898684800450568, 1, 'filed16600268112595', '2022 第 32 周', '0', '2022-08-09 15:02:49');
INSERT INTO `flow_form` VALUES (1556898777683312648, 1556898776668291074, 1556891891139461122, 1556898776915755010, 1556898777029001218, 1556891731541999618, 1556898684800450569, 1, 'filed16600268112596', '2022-08-20,2022-09-23', '0', '2022-08-09 15:02:49');
INSERT INTO `flow_form` VALUES (1556898777683312649, 1556898776668291074, 1556891891139461122, 1556898776915755010, 1556898777029001218, 1556891731541999618, 1556898684800450570, 1, 'filed166002686314262', '4', '0', '2022-08-09 15:02:49');
INSERT INTO `flow_form` VALUES (1556898777683312650, 1556898776668291074, 1556891891139461122, 1556898776915755010, 1556898777029001218, 1556891731541999618, 1556898684800450571, 1, 'filed166002704675947', '106,107', '0', '2022-08-09 15:02:49');
INSERT INTO `flow_form` VALUES (1556906174388748289, 1556906173805740035, 1556891891139461122, 1556906174044815361, 1556906174191616002, 1556891731541999618, 1556898684800450562, 1, 'filed166002676479172', '1,2', '0', '2022-08-09 15:32:13');
INSERT INTO `flow_form` VALUES (1556906174397136898, 1556906173805740035, 1556891891139461122, 1556906174044815361, 1556906174191616002, 1556891731541999618, 1556898684800450563, 1, 'filed166002678215811', '2', '0', '2022-08-09 15:32:13');
INSERT INTO `flow_form` VALUES (1556906174397136899, 1556906173805740035, 1556891891139461122, 1556906174044815361, 1556906174191616002, 1556891731541999618, 1556898684800450564, 1, 'filed166002677919960', '<p><img src=\"http://localhost:9090/profile/upload/2022/08/09/汇成_20220809153158A001.jpg\">grererge<strong><em><u>rgergerger</u></em></strong></p>', '0', '2022-08-09 15:32:13');
INSERT INTO `flow_form` VALUES (1556906174397136900, 1556906173805740035, 1556891891139461122, 1556906174044815361, 1556906174191616002, 1556891731541999618, 1556898684800450565, 1, 'filed166002679487942', '20:58:55', '0', '2022-08-09 15:32:13');
INSERT INTO `flow_form` VALUES (1556906174397136901, 1556906173805740035, 1556891891139461122, 1556906174044815361, 1556906174191616002, 1556891731541999618, 1556898684800450566, 1, 'filed16600268112593', '2022-08-09', '0', '2022-08-09 15:32:13');
INSERT INTO `flow_form` VALUES (1556906174397136902, 1556906173805740035, 1556891891139461122, 1556906174044815361, 1556906174191616002, 1556891731541999618, 1556898684800450567, 1, 'filed16600268112594', '2022-08', '0', '2022-08-09 15:32:13');
INSERT INTO `flow_form` VALUES (1556906174397136903, 1556906173805740035, 1556891891139461122, 1556906174044815361, 1556906174191616002, 1556891731541999618, 1556898684800450568, 1, 'filed16600268112595', 'Invalid date', '0', '2022-08-09 15:32:13');
INSERT INTO `flow_form` VALUES (1556906174397136904, 1556906173805740035, 1556891891139461122, 1556906174044815361, 1556906174191616002, 1556891731541999618, 1556898684800450569, 1, 'filed16600268112596', 'Invalid date,2022-08-09', '0', '2022-08-09 15:32:13');
INSERT INTO `flow_form` VALUES (1556906174397136905, 1556906173805740035, 1556891891139461122, 1556906174044815361, 1556906174191616002, 1556891731541999618, 1556898684800450570, 1, 'filed166002686314262', '2', '0', '2022-08-09 15:32:13');
INSERT INTO `flow_form` VALUES (1556906174397136906, 1556906173805740035, 1556891891139461122, 1556906174044815361, 1556906174191616002, 1556891731541999618, 1556898684800450571, 1, 'filed166002704675947', '', '0', '2022-08-09 15:32:13');
INSERT INTO `flow_form` VALUES (1556906174845927425, 1556906173805740035, 1556891891139461122, 1556906174044815361, 1556906174191616002, 1556891731541999618, 1556898684800450562, 1, 'filed166002676479172', '1,2', '0', '2022-08-09 15:32:13');
INSERT INTO `flow_form` VALUES (1556906174845927426, 1556906173805740035, 1556891891139461122, 1556906174044815361, 1556906174191616002, 1556891731541999618, 1556898684800450563, 1, 'filed166002678215811', '2', '0', '2022-08-09 15:32:13');
INSERT INTO `flow_form` VALUES (1556906174845927427, 1556906173805740035, 1556891891139461122, 1556906174044815361, 1556906174191616002, 1556891731541999618, 1556898684800450564, 1, 'filed166002677919960', '<p><img src=\"http://localhost:9090/profile/upload/2022/08/09/汇成_20220809153158A001.jpg\">grererge<strong><em><u>rgergerger</u></em></strong></p>', '0', '2022-08-09 15:32:13');
INSERT INTO `flow_form` VALUES (1556906174845927428, 1556906173805740035, 1556891891139461122, 1556906174044815361, 1556906174191616002, 1556891731541999618, 1556898684800450565, 1, 'filed166002679487942', '20:58:55', '0', '2022-08-09 15:32:13');
INSERT INTO `flow_form` VALUES (1556906174845927429, 1556906173805740035, 1556891891139461122, 1556906174044815361, 1556906174191616002, 1556891731541999618, 1556898684800450566, 1, 'filed16600268112593', '2022-08-09', '0', '2022-08-09 15:32:13');
INSERT INTO `flow_form` VALUES (1556906174845927430, 1556906173805740035, 1556891891139461122, 1556906174044815361, 1556906174191616002, 1556891731541999618, 1556898684800450567, 1, 'filed16600268112594', '2022-08', '0', '2022-08-09 15:32:13');
INSERT INTO `flow_form` VALUES (1556906174845927431, 1556906173805740035, 1556891891139461122, 1556906174044815361, 1556906174191616002, 1556891731541999618, 1556898684800450568, 1, 'filed16600268112595', 'Invalid date', '0', '2022-08-09 15:32:13');
INSERT INTO `flow_form` VALUES (1556906174845927432, 1556906173805740035, 1556891891139461122, 1556906174044815361, 1556906174191616002, 1556891731541999618, 1556898684800450569, 1, 'filed16600268112596', 'Invalid date,2022-08-09', '0', '2022-08-09 15:32:13');
INSERT INTO `flow_form` VALUES (1556906174845927433, 1556906173805740035, 1556891891139461122, 1556906174044815361, 1556906174191616002, 1556891731541999618, 1556898684800450570, 1, 'filed166002686314262', '2', '0', '2022-08-09 15:32:13');
INSERT INTO `flow_form` VALUES (1556906174845927434, 1556906173805740035, 1556891891139461122, 1556906174044815361, 1556906174191616002, 1556891731541999618, 1556898684800450571, 1, 'filed166002704675947', '', '0', '2022-08-09 15:32:13');
INSERT INTO `flow_form` VALUES (1556907105390018562, 1556907104836370435, 1556891891139461122, 1556907105096417281, 1556907105213857794, 1556891731541999618, 1556898684800450562, 1, 'filed166002676479172', '1,2', '0', '2022-08-09 15:35:55');
INSERT INTO `flow_form` VALUES (1556907105390018563, 1556907104836370435, 1556891891139461122, 1556907105096417281, 1556907105213857794, 1556891731541999618, 1556898684800450563, 1, 'filed166002678215811', '2', '0', '2022-08-09 15:35:55');
INSERT INTO `flow_form` VALUES (1556907105390018564, 1556907104836370435, 1556891891139461122, 1556907105096417281, 1556907105213857794, 1556891731541999618, 1556898684800450564, 1, 'filed166002677919960', '', '0', '2022-08-09 15:35:55');
INSERT INTO `flow_form` VALUES (1556907105390018565, 1556907104836370435, 1556891891139461122, 1556907105096417281, 1556907105213857794, 1556891731541999618, 1556898684800450565, 1, 'filed166002679487942', '20:58:55', '0', '2022-08-09 15:35:55');
INSERT INTO `flow_form` VALUES (1556907105390018566, 1556907104836370435, 1556891891139461122, 1556907105096417281, 1556907105213857794, 1556891731541999618, 1556898684800450566, 1, 'filed16600268112593', 'Invalid date', '0', '2022-08-09 15:35:55');
INSERT INTO `flow_form` VALUES (1556907105390018567, 1556907104836370435, 1556891891139461122, 1556907105096417281, 1556907105213857794, 1556891731541999618, 1556898684800450567, 1, 'filed16600268112594', 'Invalid date', '0', '2022-08-09 15:35:55');
INSERT INTO `flow_form` VALUES (1556907105390018568, 1556907104836370435, 1556891891139461122, 1556907105096417281, 1556907105213857794, 1556891731541999618, 1556898684800450568, 1, 'filed16600268112595', 'Invalid date', '0', '2022-08-09 15:35:55');
INSERT INTO `flow_form` VALUES (1556907105390018569, 1556907104836370435, 1556891891139461122, 1556907105096417281, 1556907105213857794, 1556891731541999618, 1556898684800450569, 1, 'filed16600268112596', 'Invalid date,2022-08-09', '0', '2022-08-09 15:35:55');
INSERT INTO `flow_form` VALUES (1556907105390018570, 1556907104836370435, 1556891891139461122, 1556907105096417281, 1556907105213857794, 1556891731541999618, 1556898684800450570, 1, 'filed166002686314262', '2', '0', '2022-08-09 15:35:55');
INSERT INTO `flow_form` VALUES (1556907105390018571, 1556907104836370435, 1556891891139461122, 1556907105096417281, 1556907105213857794, 1556891731541999618, 1556898684800450571, 1, 'filed166002704675947', '', '0', '2022-08-09 15:35:55');
INSERT INTO `flow_form` VALUES (1556907105817837569, 1556907104836370435, 1556891891139461122, 1556907105096417281, 1556907105213857794, 1556891731541999618, 1556898684800450562, 1, 'filed166002676479172', '1,2', '0', '2022-08-09 15:35:55');
INSERT INTO `flow_form` VALUES (1556907105817837570, 1556907104836370435, 1556891891139461122, 1556907105096417281, 1556907105213857794, 1556891731541999618, 1556898684800450563, 1, 'filed166002678215811', '2', '0', '2022-08-09 15:35:55');
INSERT INTO `flow_form` VALUES (1556907105817837571, 1556907104836370435, 1556891891139461122, 1556907105096417281, 1556907105213857794, 1556891731541999618, 1556898684800450564, 1, 'filed166002677919960', '', '0', '2022-08-09 15:35:55');
INSERT INTO `flow_form` VALUES (1556907105817837572, 1556907104836370435, 1556891891139461122, 1556907105096417281, 1556907105213857794, 1556891731541999618, 1556898684800450565, 1, 'filed166002679487942', '20:58:55', '0', '2022-08-09 15:35:55');
INSERT INTO `flow_form` VALUES (1556907105817837573, 1556907104836370435, 1556891891139461122, 1556907105096417281, 1556907105213857794, 1556891731541999618, 1556898684800450566, 1, 'filed16600268112593', 'Invalid date', '0', '2022-08-09 15:35:55');
INSERT INTO `flow_form` VALUES (1556907105817837574, 1556907104836370435, 1556891891139461122, 1556907105096417281, 1556907105213857794, 1556891731541999618, 1556898684800450567, 1, 'filed16600268112594', 'Invalid date', '0', '2022-08-09 15:35:55');
INSERT INTO `flow_form` VALUES (1556907105817837575, 1556907104836370435, 1556891891139461122, 1556907105096417281, 1556907105213857794, 1556891731541999618, 1556898684800450568, 1, 'filed16600268112595', 'Invalid date', '0', '2022-08-09 15:35:55');
INSERT INTO `flow_form` VALUES (1556907105817837576, 1556907104836370435, 1556891891139461122, 1556907105096417281, 1556907105213857794, 1556891731541999618, 1556898684800450569, 1, 'filed16600268112596', 'Invalid date,2022-08-09', '0', '2022-08-09 15:35:55');
INSERT INTO `flow_form` VALUES (1556907105817837577, 1556907104836370435, 1556891891139461122, 1556907105096417281, 1556907105213857794, 1556891731541999618, 1556898684800450570, 1, 'filed166002686314262', '2', '0', '2022-08-09 15:35:55');
INSERT INTO `flow_form` VALUES (1556907105817837578, 1556907104836370435, 1556891891139461122, 1556907105096417281, 1556907105213857794, 1556891731541999618, 1556898684800450571, 1, 'filed166002704675947', '', '0', '2022-08-09 15:35:55');
INSERT INTO `flow_form` VALUES (1556907387259830274, 1556907386668433409, 1556891891139461122, 1556907386920091649, 1556907387075280898, 1556891731541999618, 1556898684800450562, 1, 'filed166002676479172', '1,2', '0', '2022-08-09 15:37:02');
INSERT INTO `flow_form` VALUES (1556907387259830275, 1556907386668433409, 1556891891139461122, 1556907386920091649, 1556907387075280898, 1556891731541999618, 1556898684800450563, 1, 'filed166002678215811', '2', '0', '2022-08-09 15:37:02');
INSERT INTO `flow_form` VALUES (1556907387259830276, 1556907386668433409, 1556891891139461122, 1556907386920091649, 1556907387075280898, 1556891731541999618, 1556898684800450564, 1, 'filed166002677919960', '', '0', '2022-08-09 15:37:02');
INSERT INTO `flow_form` VALUES (1556907387259830277, 1556907386668433409, 1556891891139461122, 1556907386920091649, 1556907387075280898, 1556891731541999618, 1556898684800450565, 1, 'filed166002679487942', '20:58:55', '0', '2022-08-09 15:37:02');
INSERT INTO `flow_form` VALUES (1556907387259830278, 1556907386668433409, 1556891891139461122, 1556907386920091649, 1556907387075280898, 1556891731541999618, 1556898684800450566, 1, 'filed16600268112593', NULL, '0', '2022-08-09 15:37:02');
INSERT INTO `flow_form` VALUES (1556907387259830279, 1556907386668433409, 1556891891139461122, 1556907386920091649, 1556907387075280898, 1556891731541999618, 1556898684800450567, 1, 'filed16600268112594', NULL, '0', '2022-08-09 15:37:02');
INSERT INTO `flow_form` VALUES (1556907387259830280, 1556907386668433409, 1556891891139461122, 1556907386920091649, 1556907387075280898, 1556891731541999618, 1556898684800450568, 1, 'filed16600268112595', 'Invalid date', '0', '2022-08-09 15:37:02');
INSERT INTO `flow_form` VALUES (1556907387259830281, 1556907386668433409, 1556891891139461122, 1556907386920091649, 1556907387075280898, 1556891731541999618, 1556898684800450569, 1, 'filed16600268112596', 'Invalid date,2022-08-09', '0', '2022-08-09 15:37:02');
INSERT INTO `flow_form` VALUES (1556907387259830282, 1556907386668433409, 1556891891139461122, 1556907386920091649, 1556907387075280898, 1556891731541999618, 1556898684800450570, 1, 'filed166002686314262', '2', '0', '2022-08-09 15:37:02');
INSERT INTO `flow_form` VALUES (1556907387259830283, 1556907386668433409, 1556891891139461122, 1556907386920091649, 1556907387075280898, 1556891731541999618, 1556898684800450571, 1, 'filed166002704675947', '', '0', '2022-08-09 15:37:02');
INSERT INTO `flow_form` VALUES (1556907387717009410, 1556907386668433409, 1556891891139461122, 1556907386920091649, 1556907387075280898, 1556891731541999618, 1556898684800450562, 1, 'filed166002676479172', '1,2', '0', '2022-08-09 15:37:02');
INSERT INTO `flow_form` VALUES (1556907387717009411, 1556907386668433409, 1556891891139461122, 1556907386920091649, 1556907387075280898, 1556891731541999618, 1556898684800450563, 1, 'filed166002678215811', '2', '0', '2022-08-09 15:37:02');
INSERT INTO `flow_form` VALUES (1556907387717009412, 1556907386668433409, 1556891891139461122, 1556907386920091649, 1556907387075280898, 1556891731541999618, 1556898684800450564, 1, 'filed166002677919960', '', '0', '2022-08-09 15:37:02');
INSERT INTO `flow_form` VALUES (1556907387717009413, 1556907386668433409, 1556891891139461122, 1556907386920091649, 1556907387075280898, 1556891731541999618, 1556898684800450565, 1, 'filed166002679487942', '20:58:55', '0', '2022-08-09 15:37:02');
INSERT INTO `flow_form` VALUES (1556907387717009414, 1556907386668433409, 1556891891139461122, 1556907386920091649, 1556907387075280898, 1556891731541999618, 1556898684800450566, 1, 'filed16600268112593', NULL, '0', '2022-08-09 15:37:02');
INSERT INTO `flow_form` VALUES (1556907387717009415, 1556907386668433409, 1556891891139461122, 1556907386920091649, 1556907387075280898, 1556891731541999618, 1556898684800450567, 1, 'filed16600268112594', NULL, '0', '2022-08-09 15:37:02');
INSERT INTO `flow_form` VALUES (1556907387717009416, 1556907386668433409, 1556891891139461122, 1556907386920091649, 1556907387075280898, 1556891731541999618, 1556898684800450568, 1, 'filed16600268112595', 'Invalid date', '0', '2022-08-09 15:37:02');
INSERT INTO `flow_form` VALUES (1556907387717009417, 1556907386668433409, 1556891891139461122, 1556907386920091649, 1556907387075280898, 1556891731541999618, 1556898684800450569, 1, 'filed16600268112596', 'Invalid date,2022-08-09', '0', '2022-08-09 15:37:02');
INSERT INTO `flow_form` VALUES (1556907387717009418, 1556907386668433409, 1556891891139461122, 1556907386920091649, 1556907387075280898, 1556891731541999618, 1556898684800450570, 1, 'filed166002686314262', '2', '0', '2022-08-09 15:37:02');
INSERT INTO `flow_form` VALUES (1556907387717009419, 1556907386668433409, 1556891891139461122, 1556907386920091649, 1556907387075280898, 1556891731541999618, 1556898684800450571, 1, 'filed166002704675947', '', '0', '2022-08-09 15:37:02');
INSERT INTO `flow_form` VALUES (1556909483715575809, 1556894097485971458, 1556891891139461123, 1556894098928812033, 1556894099037863938, 1556541018504802305, 1556541018676768770, 100, 'filed165994326660513', '', '0', '2022-08-09 15:45:22');
INSERT INTO `flow_form` VALUES (1556909483715575810, 1556894097485971458, 1556891891139461123, 1556894098928812033, 1556894099037863938, 1556541018504802305, 1556541018676768771, 100, 'filed165994326877027', '', '0', '2022-08-09 15:45:22');
INSERT INTO `flow_form` VALUES (1556909483715575811, 1556894097485971458, 1556891891139461123, 1556894098928812033, 1556894099037863938, 1556541018504802305, 1556541018676768772, 100, 'filed165994326910512', '', '0', '2022-08-09 15:45:22');
INSERT INTO `flow_form` VALUES (1556909483715575812, 1556894097485971458, 1556891891139461123, 1556894098928812033, 1556894099037863938, 1556541018504802305, 1556541018676768773, 100, 'filed165994327046596', '', '0', '2022-08-09 15:45:22');
INSERT INTO `flow_form` VALUES (1557259816773988354, 1557259816186785793, 1557256461473394690, 1557259816451026946, 1557259816568467457, 1557256216333103105, 1557259587593023490, 1, 'filed166011377680672', '[{}]', '0', '2022-08-10 14:57:27');
INSERT INTO `flow_form` VALUES (1557259818543984641, 1557259816186785793, 1557256461473394690, 1557259816451026946, 1557259816568467457, 1557256216333103105, 1557259587593023490, 1, 'filed166011377680672', '[{}]', '0', '2022-08-10 14:57:28');
INSERT INTO `flow_form` VALUES (1557259820150403073, 1557259819181518850, 1557256461473394690, 1557259819462537217, 1557259819974242306, 1557256216333103105, 1557259587593023490, 1, 'filed166011377680672', '[{}]', '0', '2022-08-10 14:57:28');
INSERT INTO `flow_form` VALUES (1557259820704051202, 1557259819181518850, 1557256461473394690, 1557259819462537217, 1557259819974242306, 1557256216333103105, 1557259587593023490, 1, 'filed166011377680672', '[{}]', '0', '2022-08-10 14:57:28');
INSERT INTO `flow_form` VALUES (1557265719740968961, 1557265719225069569, 1557256461473394690, 1557265719447367682, 1557265719560613890, 1557256216333103105, 1557261095977988098, 1, 'filed166011377680672', '[{\"filed166011378275438\":\"wefwefew\",\"filed166011378468653\":\"fewfwef\",\"filed166011378596296\":\"fwef\",\"filed166011378784424\":\"wefwefwe\"}]', '0', '2022-08-10 15:20:55');
INSERT INTO `flow_form` VALUES (1557265720206536705, 1557265719225069569, 1557256461473394690, 1557265719447367682, 1557265719560613890, 1557256216333103105, 1557261095977988098, 1, 'filed166011377680672', '[{\"filed166011378275438\":\"wefwefew\",\"filed166011378468653\":\"fewfwef\",\"filed166011378596296\":\"fwef\",\"filed166011378784424\":\"wefwefwe\"}]', '0', '2022-08-10 15:20:55');
INSERT INTO `flow_form` VALUES (1557270369881927682, 1557270369240199170, 1557256461473394690, 1557270369525411841, 1557270369672212481, 1557256216333103105, 1557261095977988098, 1, 'filed166011377680672', 'Invalid date', '0', '2022-08-10 15:39:24');
INSERT INTO `flow_form` VALUES (1557270370448158721, 1557270369240199170, 1557256461473394690, 1557270369525411841, 1557270369672212481, 1557256216333103105, 1557261095977988098, 1, 'filed166011377680672', 'Invalid date', '0', '2022-08-10 15:39:24');
INSERT INTO `flow_form` VALUES (1557270439062777858, 1557270438412660738, 1557256461473394690, 1557270438697873409, 1557270438853062657, 1557256216333103105, 1557261095977988098, 1, 'filed166011377680672', 'Invalid date', '0', '2022-08-10 15:39:40');
INSERT INTO `flow_form` VALUES (1557270439587065857, 1557270438412660738, 1557256461473394690, 1557270438697873409, 1557270438853062657, 1557256216333103105, 1557261095977988098, 1, 'filed166011377680672', 'Invalid date', '0', '2022-08-10 15:39:40');
INSERT INTO `flow_form` VALUES (1557270494205292546, 1557270493571952642, 1557256461473394690, 1557270493848776705, 1557270493987188738, 1557256216333103105, 1557261095977988098, 1, 'filed166011377680672', 'Invalid date', '0', '2022-08-10 15:39:53');
INSERT INTO `flow_form` VALUES (1557270494712803329, 1557270493571952642, 1557256461473394690, 1557270493848776705, 1557270493987188738, 1557256216333103105, 1557261095977988098, 1, 'filed166011377680672', 'Invalid date', '0', '2022-08-10 15:39:53');
INSERT INTO `flow_form` VALUES (1557270650933850113, 1557270650292121603, 1557256461473394690, 1557270650573139970, 1557270650711552001, 1557256216333103105, 1557261095977988098, 1, 'filed166011377680672', 'Invalid date', '0', '2022-08-10 15:40:31');
INSERT INTO `flow_form` VALUES (1557270651453943809, 1557270650292121603, 1557256461473394690, 1557270650573139970, 1557270650711552001, 1557256216333103105, 1557261095977988098, 1, 'filed166011377680672', 'Invalid date', '0', '2022-08-10 15:40:31');
INSERT INTO `flow_form` VALUES (1557270768177229825, 1557270767493558274, 1557256461473394690, 1557270767791353858, 1557270767938154498, 1557256216333103105, 1557261095977988098, 1, 'filed166011377680672', 'Invalid date', '0', '2022-08-10 15:40:58');
INSERT INTO `flow_form` VALUES (1557270768676352001, 1557270767493558274, 1557256461473394690, 1557270767791353858, 1557270767938154498, 1557256216333103105, 1557261095977988098, 1, 'filed166011377680672', 'Invalid date', '0', '2022-08-10 15:40:59');
INSERT INTO `flow_form` VALUES (1557272888989298690, 1557272888427261954, 1557256461473394690, 1557272888674725890, 1557272888796360706, 1557256216333103105, 1557272853476126723, 1, 'filed166011377680672', '[{\"filed166011378275438\":\"wefwefew\",\"filed166011378468653\":\"fewfwef\",\"filed166011378596296\":\"fwef\",\"filed166011378784424\":\"wefwefwe\",\"filed166011771923579\":\"\"}]', '0', '2022-08-10 15:49:24');
INSERT INTO `flow_form` VALUES (1557272889433894913, 1557272888427261954, 1557256461473394690, 1557272888674725890, 1557272888796360706, 1557256216333103105, 1557272853476126723, 1, 'filed166011377680672', '[{\"filed166011378275438\":\"wefwefew\",\"filed166011378468653\":\"fewfwef\",\"filed166011378596296\":\"fwef\",\"filed166011378784424\":\"wefwefwe\",\"filed166011771923579\":\"\"}]', '0', '2022-08-10 15:49:24');
INSERT INTO `flow_form` VALUES (1557272930785538050, 1557272930252861443, 1557256461473394690, 1557272930483548161, 1557272930605182978, 1557256216333103105, 1557272853476126723, 1, 'filed166011377680672', '[{\"filed166011378275438\":\"wefwefew\",\"filed166011378468653\":\"fewfwef\",\"filed166011378596296\":\"fwef\",\"filed166011378784424\":\"wefwefwe\",\"filed166011771923579\":\"1,2\"}]', '0', '2022-08-10 15:49:34');
INSERT INTO `flow_form` VALUES (1557272931225939969, 1557272930252861443, 1557256461473394690, 1557272930483548161, 1557272930605182978, 1557256216333103105, 1557272853476126723, 1, 'filed166011377680672', '[{\"filed166011378275438\":\"wefwefew\",\"filed166011378468653\":\"fewfwef\",\"filed166011378596296\":\"fwef\",\"filed166011378784424\":\"wefwefwe\",\"filed166011771923579\":\"1,2\"}]', '0', '2022-08-10 15:49:34');
INSERT INTO `flow_form` VALUES (1557273260793376769, 1557273260214562818, 1557256461473394690, 1557273260457832449, 1557273260583661570, 1557256216333103105, 1557272853476126723, 1, 'filed166011377680672', '[{\"filed166011378275438\":\"3232323233\",\"filed166011378468653\":\"fvvwer\",\"filed166011378596296\":\"fwef\",\"filed166011378784424\":\"fweweq\",\"filed166011771923579\":\"2,3\"}]', '0', '2022-08-10 15:50:53');
INSERT INTO `flow_form` VALUES (1557273261258944514, 1557273260214562818, 1557256461473394690, 1557273260457832449, 1557273260583661570, 1557256216333103105, 1557272853476126723, 1, 'filed166011377680672', '[{\"filed166011378275438\":\"3232323233\",\"filed166011378468653\":\"fvvwer\",\"filed166011378596296\":\"fwef\",\"filed166011378784424\":\"fweweq\",\"filed166011771923579\":\"2,3\"}]', '0', '2022-08-10 15:50:53');
INSERT INTO `flow_form` VALUES (1559013251370246146, 1559013170860580866, 1557256461473394690, 1559013171582001154, 1559013171837853697, 1557256216333103105, 1557272853476126723, 1, 'filed166011377680672', '[{\"filed166011378275438\":\"wefwefew\",\"filed166011378468653\":\"fewfwef\",\"filed166011378596296\":\"fwef\",\"filed166011378784424\":\"wefwefwe\",\"filed166011771923579\":\"2\"}]', '0', '2022-08-15 11:04:59');
INSERT INTO `flow_form` VALUES (1559013353228918785, 1559013352708825089, 1557256461473394690, 1559013352901763074, 1559013353035980801, 1557256216333103105, 1557272853476126723, 1, 'filed166011377680672', '[{\"filed166011771923579\":\"1,2\",\"filed166011378784424\":\"发过4 \",\"filed166011378468653\":\"feww\",\"filed166011378275438\":\"菲儿我问废物费问\"}]', '0', '2022-08-15 11:05:23');
INSERT INTO `flow_form` VALUES (1559013353627377665, 1559013352708825089, 1557256461473394690, 1559013352901763074, 1559013353035980801, 1557256216333103105, 1557272853476126723, 1, 'filed166011377680672', '[{\"filed166011771923579\":\"1,2\",\"filed166011378784424\":\"发过4 \",\"filed166011378468653\":\"feww\",\"filed166011378275438\":\"菲儿我问废物费问\"}]', '0', '2022-08-15 11:05:23');
INSERT INTO `flow_form` VALUES (1561548093567107073, 1561548093193814018, 1556891891139461122, 1561548093328031746, 1561548093445472258, 1556891731541999618, 1556898684800450562, 1, 'filed166002676479172', '1,2', '0', '2022-08-22 10:57:32');
INSERT INTO `flow_form` VALUES (1561548093567107074, 1561548093193814018, 1556891891139461122, 1561548093328031746, 1561548093445472258, 1556891731541999618, 1556898684800450563, 1, 'filed166002678215811', '2', '0', '2022-08-22 10:57:32');
INSERT INTO `flow_form` VALUES (1561548093567107075, 1561548093193814018, 1556891891139461122, 1561548093328031746, 1561548093445472258, 1556891731541999618, 1556898684800450564, 1, 'filed166002677919960', '', '0', '2022-08-22 10:57:32');
INSERT INTO `flow_form` VALUES (1561548093567107076, 1561548093193814018, 1556891891139461122, 1561548093328031746, 1561548093445472258, 1556891731541999618, 1556898684800450565, 1, 'filed166002679487942', '20:58:55', '0', '2022-08-22 10:57:32');
INSERT INTO `flow_form` VALUES (1561548093567107077, 1561548093193814018, 1556891891139461122, 1561548093328031746, 1561548093445472258, 1556891731541999618, 1556898684800450566, 1, 'filed16600268112593', NULL, '0', '2022-08-22 10:57:32');
INSERT INTO `flow_form` VALUES (1561548093567107078, 1561548093193814018, 1556891891139461122, 1561548093328031746, 1561548093445472258, 1556891731541999618, 1556898684800450567, 1, 'filed16600268112594', NULL, '0', '2022-08-22 10:57:32');
INSERT INTO `flow_form` VALUES (1561548093567107079, 1561548093193814018, 1556891891139461122, 1561548093328031746, 1561548093445472258, 1556891731541999618, 1556898684800450568, 1, 'filed16600268112595', 'Invalid date', '0', '2022-08-22 10:57:32');
INSERT INTO `flow_form` VALUES (1561548093567107080, 1561548093193814018, 1556891891139461122, 1561548093328031746, 1561548093445472258, 1556891731541999618, 1556898684800450569, 1, 'filed16600268112596', 'Invalid date,2022-08-22', '0', '2022-08-22 10:57:32');
INSERT INTO `flow_form` VALUES (1561548093567107081, 1561548093193814018, 1556891891139461122, 1561548093328031746, 1561548093445472258, 1556891731541999618, 1556898684800450570, 1, 'filed166002686314262', '2', '0', '2022-08-22 10:57:32');
INSERT INTO `flow_form` VALUES (1561548093567107082, 1561548093193814018, 1556891891139461122, 1561548093328031746, 1561548093445472258, 1556891731541999618, 1556898684800450571, 1, 'filed166002704675947', '', '0', '2022-08-22 10:57:32');
INSERT INTO `flow_form` VALUES (1561548094007508994, 1561548093193814018, 1556891891139461122, 1561548093328031746, 1561548093445472258, 1556891731541999618, 1556898684800450562, 1, 'filed166002676479172', '1,2', '0', '2022-08-22 10:57:32');
INSERT INTO `flow_form` VALUES (1561548094007508995, 1561548093193814018, 1556891891139461122, 1561548093328031746, 1561548093445472258, 1556891731541999618, 1556898684800450563, 1, 'filed166002678215811', '2', '0', '2022-08-22 10:57:32');
INSERT INTO `flow_form` VALUES (1561548094007508996, 1561548093193814018, 1556891891139461122, 1561548093328031746, 1561548093445472258, 1556891731541999618, 1556898684800450564, 1, 'filed166002677919960', '', '0', '2022-08-22 10:57:32');
INSERT INTO `flow_form` VALUES (1561548094007508997, 1561548093193814018, 1556891891139461122, 1561548093328031746, 1561548093445472258, 1556891731541999618, 1556898684800450565, 1, 'filed166002679487942', '20:58:55', '0', '2022-08-22 10:57:32');
INSERT INTO `flow_form` VALUES (1561548094007508998, 1561548093193814018, 1556891891139461122, 1561548093328031746, 1561548093445472258, 1556891731541999618, 1556898684800450566, 1, 'filed16600268112593', NULL, '0', '2022-08-22 10:57:32');
INSERT INTO `flow_form` VALUES (1561548094007508999, 1561548093193814018, 1556891891139461122, 1561548093328031746, 1561548093445472258, 1556891731541999618, 1556898684800450567, 1, 'filed16600268112594', NULL, '0', '2022-08-22 10:57:32');
INSERT INTO `flow_form` VALUES (1561548094007509000, 1561548093193814018, 1556891891139461122, 1561548093328031746, 1561548093445472258, 1556891731541999618, 1556898684800450568, 1, 'filed16600268112595', 'Invalid date', '0', '2022-08-22 10:57:32');
INSERT INTO `flow_form` VALUES (1561548094007509001, 1561548093193814018, 1556891891139461122, 1561548093328031746, 1561548093445472258, 1556891731541999618, 1556898684800450569, 1, 'filed16600268112596', 'Invalid date,2022-08-22', '0', '2022-08-22 10:57:32');
INSERT INTO `flow_form` VALUES (1561548094007509002, 1561548093193814018, 1556891891139461122, 1561548093328031746, 1561548093445472258, 1556891731541999618, 1556898684800450570, 1, 'filed166002686314262', '2', '0', '2022-08-22 10:57:32');
INSERT INTO `flow_form` VALUES (1561548094007509003, 1561548093193814018, 1556891891139461122, 1561548093328031746, 1561548093445472258, 1556891731541999618, 1556898684800450571, 1, 'filed166002704675947', '', '0', '2022-08-22 10:57:32');

-- ----------------------------
-- Table structure for flow_nodes
-- ----------------------------
DROP TABLE IF EXISTS `flow_nodes`;
CREATE TABLE `flow_nodes`  (
  `id` bigint(0) NOT NULL AUTO_INCREMENT COMMENT 'id',
  `order_id` bigint(0) NULL DEFAULT NULL COMMENT '流程主表id',
  `flow_module_id` bigint(0) NULL DEFAULT NULL COMMENT '模板id',
  `last_node_id` bigint(0) NULL DEFAULT NULL COMMENT '上一节点id',
  `business_key` varchar(50) CHARACTER SET utf8 COLLATE utf8_general_ci NULL DEFAULT NULL COMMENT '业务key',
  `business_id` bigint(0) NULL DEFAULT NULL COMMENT '业务id',
  `node_res` varchar(255) CHARACTER SET utf8 COLLATE utf8_general_ci NULL DEFAULT NULL COMMENT '审核结果',
  `node_status` varchar(10) CHARACTER SET utf8 COLLATE utf8_general_ci NULL DEFAULT NULL COMMENT '节点状态',
  `apply_sort` int(0) NULL DEFAULT NULL COMMENT '流程节点顺序',
  `del_flag` char(1) CHARACTER SET utf8 COLLATE utf8_general_ci NULL DEFAULT '0' COMMENT '删除标志（0代表存在1代表删除）',
  `create_time` datetime(0) NULL DEFAULT NULL COMMENT '创建时间',
  `update_time` datetime(0) NULL DEFAULT NULL COMMENT '更新时间',
  PRIMARY KEY (`id`) USING BTREE,
  INDEX `flow_id`(`flow_module_id`) USING BTREE,
  INDEX `main_id`(`business_id`) USING BTREE,
  INDEX `bus`(`business_key`) USING BTREE,
  INDEX `main_id_2`(`business_id`, `business_key`) USING BTREE,
  INDEX `main_id_3`(`business_id`, `del_flag`, `business_key`) USING BTREE
) ENGINE = InnoDB AUTO_INCREMENT = 1559013354088751107 CHARACTER SET = utf8 COLLATE = utf8_general_ci COMMENT = '流程业务节点表' ROW_FORMAT = Dynamic;

-- ----------------------------
-- Records of flow_nodes
-- ----------------------------
INSERT INTO `flow_nodes` VALUES (1552558090095554562, 1552558089797758979, 1552557560086523906, NULL, '333', 444, NULL, 'pass', 1, '0', '2022-07-28 15:34:28', '2022-07-28 15:34:29');
INSERT INTO `flow_nodes` VALUES (1552558091169296386, 1552558089797758979, 1552557560086523907, NULL, '333', 444, NULL, 'done', 2, '0', '2022-07-28 15:34:29', '2022-07-28 15:43:56');
INSERT INTO `flow_nodes` VALUES (1552560471017336833, 1552558089797758979, 1552557560086523906, NULL, '333', 444, NULL, 'pass', 1, '0', '2022-07-28 15:43:56', '2022-07-28 15:43:58');
INSERT INTO `flow_nodes` VALUES (1552560478256705538, 1552558089797758979, 1552557560086523907, NULL, '333', 444, NULL, 'pass', 2, '0', '2022-07-28 15:43:58', '2022-07-28 15:44:04');
INSERT INTO `flow_nodes` VALUES (1552560505599373314, 1552558089797758979, 1552557560094912517, NULL, '333', 444, NULL, 'pass', 3, '0', '2022-07-28 15:44:04', '2022-07-28 15:54:22');
INSERT INTO `flow_nodes` VALUES (1552563094948675585, 1552558089797758979, 1552557560094912515, NULL, '333', 444, NULL, 'pass', 4, '0', '2022-07-28 15:54:22', '2022-07-28 15:57:30');
INSERT INTO `flow_nodes` VALUES (1552563884107096066, 1552558089797758979, 1552557560094912516, NULL, '333', 444, NULL, 'done', 5, '0', '2022-07-28 15:57:30', '2022-07-28 15:57:21');
INSERT INTO `flow_nodes` VALUES (1552579931921043457, 1552579931669385218, 1552576772058238978, NULL, '342323', 444, NULL, 'pass', 1, '0', '2022-07-28 17:01:16', '2022-07-28 17:01:16');
INSERT INTO `flow_nodes` VALUES (1552579933129003010, 1552579931669385218, 1552576772066627585, NULL, '342323', 444, NULL, 'done', 2, '0', '2022-07-28 17:01:16', '2022-07-28 17:11:35');
INSERT INTO `flow_nodes` VALUES (1552580013647056898, 1552579931669385218, 1552576772058238978, NULL, '342323', 444, NULL, 'pass', 1, '0', '2022-07-28 17:01:35', '2022-07-28 17:01:36');
INSERT INTO `flow_nodes` VALUES (1552580014553026562, 1552579931669385218, 1552576772066627585, NULL, '342323', 444, NULL, 'done', 2, '0', '2022-07-28 17:01:36', '2022-07-28 17:11:35');
INSERT INTO `flow_nodes` VALUES (1552580288583565314, 1552579931669385218, 1552576772058238978, NULL, '342323', 444, NULL, 'pass', 1, '0', '2022-07-28 17:02:41', '2022-07-28 17:02:41');
INSERT INTO `flow_nodes` VALUES (1552580290043183105, 1552579931669385218, 1552576772066627585, NULL, '342323', 444, NULL, 'done', 2, '0', '2022-07-28 17:02:41', '2022-07-28 17:11:35');
INSERT INTO `flow_nodes` VALUES (1552582035662249985, 1552579931669385218, 1552576772058238978, NULL, '342323', 444, NULL, 'pass', 1, '0', '2022-07-28 17:09:38', '2022-07-28 17:09:40');
INSERT INTO `flow_nodes` VALUES (1552582044499648513, 1552579931669385218, 1552576772066627585, NULL, '342323', 444, NULL, 'pass', 2, '0', '2022-07-28 17:09:40', '2022-07-28 17:11:44');
INSERT INTO `flow_nodes` VALUES (1552582566652747777, 1552579931669385218, 1552576772066627586, NULL, '342323', 444, NULL, 'pass', 3, '0', '2022-07-28 17:11:44', '2022-07-28 17:11:47');
INSERT INTO `flow_nodes` VALUES (1552582581035016194, 1552579931669385218, 1552576772066627587, NULL, '342323', 444, NULL, 'pass', 4, '0', '2022-07-28 17:11:48', '2022-07-28 17:16:50');
INSERT INTO `flow_nodes` VALUES (1552583848734040065, 1552579931669385218, 1552576772066627588, NULL, '342323', 444, NULL, 'done', 5, '0', '2022-07-28 17:16:50', '2022-07-28 17:16:41');
INSERT INTO `flow_nodes` VALUES (1556567082085990401, 1556567081016442882, 1556547729173057538, NULL, 'ceshi', 1659949483565, NULL, 'waiting', 1, '0', '2022-08-08 17:04:47', NULL);
INSERT INTO `flow_nodes` VALUES (1556567183797862401, 1556567183504261122, 1556547729173057538, NULL, 'ceshi', 1659949508987, NULL, 'done', 1, '0', '2022-08-08 17:05:11', '2022-08-09 11:01:35');
INSERT INTO `flow_nodes` VALUES (1556567483778711554, 1556567482826604545, 1556547729173057538, NULL, 'ceshi', 1659949579992, NULL, 'done', 1, '0', '2022-08-08 17:06:22', '2022-08-09 10:58:59');
INSERT INTO `flow_nodes` VALUES (1556567749911379970, 1556567748971855874, 1556547729173057538, NULL, 'ceshi', 1659949642688, NULL, 'done', 1, '0', '2022-08-08 17:07:26', '2022-08-08 17:07:28');
INSERT INTO `flow_nodes` VALUES (1556567760384557057, 1556567748971855874, 1556547729173057539, NULL, 'ceshi', 1659949642688, NULL, 'done', 2, '0', '2022-08-08 17:07:28', '2022-08-08 17:07:28');
INSERT INTO `flow_nodes` VALUES (1556567761219223553, 1556567748971855874, 1556547729173057540, NULL, 'ceshi', 1659949642688, NULL, 'done', 3, '0', '2022-08-08 17:07:29', '2022-08-09 10:23:50');
INSERT INTO `flow_nodes` VALUES (1556828579244662785, 1556567748971855874, 1556547729185640450, NULL, 'ceshi', 1659949642688, NULL, 'done', 4, '0', '2022-08-09 10:23:52', '2022-08-09 10:25:24');
INSERT INTO `flow_nodes` VALUES (1556828970489339905, 1556567748971855874, 1556547729185640452, NULL, 'ceshi', 1659949642688, NULL, 'done', 5, '0', '2022-08-09 10:25:26', '2022-08-09 10:25:24');
INSERT INTO `flow_nodes` VALUES (1556828971072348162, 1556567748971855874, 1556547729185640453, NULL, 'ceshi', 1659949642688, NULL, 'done', 6, '0', '2022-08-09 10:25:26', '2022-08-09 10:25:24');
INSERT INTO `flow_nodes` VALUES (1556829267626418178, 1556829267269902337, 1556547729173057538, NULL, 'ceshi', 1660011996385, NULL, 'done', 1, '0', '2022-08-09 10:26:37', '2022-08-09 10:26:35');
INSERT INTO `flow_nodes` VALUES (1556829268754685954, 1556829267269902337, 1556547729173057539, NULL, 'ceshi', 1660011996385, NULL, 'done', 2, '0', '2022-08-09 10:26:37', '2022-08-09 10:26:35');
INSERT INTO `flow_nodes` VALUES (1556829269413191681, 1556829267269902337, 1556547729173057540, NULL, 'ceshi', 1660011996385, NULL, 'done', 3, '0', '2022-08-09 10:26:37', '2022-08-09 10:26:46');
INSERT INTO `flow_nodes` VALUES (1556829316070629378, 1556829267269902337, 1556547729185640451, NULL, 'ceshi', 1660011996385, NULL, 'waiting', 4, '0', '2022-08-09 10:26:48', NULL);
INSERT INTO `flow_nodes` VALUES (1556837422695571457, 1556567482826604545, 1556547729173057539, NULL, 'ceshi', 1659949579992, NULL, 'done', 2, '0', '2022-08-09 10:59:01', '2022-08-09 10:58:59');
INSERT INTO `flow_nodes` VALUES (1556837423408603138, 1556567482826604545, 1556547729173057540, NULL, 'ceshi', 1659949579992, NULL, 'waiting', 3, '0', '2022-08-09 10:59:01', NULL);
INSERT INTO `flow_nodes` VALUES (1556838079997472769, 1556567183504261122, 1556547729173057539, NULL, 'ceshi', 1659949508987, NULL, 'done', 2, '0', '2022-08-09 11:01:38', '2022-08-09 11:01:36');
INSERT INTO `flow_nodes` VALUES (1556838080681144322, 1556567183504261122, 1556547729173057540, NULL, 'ceshi', 1659949508987, NULL, 'waiting', 3, '0', '2022-08-09 11:01:38', NULL);
INSERT INTO `flow_nodes` VALUES (1556891989177122817, 1556891988887715842, 1556891891139461122, NULL, 'ceshi', 1660026950357, NULL, 'done', 1, '0', '2022-08-09 14:35:51', '2022-08-09 14:35:49');
INSERT INTO `flow_nodes` VALUES (1556891990569631745, 1556891988887715842, 1556891891139461123, NULL, 'ceshi', 1660026950357, NULL, 'waiting', 2, '0', '2022-08-09 14:35:51', NULL);
INSERT INTO `flow_nodes` VALUES (1556893363101089794, 1556893362857820163, 1556891891139461122, NULL, 'ceshi', 1660027277978, NULL, 'done', 1, '0', '2022-08-09 14:41:18', '2022-08-09 14:41:16');
INSERT INTO `flow_nodes` VALUES (1556893364279689218, 1556893362857820163, 1556891891139461123, NULL, 'ceshi', 1660027277978, NULL, 'waiting', 2, '0', '2022-08-09 14:41:18', NULL);
INSERT INTO `flow_nodes` VALUES (1556893637555372034, 1556893637316296705, 1556891891139461122, NULL, 'ceshi', 1660027343243, NULL, 'done', 1, '0', '2022-08-09 14:42:24', '2022-08-09 14:42:22');
INSERT INTO `flow_nodes` VALUES (1556893638830440450, 1556893637316296705, 1556891891139461123, NULL, 'ceshi', 1660027343243, NULL, 'waiting', 2, '0', '2022-08-09 14:42:24', NULL);
INSERT INTO `flow_nodes` VALUES (1556893926865879042, 1556893926614220802, 1556891891139461122, NULL, 'ceshi', 1660027412325, NULL, 'done', 1, '0', '2022-08-09 14:43:33', '2022-08-09 14:43:31');
INSERT INTO `flow_nodes` VALUES (1556893928140947458, 1556893926614220802, 1556891891139461123, NULL, 'ceshi', 1660027412325, NULL, 'waiting', 2, '0', '2022-08-09 14:43:33', NULL);
INSERT INTO `flow_nodes` VALUES (1556894080079609858, 1556894079823757315, 1556891891139461122, NULL, 'ceshi', 1660027448922, NULL, 'done', 1, '0', '2022-08-09 14:44:09', '2022-08-09 14:44:07');
INSERT INTO `flow_nodes` VALUES (1556894081472118786, 1556894079823757315, 1556891891139461123, NULL, 'ceshi', 1660027448922, NULL, 'waiting', 2, '0', '2022-08-09 14:44:09', NULL);
INSERT INTO `flow_nodes` VALUES (1556894090519232514, 1556894090288545793, 1556891891139461122, NULL, 'ceshi', 1660027451423, NULL, 'done', 1, '0', '2022-08-09 14:44:12', '2022-08-09 14:44:10');
INSERT INTO `flow_nodes` VALUES (1556894091681054721, 1556894090288545793, 1556891891139461123, NULL, 'ceshi', 1660027451423, NULL, 'waiting', 2, '0', '2022-08-09 14:44:12', NULL);
INSERT INTO `flow_nodes` VALUES (1556894097716658178, 1556894097485971458, 1556891891139461122, NULL, 'ceshi', 1660027453140, NULL, 'done', 1, '0', '2022-08-09 14:44:13', '2022-08-09 14:44:11');
INSERT INTO `flow_nodes` VALUES (1556894098928812033, 1556894097485971458, 1556891891139461123, NULL, 'ceshi', 1660027453140, NULL, 'done', 2, '0', '2022-08-09 14:44:14', '2022-08-09 15:45:19');
INSERT INTO `flow_nodes` VALUES (1556894487124230146, 1556894486876766211, 1556891891139461122, NULL, 'ceshi', 1660027545805, NULL, 'done', 1, '0', '2022-08-09 14:45:46', '2022-08-09 14:45:44');
INSERT INTO `flow_nodes` VALUES (1556894488533516289, 1556894486876766211, 1556891891139461123, NULL, 'ceshi', 1660027545805, NULL, 'waiting', 2, '0', '2022-08-09 14:45:46', NULL);
INSERT INTO `flow_nodes` VALUES (1556895011638722562, 1556895011370287106, 1556891891139461122, NULL, 'ceshi', 1660027670948, NULL, 'done', 1, '0', '2022-08-09 14:47:51', '2022-08-09 14:47:49');
INSERT INTO `flow_nodes` VALUES (1556895013048008706, 1556895011370287106, 1556891891139461123, NULL, 'ceshi', 1660027670948, NULL, 'waiting', 2, '0', '2022-08-09 14:47:51', NULL);
INSERT INTO `flow_nodes` VALUES (1556896169845440513, 1556896169606365187, 1556891891139461122, NULL, 'ceshi', 1660027946909, NULL, 'done', 1, '0', '2022-08-09 14:52:27', '2022-08-09 14:52:25');
INSERT INTO `flow_nodes` VALUES (1556896171208589313, 1556896169606365187, 1556891891139461123, NULL, 'ceshi', 1660027946909, NULL, 'waiting', 2, '0', '2022-08-09 14:52:28', NULL);
INSERT INTO `flow_nodes` VALUES (1556898106896662530, 1556898106674364419, 1556891891139461122, NULL, 'ceshi', 1660028408962, NULL, 'done', 1, '0', '2022-08-09 15:00:09', '2022-08-09 15:00:07');
INSERT INTO `flow_nodes` VALUES (1556898108108816386, 1556898106674364419, 1556891891139461123, NULL, 'ceshi', 1660028408962, NULL, 'waiting', 2, '0', '2022-08-09 15:00:09', NULL);
INSERT INTO `flow_nodes` VALUES (1556898776915755010, 1556898776668291074, 1556891891139461122, NULL, 'ceshi', 1660028568741, NULL, 'done', 1, '0', '2022-08-09 15:02:49', '2022-08-09 15:02:47');
INSERT INTO `flow_nodes` VALUES (1556898778174046209, 1556898776668291074, 1556891891139461123, NULL, 'ceshi', 1660028568741, NULL, 'waiting', 2, '0', '2022-08-09 15:02:49', NULL);
INSERT INTO `flow_nodes` VALUES (1556906174044815361, 1556906173805740035, 1556891891139461122, NULL, 'ceshi', 1660030332291, NULL, 'done', 1, '0', '2022-08-09 15:32:12', '2022-08-09 15:32:11');
INSERT INTO `flow_nodes` VALUES (1556906175366021121, 1556906173805740035, 1556891891139461123, NULL, 'ceshi', 1660030332291, NULL, 'waiting', 2, '0', '2022-08-09 15:32:13', NULL);
INSERT INTO `flow_nodes` VALUES (1556907105096417281, 1556907104836370435, 1556891891139461122, NULL, 'ceshi', 1660030554280, NULL, 'done', 1, '0', '2022-08-09 15:35:54', '2022-08-09 15:35:52');
INSERT INTO `flow_nodes` VALUES (1556907106258239490, 1556907104836370435, 1556891891139461123, NULL, 'ceshi', 1660030554280, NULL, 'waiting', 2, '0', '2022-08-09 15:35:55', NULL);
INSERT INTO `flow_nodes` VALUES (1556907386920091649, 1556907386668433409, 1556891891139461122, NULL, 'ceshi', 1660030621516, NULL, 'done', 1, '0', '2022-08-09 15:37:02', '2022-08-09 15:37:00');
INSERT INTO `flow_nodes` VALUES (1556907388199354370, 1556907386668433409, 1556891891139461123, NULL, 'ceshi', 1660030621516, NULL, 'waiting', 2, '0', '2022-08-09 15:37:02', NULL);
INSERT INTO `flow_nodes` VALUES (1556909484197920770, 1556894097485971458, 1556891891139461124, NULL, 'ceshi', 1660027453140, NULL, 'done', 3, '0', '2022-08-09 15:45:22', '2022-08-09 15:45:19');
INSERT INTO `flow_nodes` VALUES (1557259816451026946, 1557259816186785793, 1557256461473394690, NULL, 'ceshi', 1660114647235, NULL, 'done', 1, '0', '2022-08-10 14:57:27', '2022-08-10 14:57:25');
INSERT INTO `flow_nodes` VALUES (1557259819424788482, 1557259816186785793, 1557256461481783298, NULL, 'ceshi', 1660114647235, NULL, 'waiting', 2, '0', '2022-08-10 14:57:28', NULL);
INSERT INTO `flow_nodes` VALUES (1557259819462537217, 1557259819181518850, 1557256461473394690, NULL, 'ceshi', 1660114647767, NULL, 'done', 1, '0', '2022-08-10 14:57:28', '2022-08-10 14:57:26');
INSERT INTO `flow_nodes` VALUES (1557259821773598721, 1557259819181518850, 1557256461481783298, NULL, 'ceshi', 1660114647767, NULL, 'waiting', 2, '0', '2022-08-10 14:57:29', NULL);
INSERT INTO `flow_nodes` VALUES (1557265719447367682, 1557265719225069569, 1557256461473394690, NULL, 'ceshi', 1660116054507, NULL, 'done', 1, '0', '2022-08-10 15:20:55', '2022-08-10 15:20:52');
INSERT INTO `flow_nodes` VALUES (1557265720667910146, 1557265719225069569, 1557256461481783298, NULL, 'ceshi', 1660116054507, NULL, 'waiting', 2, '0', '2022-08-10 15:20:55', NULL);
INSERT INTO `flow_nodes` VALUES (1557270369525411841, 1557270369240199170, 1557256461473394690, NULL, 'ceshi', 1660117163127, NULL, 'done', 1, '0', '2022-08-10 15:39:23', '2022-08-10 15:39:21');
INSERT INTO `flow_nodes` VALUES (1557270371006001154, 1557270369240199170, 1557256461481783298, NULL, 'ceshi', 1660117163127, NULL, 'waiting', 2, '0', '2022-08-10 15:39:24', NULL);
INSERT INTO `flow_nodes` VALUES (1557270438697873409, 1557270438412660738, 1557256461473394690, NULL, 'ceshi', 1660117179476, NULL, 'done', 1, '0', '2022-08-10 15:39:40', '2022-08-10 15:39:37');
INSERT INTO `flow_nodes` VALUES (1557270440128131074, 1557270438412660738, 1557256461481783298, NULL, 'ceshi', 1660117179476, NULL, 'waiting', 2, '0', '2022-08-10 15:39:40', NULL);
INSERT INTO `flow_nodes` VALUES (1557270493848776705, 1557270493571952642, 1557256461473394690, NULL, 'ceshi', 1660117192950, NULL, 'done', 1, '0', '2022-08-10 15:39:53', '2022-08-10 15:39:51');
INSERT INTO `flow_nodes` VALUES (1557270495262257153, 1557270493571952642, 1557256461481783298, NULL, 'ceshi', 1660117192950, NULL, 'waiting', 2, '0', '2022-08-10 15:39:53', NULL);
INSERT INTO `flow_nodes` VALUES (1557270650573139970, 1557270650292121603, 1557256461473394690, NULL, 'ceshi', 1660117230295, NULL, 'done', 1, '0', '2022-08-10 15:40:30', '2022-08-10 15:40:28');
INSERT INTO `flow_nodes` VALUES (1557270652020174849, 1557270650292121603, 1557256461481783298, NULL, 'ceshi', 1660117230295, NULL, 'waiting', 2, '0', '2022-08-10 15:40:31', NULL);
INSERT INTO `flow_nodes` VALUES (1557270767791353858, 1557270767493558274, 1557256461473394690, NULL, 'ceshi', 1660117258254, NULL, 'done', 1, '0', '2022-08-10 15:40:58', '2022-08-10 15:40:56');
INSERT INTO `flow_nodes` VALUES (1557270769230000129, 1557270767493558274, 1557256461481783298, NULL, 'ceshi', 1660117258254, NULL, 'waiting', 2, '0', '2022-08-10 15:40:59', NULL);
INSERT INTO `flow_nodes` VALUES (1557272888674725890, 1557272888427261954, 1557256461473394690, NULL, 'ceshi', 1660117763918, NULL, 'done', 1, '0', '2022-08-10 15:49:24', '2022-08-10 15:49:21');
INSERT INTO `flow_nodes` VALUES (1557272889928822785, 1557272888427261954, 1557256461481783298, NULL, 'ceshi', 1660117763918, NULL, 'waiting', 2, '0', '2022-08-10 15:49:24', NULL);
INSERT INTO `flow_nodes` VALUES (1557272930483548161, 1557272930252861443, 1557256461473394690, NULL, 'ceshi', 1660117773901, NULL, 'done', 1, '0', '2022-08-10 15:49:34', '2022-08-10 15:49:31');
INSERT INTO `flow_nodes` VALUES (1557272931704090625, 1557272930252861443, 1557256461481783298, NULL, 'ceshi', 1660117773901, NULL, 'waiting', 2, '0', '2022-08-10 15:49:34', NULL);
INSERT INTO `flow_nodes` VALUES (1557273260457832449, 1557273260214562818, 1557256461473394690, NULL, 'ceshi', 1660117852567, NULL, 'done', 1, '0', '2022-08-10 15:50:53', '2022-08-10 15:50:50');
INSERT INTO `flow_nodes` VALUES (1557273261791621121, 1557273260214562818, 1557256461481783298, NULL, 'ceshi', 1660117852567, NULL, 'waiting', 2, '0', '2022-08-10 15:50:53', NULL);
INSERT INTO `flow_nodes` VALUES (1559013171582001154, 1559013170860580866, 1557256461473394690, NULL, 'ceshi', 1660532679096, NULL, 'done', 1, '0', '2022-08-15 11:04:40', '2022-08-15 11:04:50');
INSERT INTO `flow_nodes` VALUES (1559013251894534145, 1559013170860580866, 1557256461481783298, NULL, 'ceshi', 1660532679096, NULL, 'waiting', 2, '0', '2022-08-15 11:04:59', NULL);
INSERT INTO `flow_nodes` VALUES (1559013352901763074, 1559013352708825089, 1557256461473394690, NULL, 'ceshi', 1660532722945, NULL, 'done', 1, '0', '2022-08-15 11:05:23', '2022-08-15 11:05:14');
INSERT INTO `flow_nodes` VALUES (1559013354088751106, 1559013352708825089, 1557256461481783298, NULL, 'ceshi', 1660532722945, NULL, 'waiting', 2, '0', '2022-08-15 11:05:23', NULL);
INSERT INTO `flow_nodes` VALUES (1561548093328031746, 1561548093193814018, 1556891891139461122, NULL, 'ceshi', 1661137059289, NULL, 'done', 1, '0', '2022-08-22 10:57:32', '2022-08-22 10:57:32');
INSERT INTO `flow_nodes` VALUES (1561548094309498882, 1561548093193814018, 1556891891139461123, NULL, 'ceshi', 1661137059289, NULL, 'waiting', 2, '0', '2022-08-22 10:57:33', NULL);

-- ----------------------------
-- Table structure for flow_set_condition
-- ----------------------------
DROP TABLE IF EXISTS `flow_set_condition`;
CREATE TABLE `flow_set_condition`  (
  `id` bigint(0) NOT NULL AUTO_INCREMENT COMMENT 'id',
  `flow_set_main_id` bigint(0) NOT NULL,
  `edition` int(0) NULL DEFAULT NULL COMMENT '版本号',
  `flow_module_id` bigint(0) NULL DEFAULT NULL COMMENT '节点id',
  `next_flow_module_id` bigint(0) NULL DEFAULT NULL COMMENT '下一节点id',
  `condition_key` varchar(500) CHARACTER SET utf8 COLLATE utf8_general_ci NULL DEFAULT NULL COMMENT '触发条件key',
  `condition_type` char(1) CHARACTER SET utf8 COLLATE utf8_general_ci NULL DEFAULT NULL COMMENT '1等于2不等于3包含列表',
  `remark` varchar(255) CHARACTER SET utf8 COLLATE utf8_general_ci NULL DEFAULT NULL,
  PRIMARY KEY (`id`) USING BTREE
) ENGINE = InnoDB AUTO_INCREMENT = 1557256461498560515 CHARACTER SET = utf8 COLLATE = utf8_general_ci COMMENT = '流程模板分支表' ROW_FORMAT = Dynamic;

-- ----------------------------
-- Records of flow_set_condition
-- ----------------------------
INSERT INTO `flow_set_condition` VALUES (1552133378924204034, 1552133378265698305, 0, 1552133378907426817, 1552133378907426818, 'Y', '1', NULL);
INSERT INTO `flow_set_condition` VALUES (1552133378924204035, 1552133378265698305, 0, 1552133378907426818, 1552133378907426819, 'Y', '1', NULL);
INSERT INTO `flow_set_condition` VALUES (1552495549084438530, 1552133378265698305, 1, 1552495549055078402, 1552495549055078403, 'Y', '1', '322323');
INSERT INTO `flow_set_condition` VALUES (1552495549084438531, 1552133378265698305, 1, 1552495549055078403, 1552495549055078404, 'N', '1', '你');
INSERT INTO `flow_set_condition` VALUES (1552495549084438532, 1552133378265698305, 1, 1552495549055078403, 1552495549055078405, 'Y', '1', '3233');
INSERT INTO `flow_set_condition` VALUES (1552495549084438533, 1552133378265698305, 1, 1552495549055078404, 1552495549055078406, 'Y', '1', NULL);
INSERT INTO `flow_set_condition` VALUES (1552495549084438534, 1552133378265698305, 1, 1552495549055078405, 1552495549055078406, 'Y', '1', NULL);
INSERT INTO `flow_set_condition` VALUES (1552495549084438535, 1552133378265698305, 1, 1552495549055078406, 1552495549055078407, 'Y', '1', '2323');
INSERT INTO `flow_set_condition` VALUES (1552495549084438536, 1552133378265698305, 1, 1552495549055078407, 1552495549055078408, 'Y', '1', '4332');
INSERT INTO `flow_set_condition` VALUES (1552556893477400577, 1552133378265698305, 2, 1552556893448040449, 1552556893448040450, 'Y', '1', '322323');
INSERT INTO `flow_set_condition` VALUES (1552556893477400578, 1552133378265698305, 2, 1552556893448040450, 1552556893448040451, 'N', '1', '你');
INSERT INTO `flow_set_condition` VALUES (1552556893477400579, 1552133378265698305, 2, 1552556893448040450, 1552556893448040452, 'Y', '1', '3233');
INSERT INTO `flow_set_condition` VALUES (1552556893477400580, 1552133378265698305, 2, 1552556893448040451, 1552556893448040453, 'Y', '1', NULL);
INSERT INTO `flow_set_condition` VALUES (1552556893477400581, 1552133378265698305, 2, 1552556893448040452, 1552556893448040453, 'Y', '1', NULL);
INSERT INTO `flow_set_condition` VALUES (1552556893477400582, 1552133378265698305, 2, 1552556893448040453, 1552556893448040454, 'Y', '1', '2323');
INSERT INTO `flow_set_condition` VALUES (1552556893477400583, 1552133378265698305, 2, 1552556893448040454, 1552556893456429058, 'Y', '1', '4332');
INSERT INTO `flow_set_condition` VALUES (1552557560094912518, 1552133378265698305, 3, 1552557560086523906, 1552557560086523907, 'Y', '1', '322323');
INSERT INTO `flow_set_condition` VALUES (1552557560094912519, 1552133378265698305, 3, 1552557560086523907, 1552557560094912513, 'N', '1', '你');
INSERT INTO `flow_set_condition` VALUES (1552557560094912520, 1552133378265698305, 3, 1552557560094912513, 1552557560094912514, 'Y', '1', NULL);
INSERT INTO `flow_set_condition` VALUES (1552557560094912521, 1552133378265698305, 3, 1552557560094912514, 1552557560094912515, 'Y', '1', '2323');
INSERT INTO `flow_set_condition` VALUES (1552557560094912522, 1552133378265698305, 3, 1552557560094912515, 1552557560094912516, 'Y', '1', '4332');
INSERT INTO `flow_set_condition` VALUES (1552557560094912523, 1552133378265698305, 3, 1552557560086523907, 1552557560094912517, 'Y', '1', NULL);
INSERT INTO `flow_set_condition` VALUES (1552557560094912524, 1552133378265698305, 3, 1552557560094912517, 1552557560094912515, 'Y', '1', NULL);
INSERT INTO `flow_set_condition` VALUES (1552576772083404801, 1552576771789803521, 0, 1552576772058238978, 1552576772066627585, 'Y', '1', NULL);
INSERT INTO `flow_set_condition` VALUES (1552576772083404802, 1552576771789803521, 0, 1552576772066627585, 1552576772066627586, 'Y', '1', NULL);
INSERT INTO `flow_set_condition` VALUES (1552576772083404803, 1552576771789803521, 0, 1552576772066627586, 1552576772066627587, 'Y', '1', NULL);
INSERT INTO `flow_set_condition` VALUES (1552576772083404804, 1552576771789803521, 0, 1552576772066627587, 1552576772066627588, 'Y', '1', NULL);
INSERT INTO `flow_set_condition` VALUES (1552846452907884545, 1552133378265698305, 4, 1552846452882718723, 1552846452882718724, 'Y', '1', NULL);
INSERT INTO `flow_set_condition` VALUES (1552846452907884546, 1552133378265698305, 4, 1552846452882718724, 1552846452882718725, 'Y', '1', '2323');
INSERT INTO `flow_set_condition` VALUES (1552846452907884547, 1552133378265698305, 4, 1552846452882718725, 1552846452882718726, 'Y', '1', '4332');
INSERT INTO `flow_set_condition` VALUES (1552846452907884548, 1552133378265698305, 4, 1552846452882718727, 1552846452882718725, 'Y', '1', NULL);
INSERT INTO `flow_set_condition` VALUES (1552846452907884549, 1552133378265698305, 4, 1552846452882718722, 1552846452882718728, 'Y', '1', NULL);
INSERT INTO `flow_set_condition` VALUES (1552846452907884550, 1552133378265698305, 4, 1552846452882718728, 1552846452882718723, 'N', '1', '拒绝');
INSERT INTO `flow_set_condition` VALUES (1552846452907884551, 1552133378265698305, 4, 1552846452882718728, 1552846452882718727, 'Y', '1', '同意');
INSERT INTO `flow_set_condition` VALUES (1556546157168824328, 1556546156984274945, 0, 1556546157168824321, 1556546157168824322, 'Y', '1', NULL);
INSERT INTO `flow_set_condition` VALUES (1556546157168824329, 1556546156984274945, 0, 1556546157168824322, 1556546157168824323, 'Y', '1', NULL);
INSERT INTO `flow_set_condition` VALUES (1556546157168824330, 1556546156984274945, 0, 1556546157168824323, 1556546157168824324, 'Y', '1', NULL);
INSERT INTO `flow_set_condition` VALUES (1556546157168824331, 1556546156984274945, 0, 1556546157168824323, 1556546157168824325, 'N', '1', '32233');
INSERT INTO `flow_set_condition` VALUES (1556546157168824332, 1556546156984274945, 0, 1556546157168824324, 1556546157168824326, 'Y', '1', NULL);
INSERT INTO `flow_set_condition` VALUES (1556546157168824333, 1556546156984274945, 0, 1556546157168824325, 1556546157168824326, 'Y', '1', NULL);
INSERT INTO `flow_set_condition` VALUES (1556546157168824334, 1556546156984274945, 0, 1556546157168824326, 1556546157168824327, 'Y', '1', NULL);
INSERT INTO `flow_set_condition` VALUES (1556547189919715336, 1556546156984274945, 1, 1556547189907132418, 1556547189919715330, 'Y', '1', NULL);
INSERT INTO `flow_set_condition` VALUES (1556547189919715337, 1556546156984274945, 1, 1556547189919715330, 1556547189919715331, 'Y', '1', NULL);
INSERT INTO `flow_set_condition` VALUES (1556547189919715338, 1556546156984274945, 1, 1556547189919715331, 1556547189919715332, 'Y', '1', NULL);
INSERT INTO `flow_set_condition` VALUES (1556547189919715339, 1556546156984274945, 1, 1556547189919715331, 1556547189919715333, 'N', '1', '32233');
INSERT INTO `flow_set_condition` VALUES (1556547189919715340, 1556546156984274945, 1, 1556547189919715332, 1556547189919715334, 'Y', '1', NULL);
INSERT INTO `flow_set_condition` VALUES (1556547189919715341, 1556546156984274945, 1, 1556547189919715333, 1556547189919715334, 'Y', '1', NULL);
INSERT INTO `flow_set_condition` VALUES (1556547189919715342, 1556546156984274945, 1, 1556547189919715334, 1556547189919715335, 'Y', '1', NULL);
INSERT INTO `flow_set_condition` VALUES (1556547350519615496, 1556546156984274945, 2, 1556547350515421186, 1556547350519615490, 'Y', '1', NULL);
INSERT INTO `flow_set_condition` VALUES (1556547350519615497, 1556546156984274945, 2, 1556547350519615490, 1556547350519615491, 'Y', '1', NULL);
INSERT INTO `flow_set_condition` VALUES (1556547350519615498, 1556546156984274945, 2, 1556547350519615491, 1556547350519615492, 'Y', '1', NULL);
INSERT INTO `flow_set_condition` VALUES (1556547350519615499, 1556546156984274945, 2, 1556547350519615491, 1556547350519615493, 'N', '1', '32233');
INSERT INTO `flow_set_condition` VALUES (1556547350519615500, 1556546156984274945, 2, 1556547350519615492, 1556547350519615494, 'Y', '1', NULL);
INSERT INTO `flow_set_condition` VALUES (1556547350519615501, 1556546156984274945, 2, 1556547350519615493, 1556547350519615494, 'Y', '1', NULL);
INSERT INTO `flow_set_condition` VALUES (1556547350519615502, 1556546156984274945, 2, 1556547350519615494, 1556547350519615495, 'Y', '1', NULL);
INSERT INTO `flow_set_condition` VALUES (1556547729210806274, 1556546156984274945, 3, 1556547729173057538, 1556547729173057539, 'Y', '1', NULL);
INSERT INTO `flow_set_condition` VALUES (1556547729210806275, 1556546156984274945, 3, 1556547729173057539, 1556547729173057540, 'Y', '1', NULL);
INSERT INTO `flow_set_condition` VALUES (1556547729210806276, 1556546156984274945, 3, 1556547729173057540, 1556547729185640450, 'Y', '1', NULL);
INSERT INTO `flow_set_condition` VALUES (1556547729210806277, 1556546156984274945, 3, 1556547729173057540, 1556547729185640451, 'N', '1', '32233');
INSERT INTO `flow_set_condition` VALUES (1556547729210806278, 1556546156984274945, 3, 1556547729185640450, 1556547729185640452, 'Y', '1', NULL);
INSERT INTO `flow_set_condition` VALUES (1556547729210806279, 1556546156984274945, 3, 1556547729185640451, 1556547729185640452, 'Y', '1', NULL);
INSERT INTO `flow_set_condition` VALUES (1556547729210806280, 1556546156984274945, 3, 1556547729185640452, 1556547729185640453, 'Y', '1', NULL);
INSERT INTO `flow_set_condition` VALUES (1556891891168821250, 1556891890938134530, 0, 1556891891139461122, 1556891891139461123, 'Y', '1', NULL);
INSERT INTO `flow_set_condition` VALUES (1556891891168821251, 1556891890938134530, 0, 1556891891139461123, 1556891891139461124, 'Y', '1', NULL);
INSERT INTO `flow_set_condition` VALUES (1557256461498560513, 1557256461284651010, 0, 1557256461473394690, 1557256461481783298, 'Y', '1', NULL);
INSERT INTO `flow_set_condition` VALUES (1557256461498560514, 1557256461284651010, 0, 1557256461481783298, 1557256461481783299, 'Y', '1', NULL);

-- ----------------------------
-- Table structure for flow_set_main
-- ----------------------------
DROP TABLE IF EXISTS `flow_set_main`;
CREATE TABLE `flow_set_main`  (
  `id` bigint(0) NOT NULL,
  `flow_name` varchar(255) CHARACTER SET utf8 COLLATE utf8_general_ci NULL DEFAULT NULL COMMENT '模板名称',
  `flow_key` varchar(50) CHARACTER SET utf8 COLLATE utf8_general_ci NULL DEFAULT NULL COMMENT '模板key',
  `now_edition` int(0) NULL DEFAULT NULL COMMENT '版本号',
  `dept_id` bigint(0) NULL DEFAULT NULL COMMENT '租户id',
  `del_flag` char(1) CHARACTER SET utf8 COLLATE utf8_general_ci NULL DEFAULT '0' COMMENT '删除标志（0代表存在1代表删除）',
  `create_by` varchar(64) CHARACTER SET utf8 COLLATE utf8_general_ci NULL DEFAULT '' COMMENT '创建者',
  `create_time` datetime(0) NULL DEFAULT NULL COMMENT '创建时间',
  `update_by` varchar(64) CHARACTER SET utf8 COLLATE utf8_general_ci NULL DEFAULT '' COMMENT '更新者',
  `update_time` datetime(0) NULL DEFAULT NULL COMMENT '更新时间',
  `sys_flag` char(1) CHARACTER SET utf8 COLLATE utf8_general_ci NULL DEFAULT NULL COMMENT '是否系统(系统只能由指定角色更改所有部门统一)',
  PRIMARY KEY (`id`) USING BTREE
) ENGINE = InnoDB CHARACTER SET = utf8 COLLATE = utf8_general_ci COMMENT = '流程模板主表' ROW_FORMAT = Dynamic;

-- ----------------------------
-- Records of flow_set_main
-- ----------------------------
INSERT INTO `flow_set_main` VALUES (1552133378265698305, '额223', '333', 4, NULL, '0', 'admin', '2022-07-27 11:26:49', 'admin', '2022-07-29 10:40:19', NULL);
INSERT INTO `flow_set_main` VALUES (1552576771789803521, '测试1', '342323', 0, NULL, '0', 'admin', '2022-07-28 16:48:43', '', NULL, NULL);
INSERT INTO `flow_set_main` VALUES (1556546156984274945, '来2232323', '发のef', 3, NULL, '0', 'admin', '2022-08-08 15:41:38', 'admin', '2022-08-08 15:47:52', NULL);
INSERT INTO `flow_set_main` VALUES (1556891890938134530, '2323232323', '44444', 0, NULL, '0', 'admin', '2022-08-09 14:35:27', '', NULL, NULL);
INSERT INTO `flow_set_main` VALUES (1557256461284651010, 'f3e3f34234', '3434', 0, NULL, '0', 'admin', '2022-08-10 14:44:07', '', NULL, NULL);

-- ----------------------------
-- Table structure for flow_set_module
-- ----------------------------
DROP TABLE IF EXISTS `flow_set_module`;
CREATE TABLE `flow_set_module`  (
  `id` bigint(0) NOT NULL COMMENT 'id',
  `type` varchar(50) CHARACTER SET utf8 COLLATE utf8_general_ci NULL DEFAULT NULL COMMENT '节点类型',
  `flow_set_main_id` bigint(0) NULL DEFAULT NULL COMMENT '主表id',
  `module_name` varchar(255) CHARACTER SET utf8 COLLATE utf8_general_ci NULL DEFAULT NULL COMMENT '模板名称',
  `module_code` varchar(50) CHARACTER SET utf8 COLLATE utf8_general_ci NULL DEFAULT NULL COMMENT '模板编码',
  `role_ids` longtext CHARACTER SET utf8 COLLATE utf8_general_ci NULL COMMENT '指定角色id',
  `user_ids` longtext CHARACTER SET utf8 COLLATE utf8_general_ci NULL COMMENT '指定审批人id',
  `apply_type` char(1) CHARACTER SET utf8 COLLATE utf8_general_ci NULL DEFAULT NULL COMMENT '1：1人通过即可，2：必须所有人通过，3：超过指定比例的人通过',
  `apply_scale` decimal(5, 2) NULL DEFAULT NULL COMMENT '0-100%,apply_type=3的时候有效，通过比例',
  `ref_type` char(1) CHARACTER SET utf8 COLLATE utf8_general_ci NULL DEFAULT NULL COMMENT '1指定人2指定角色3指定部门的角色',
  `current_flag` char(255) CHARACTER SET utf8 COLLATE utf8_general_ci NULL DEFAULT NULL COMMENT '是否当前版本（新开的流程走当前）',
  `edition` int(0) NULL DEFAULT NULL COMMENT '版本号',
  `coordinate_x` int(0) NULL DEFAULT NULL COMMENT 'x轴坐标',
  `coordinate_y` int(0) NULL DEFAULT NULL COMMENT 'y轴坐标',
  `auto_pass_type` char(1) CHARACTER SET utf8 COLLATE utf8_general_ci NULL DEFAULT NULL COMMENT '系统任务通过策略',
  `delay_time` int(0) NULL DEFAULT NULL COMMENT '系统任务延迟时间',
  `delay_time_unit` char(1) CHARACTER SET utf8 COLLATE utf8_general_ci NULL DEFAULT NULL COMMENT '系统任务延迟时间单位',
  `del_flag` char(1) CHARACTER SET utf8 COLLATE utf8_general_ci NULL DEFAULT '0' COMMENT '删除标志（0代表存在1代表删除）',
  `create_by` varchar(64) CHARACTER SET utf8 COLLATE utf8_general_ci NULL DEFAULT '' COMMENT '创建者',
  `create_time` datetime(0) NULL DEFAULT NULL COMMENT '创建时间',
  `update_by` varchar(64) CHARACTER SET utf8 COLLATE utf8_general_ci NULL DEFAULT '' COMMENT '更新者',
  `update_time` datetime(0) NULL DEFAULT NULL COMMENT '更新时间',
  `next_dept_type` char(1) CHARACTER SET utf8 COLLATE utf8_general_ci NULL DEFAULT NULL COMMENT 'ref_type=3有效 下一节点部门类型 1本部门2父级3指定部门4传入的部门',
  `next_dept_ids` longtext CHARACTER SET utf8 COLLATE utf8_general_ci NULL COMMENT 'ref_type=3有效 指定部门',
  `flow_in_type` char(1) CHARACTER SET utf8 COLLATE utf8_general_ci NULL DEFAULT NULL COMMENT '进入条件 1单一线路满足 2全部线路满足',
  `dept_type` varchar(255) CHARACTER SET utf8 COLLATE utf8_general_ci NULL DEFAULT NULL COMMENT '部门类型 next_dept_type=5有效',
  `form_main_id` bigint(0) NULL DEFAULT NULL COMMENT '表单id',
  `form_main_name` varchar(50) CHARACTER SET utf8 COLLATE utf8_general_ci NULL DEFAULT NULL COMMENT '表单id',
  PRIMARY KEY (`id`) USING BTREE
) ENGINE = InnoDB CHARACTER SET = utf8 COLLATE = utf8_general_ci COMMENT = '流程模板表' ROW_FORMAT = Dynamic;

-- ----------------------------
-- Records of flow_set_module
-- ----------------------------
INSERT INTO `flow_set_module` VALUES (1552133378907426817, 'bpmn:startEvent', 1552133378265698305, NULL, NULL, NULL, NULL, NULL, NULL, NULL, 'N', 0, 200, 90, NULL, NULL, NULL, '0', '', NULL, '', NULL, NULL, NULL, NULL, NULL, NULL, NULL);
INSERT INTO `flow_set_module` VALUES (1552133378907426818, 'bpmn:serviceTask', 1552133378265698305, 'の2323', NULL, NULL, NULL, NULL, NULL, NULL, 'N', 0, 400, 90, '2', 2, '2', '0', '', NULL, '', NULL, NULL, NULL, '1', NULL, NULL, NULL);
INSERT INTO `flow_set_module` VALUES (1552133378907426819, 'bpmn:endEvent', 1552133378265698305, NULL, NULL, NULL, NULL, NULL, NULL, NULL, 'N', 0, 600, 90, NULL, NULL, NULL, '0', '', NULL, '', NULL, NULL, NULL, NULL, NULL, NULL, NULL);
INSERT INTO `flow_set_module` VALUES (1552495549055078402, 'bpmn:startEvent', 1552133378265698305, NULL, NULL, NULL, NULL, NULL, NULL, NULL, 'N', 1, 200, 90, NULL, NULL, NULL, '0', '', NULL, '', NULL, NULL, NULL, NULL, NULL, NULL, NULL);
INSERT INTO `flow_set_module` VALUES (1552495549055078403, 'bpmn:serviceTask', 1552133378265698305, 'の2323', NULL, NULL, NULL, NULL, NULL, NULL, 'N', 1, 310, 160, '2', 2, '2', '0', '', NULL, '', NULL, NULL, NULL, '1', NULL, NULL, NULL);
INSERT INTO `flow_set_module` VALUES (1552495549055078404, 'bpmn:userTask', 1552133378265698305, '32323', NULL, NULL, '101,102', '2', NULL, '1', 'N', 1, 540, 130, NULL, NULL, NULL, '0', '', NULL, '', NULL, NULL, NULL, '1', NULL, NULL, NULL);
INSERT INTO `flow_set_module` VALUES (1552495549055078405, 'bpmn:serviceTask', 1552133378265698305, '322323', NULL, NULL, NULL, NULL, NULL, NULL, 'N', 1, 460, 280, '2', 2, '1', '0', '', NULL, '', NULL, NULL, NULL, '1', NULL, NULL, NULL);
INSERT INTO `flow_set_module` VALUES (1552495549055078406, 'bpmn:serviceTask', 1552133378265698305, '3323', NULL, NULL, NULL, NULL, NULL, NULL, 'N', 1, 630, 350, '1', NULL, NULL, '0', '', NULL, '', NULL, NULL, NULL, '1', NULL, NULL, NULL);
INSERT INTO `flow_set_module` VALUES (1552495549055078407, 'bpmn:userTask', 1552133378265698305, '34232323', NULL, '2', NULL, '1', NULL, '3', 'N', 1, 500, 460, NULL, NULL, NULL, '0', '', NULL, '', NULL, '2', NULL, '1', NULL, NULL, NULL);
INSERT INTO `flow_set_module` VALUES (1552495549055078408, 'bpmn:endEvent', 1552133378265698305, NULL, NULL, NULL, NULL, NULL, NULL, NULL, 'N', 1, 700, 460, NULL, NULL, NULL, '0', '', NULL, '', NULL, NULL, NULL, NULL, NULL, NULL, NULL);
INSERT INTO `flow_set_module` VALUES (1552556893448040449, 'bpmn:startEvent', 1552133378265698305, NULL, 'b217088f828cd121af9c2f8dbdf507a2', NULL, NULL, '1', NULL, NULL, 'N', 2, 200, 90, NULL, NULL, NULL, '0', '', NULL, '', NULL, NULL, NULL, '1', NULL, NULL, NULL);
INSERT INTO `flow_set_module` VALUES (1552556893448040450, 'bpmn:serviceTask', 1552133378265698305, 'の2323', '404224cdcb669ca5d37bd22dc3571dd4', NULL, NULL, '1', NULL, NULL, 'N', 2, 310, 160, '1', 2, '2', '0', '', NULL, '', NULL, NULL, NULL, '1', NULL, NULL, NULL);
INSERT INTO `flow_set_module` VALUES (1552556893448040451, 'bpmn:userTask', 1552133378265698305, '32323', '060dda1a0161d1859a5c012c96813f5c', NULL, NULL, '2', NULL, '1', 'N', 2, 540, 130, NULL, NULL, NULL, '0', '', NULL, '', NULL, NULL, NULL, '1', NULL, NULL, NULL);
INSERT INTO `flow_set_module` VALUES (1552556893448040452, 'bpmn:serviceTask', 1552133378265698305, '322323', '818d81cdc26aba4a978a6409f6eb5535', NULL, NULL, '1', NULL, NULL, 'N', 2, 460, 280, '2', 2, '1', '0', '', NULL, '', NULL, NULL, NULL, '1', NULL, NULL, NULL);
INSERT INTO `flow_set_module` VALUES (1552556893448040453, 'bpmn:serviceTask', 1552133378265698305, '3323', '6eef8c73726fd81c15dd41f1c2f9c568', NULL, NULL, '1', NULL, NULL, 'N', 2, 630, 350, '1', NULL, NULL, '0', '', NULL, '', NULL, NULL, NULL, '1', NULL, NULL, NULL);
INSERT INTO `flow_set_module` VALUES (1552556893448040454, 'bpmn:userTask', 1552133378265698305, '34232323', '40e8f146ec291f533f8ea5da38c22704', '2', NULL, '1', NULL, '3', 'N', 2, 500, 460, NULL, NULL, NULL, '0', '', NULL, '', NULL, '2', NULL, '1', NULL, NULL, NULL);
INSERT INTO `flow_set_module` VALUES (1552556893456429058, 'bpmn:endEvent', 1552133378265698305, NULL, '5096b4017b0aff64287302efc6a6b30e', NULL, NULL, '1', NULL, NULL, 'N', 2, 700, 460, NULL, NULL, NULL, '0', '', NULL, '', NULL, NULL, NULL, '1', NULL, NULL, NULL);
INSERT INTO `flow_set_module` VALUES (1552557560086523906, 'bpmn:startEvent', 1552133378265698305, NULL, 'b334e27d678f251f7585b6b548603c79', NULL, NULL, '1', NULL, NULL, 'N', 3, 120, 50, NULL, NULL, NULL, '0', '', NULL, '', NULL, NULL, NULL, '1', NULL, NULL, NULL);
INSERT INTO `flow_set_module` VALUES (1552557560086523907, 'bpmn:serviceTask', 1552133378265698305, 'の2323', '3cd0502d3d0314d2af459fb0d5c1a295', NULL, NULL, '1', NULL, NULL, 'N', 3, 310, 160, '1', 2, '2', '0', '', NULL, '', NULL, NULL, NULL, '1', NULL, NULL, NULL);
INSERT INTO `flow_set_module` VALUES (1552557560094912513, 'bpmn:userTask', 1552133378265698305, '32323', '84f89e4296204364f13c5ac1e8d00c4a', '2', NULL, '2', NULL, '2', 'N', 3, 600, 90, NULL, NULL, NULL, '0', '', NULL, '', NULL, NULL, NULL, '1', NULL, NULL, NULL);
INSERT INTO `flow_set_module` VALUES (1552557560094912514, 'bpmn:serviceTask', 1552133378265698305, '3323', '81ebb2844d086e8c554fbdb1b4daf062', NULL, NULL, '1', NULL, NULL, 'N', 3, 630, 350, '1', NULL, NULL, '0', '', NULL, '', NULL, NULL, NULL, '1', NULL, NULL, NULL);
INSERT INTO `flow_set_module` VALUES (1552557560094912515, 'bpmn:userTask', 1552133378265698305, '34232323', 'd2a4de797372f0d3a8a023d1eb67d459', '2', NULL, '1', NULL, '3', 'N', 3, 500, 460, NULL, NULL, NULL, '0', '', NULL, '', NULL, '1', NULL, '1', NULL, NULL, NULL);
INSERT INTO `flow_set_module` VALUES (1552557560094912516, 'bpmn:endEvent', 1552133378265698305, NULL, '30f5e199062e862abe93fc13c949fa18', NULL, NULL, '1', NULL, NULL, 'N', 3, 700, 460, NULL, NULL, NULL, '0', '', NULL, '', NULL, NULL, NULL, '1', NULL, NULL, NULL);
INSERT INTO `flow_set_module` VALUES (1552557560094912517, 'bpmn:userTask', 1552133378265698305, '梨佛2发 ', '610f9cf6bd0cffe679fc19bc0a800105', NULL, '101,102', '3', 50.00, '1', 'N', 3, 410, 320, NULL, NULL, NULL, '0', '', NULL, '', NULL, NULL, NULL, '1', NULL, NULL, NULL);
INSERT INTO `flow_set_module` VALUES (1552576772058238978, 'bpmn:startEvent', 1552576771789803521, NULL, '9621d2b8d211cdd0c48b9912aa5fe7e3', NULL, NULL, '1', NULL, NULL, 'Y', 0, 160, 80, NULL, NULL, NULL, '0', '', NULL, '', NULL, NULL, NULL, '1', NULL, NULL, NULL);
INSERT INTO `flow_set_module` VALUES (1552576772066627585, 'bpmn:serviceTask', 1552576771789803521, '称谓是', 'ffd42575ac64f3329a530675eadbb338', NULL, NULL, '1', NULL, NULL, 'Y', 0, 360, 80, '2', 2, '1', '0', '', NULL, '', NULL, NULL, NULL, '1', NULL, NULL, NULL);
INSERT INTO `flow_set_module` VALUES (1552576772066627586, 'bpmn:serviceTask', 1552576771789803521, '封3233', '126a4d00fc6895a944fae7598aac633d', NULL, NULL, '1', NULL, NULL, 'Y', 0, 560, 80, '1', NULL, NULL, '0', '', NULL, '', NULL, NULL, NULL, '1', NULL, NULL, NULL);
INSERT INTO `flow_set_module` VALUES (1552576772066627587, 'bpmn:serviceTask', 1552576771789803521, '2323', 'f62fc52376caf6b7343114078fcd9f4a', NULL, NULL, '1', NULL, NULL, 'Y', 0, 510, 290, '2', 5, '1', '0', '', NULL, '', NULL, NULL, NULL, '1', NULL, NULL, NULL);
INSERT INTO `flow_set_module` VALUES (1552576772066627588, 'bpmn:endEvent', 1552576771789803521, NULL, '4c55a1f8b8add8fb706b32859ecd7d33', NULL, NULL, '1', NULL, NULL, 'Y', 0, 710, 290, NULL, NULL, NULL, '0', '', NULL, '', NULL, NULL, NULL, '1', NULL, NULL, NULL);
INSERT INTO `flow_set_module` VALUES (1552846452882718722, 'bpmn:startEvent', 1552133378265698305, NULL, '413ae41a416b56abbdecc9341d0352d5', '', NULL, '1', NULL, NULL, 'Y', 4, 120, 50, NULL, NULL, NULL, '0', '', NULL, '', NULL, NULL, NULL, '1', NULL, NULL, NULL);
INSERT INTO `flow_set_module` VALUES (1552846452882718723, 'bpmn:userTask', 1552133378265698305, '32323', '550bd9322a0b0f82bc7ffcc76904b724', '2', NULL, '2', NULL, '2', 'Y', 4, 600, 90, NULL, NULL, NULL, '0', '', NULL, '', NULL, NULL, NULL, '1', NULL, NULL, NULL);
INSERT INTO `flow_set_module` VALUES (1552846452882718724, 'bpmn:serviceTask', 1552133378265698305, '3323', 'a9d81587da39874fbe4f9b9d5a6e3512', '', NULL, '1', NULL, NULL, 'Y', 4, 630, 350, '1', NULL, NULL, '0', '', NULL, '', NULL, NULL, NULL, '1', NULL, NULL, NULL);
INSERT INTO `flow_set_module` VALUES (1552846452882718725, 'bpmn:userTask', 1552133378265698305, '34232323', 'c29a588b04b40877d3b5a7afa6c7d2ae', '2', NULL, '1', NULL, '3', 'Y', 4, 500, 460, NULL, NULL, NULL, '0', '', NULL, '', NULL, '1', NULL, '1', NULL, NULL, NULL);
INSERT INTO `flow_set_module` VALUES (1552846452882718726, 'bpmn:endEvent', 1552133378265698305, NULL, 'af647494c30d72f9d3d804e1938fc3fc', '', NULL, '1', NULL, NULL, 'Y', 4, 700, 460, NULL, NULL, NULL, '0', '', NULL, '', NULL, NULL, NULL, '1', NULL, NULL, NULL);
INSERT INTO `flow_set_module` VALUES (1552846452882718727, 'bpmn:userTask', 1552133378265698305, '梨佛2发 ', 'e9f2a1dd34b394918e29bf7e2941b712', '', '101,102', '3', 50.00, '1', 'Y', 4, 410, 320, NULL, NULL, NULL, '0', '', NULL, '', NULL, NULL, NULL, '1', NULL, NULL, NULL);
INSERT INTO `flow_set_module` VALUES (1552846452882718728, 'bpmn:userTask', 1552133378265698305, '初始审批', 'baf0dc72b9155735e81e0efac7e336aa', '2', NULL, '1', NULL, '3', 'Y', 4, 260, 140, NULL, NULL, NULL, '0', '', NULL, '', NULL, '3', '101,103,104,105,106,107', '1', NULL, NULL, NULL);
INSERT INTO `flow_set_module` VALUES (1556546157168824321, 'bpmn:startEvent', 1556546156984274945, '开始', '380bd5315f0bd51e39410264ab022f8a', NULL, NULL, '1', NULL, NULL, 'N', 0, 250, 170, NULL, NULL, NULL, '0', '', NULL, '', NULL, NULL, NULL, '1', NULL, NULL, NULL);
INSERT INTO `flow_set_module` VALUES (1556546157168824322, 'bpmn:serviceTask', 1556546156984274945, '额212', 'e53e828dd620cbe4129c202ff829a678', NULL, NULL, '1', NULL, NULL, 'N', 0, 450, 170, '1', NULL, NULL, '0', '', NULL, '', NULL, NULL, NULL, '1', NULL, NULL, NULL);
INSERT INTO `flow_set_module` VALUES (1556546157168824323, 'bpmn:userTask', 1556546156984274945, '打2123', 'a82171444497e89b10a28b317ade69d3', NULL, '100', '1', NULL, '1', 'N', 0, 650, 170, NULL, NULL, NULL, '0', '', NULL, '', NULL, NULL, NULL, '1', NULL, NULL, NULL);
INSERT INTO `flow_set_module` VALUES (1556546157168824324, 'bpmn:userTask', 1556546156984274945, '2323', 'aa90cf1ba476d8d2558593c0a2eab078', '2', NULL, '3', 1.00, '2', 'N', 0, 850, 170, NULL, NULL, NULL, '0', '', NULL, '', NULL, NULL, NULL, '1', NULL, NULL, NULL);
INSERT INTO `flow_set_module` VALUES (1556546157168824325, 'bpmn:userTask', 1556546156984274945, '喂喂喂', 'd3046ebefdd2f75eb1890b1f9861ce68', NULL, '100', '1', NULL, '1', 'N', 0, 800, 310, NULL, NULL, NULL, '0', '', NULL, '', NULL, NULL, NULL, '1', NULL, NULL, NULL);
INSERT INTO `flow_set_module` VALUES (1556546157168824326, 'bpmn:serviceTask', 1556546156984274945, '耳朵323', 'b9953ff5871d11e3e11e65755bb9b88e', NULL, NULL, '1', NULL, NULL, 'N', 0, 1060, 220, '1', NULL, NULL, '0', '', NULL, '', NULL, NULL, NULL, '1', NULL, NULL, NULL);
INSERT INTO `flow_set_module` VALUES (1556546157168824327, 'bpmn:endEvent', 1556546156984274945, NULL, '844a44a9194d3a9e1e388b309c0b73ef', NULL, NULL, '1', NULL, NULL, 'N', 0, 1260, 220, NULL, NULL, NULL, '0', '', NULL, '', NULL, NULL, NULL, '1', NULL, NULL, NULL);
INSERT INTO `flow_set_module` VALUES (1556547189907132418, 'bpmn:startEvent', 1556546156984274945, '开始', '54892dc4653ef3fc9039fa7a359f9f87', NULL, NULL, '1', NULL, NULL, 'N', 1, 250, 170, NULL, NULL, NULL, '0', '', NULL, '', NULL, NULL, NULL, '1', NULL, NULL, NULL);
INSERT INTO `flow_set_module` VALUES (1556547189919715330, 'bpmn:serviceTask', 1556546156984274945, '额212', '6ddbc25584a40b36dd248a680af53372', NULL, NULL, '1', NULL, NULL, 'N', 1, 450, 170, '1', NULL, NULL, '0', '', NULL, '', NULL, NULL, NULL, '1', NULL, NULL, NULL);
INSERT INTO `flow_set_module` VALUES (1556547189919715331, 'bpmn:userTask', 1556546156984274945, '打2123', '7ce88dc4e45c7f1fa9690a01787700f1', NULL, '100', '1', NULL, '1', 'N', 1, 650, 170, NULL, NULL, NULL, '0', '', NULL, '', NULL, NULL, NULL, '1', NULL, NULL, NULL);
INSERT INTO `flow_set_module` VALUES (1556547189919715332, 'bpmn:userTask', 1556546156984274945, '2323', '3142aeeb92720cfe8d0a72efa99d7a15', '2', NULL, '3', 1.00, '2', 'N', 1, 850, 170, NULL, NULL, NULL, '0', '', NULL, '', NULL, NULL, NULL, '1', NULL, NULL, NULL);
INSERT INTO `flow_set_module` VALUES (1556547189919715333, 'bpmn:userTask', 1556546156984274945, '喂喂喂', 'cf2e366b2b4676755e14123d9b756f8f', NULL, '100', '1', NULL, '1', 'N', 1, 800, 310, NULL, NULL, NULL, '0', '', NULL, '', NULL, NULL, NULL, '1', NULL, NULL, NULL);
INSERT INTO `flow_set_module` VALUES (1556547189919715334, 'bpmn:serviceTask', 1556546156984274945, '耳朵323', '18adb2dbc899c9fe4278e6a7b2d7964c', NULL, NULL, '1', NULL, NULL, 'N', 1, 1060, 220, '1', NULL, NULL, '0', '', NULL, '', NULL, NULL, NULL, '1', NULL, NULL, NULL);
INSERT INTO `flow_set_module` VALUES (1556547189919715335, 'bpmn:endEvent', 1556546156984274945, NULL, '7ff560afbf64c6f40a34be02b2d91e22', NULL, NULL, '1', NULL, NULL, 'N', 1, 1260, 220, NULL, NULL, NULL, '0', '', NULL, '', NULL, NULL, NULL, '1', NULL, NULL, NULL);
INSERT INTO `flow_set_module` VALUES (1556547350515421186, 'bpmn:startEvent', 1556546156984274945, '开始', 'f98eb5dc030a481b8e25c225bc5e6f44', NULL, NULL, '1', NULL, NULL, 'N', 2, 250, 170, NULL, NULL, NULL, '0', '', NULL, '', NULL, NULL, NULL, '1', NULL, NULL, NULL);
INSERT INTO `flow_set_module` VALUES (1556547350519615490, 'bpmn:serviceTask', 1556546156984274945, '额212', 'a1a6f31012fc29f33d0f33e8d3479fc5', NULL, NULL, '1', NULL, NULL, 'N', 2, 450, 170, '1', NULL, NULL, '0', '', NULL, '', NULL, NULL, NULL, '1', NULL, NULL, NULL);
INSERT INTO `flow_set_module` VALUES (1556547350519615491, 'bpmn:userTask', 1556546156984274945, '打2123', 'fe353b5df5ee7b6d98e16d489b1e28af', NULL, '100', '1', NULL, '1', 'N', 2, 650, 170, NULL, NULL, NULL, '0', '', NULL, '', NULL, NULL, NULL, '1', NULL, NULL, NULL);
INSERT INTO `flow_set_module` VALUES (1556547350519615492, 'bpmn:userTask', 1556546156984274945, '2323', '92aa7770c72d47d9a228dcb7b1a192ac', '2', NULL, '3', 1.00, '2', 'N', 2, 850, 170, NULL, NULL, NULL, '0', '', NULL, '', NULL, NULL, NULL, '1', NULL, NULL, NULL);
INSERT INTO `flow_set_module` VALUES (1556547350519615493, 'bpmn:userTask', 1556546156984274945, '喂喂喂', '4f03768abb6d9bd878116151e95405a4', NULL, '100', '1', NULL, '1', 'N', 2, 800, 310, NULL, NULL, NULL, '0', '', NULL, '', NULL, NULL, NULL, '1', NULL, NULL, NULL);
INSERT INTO `flow_set_module` VALUES (1556547350519615494, 'bpmn:serviceTask', 1556546156984274945, '耳朵323', '76c5fdeb791b1b2ce9b8a976c76da74f', NULL, NULL, '1', NULL, NULL, 'N', 2, 1060, 220, '1', NULL, NULL, '0', '', NULL, '', NULL, NULL, NULL, '1', NULL, NULL, NULL);
INSERT INTO `flow_set_module` VALUES (1556547350519615495, 'bpmn:endEvent', 1556546156984274945, NULL, '0805882c0d1dbe4549ff847400f7e90b', NULL, NULL, '1', NULL, NULL, 'N', 2, 1260, 220, NULL, NULL, NULL, '0', '', NULL, '', NULL, NULL, NULL, '1', NULL, NULL, NULL);
INSERT INTO `flow_set_module` VALUES (1556547729173057538, 'bpmn:startEvent', 1556546156984274945, '开始', 'dc376c774b715c373a89671fc7c87586', NULL, NULL, '1', NULL, NULL, 'Y', 3, 250, 170, NULL, NULL, NULL, '0', '', NULL, '', NULL, NULL, NULL, '1', NULL, 1556541018504802305, 'qidong 2');
INSERT INTO `flow_set_module` VALUES (1556547729173057539, 'bpmn:serviceTask', 1556546156984274945, '额212', '3fd3432ab60aaeb18043633b61eb5687', NULL, NULL, '1', NULL, NULL, 'Y', 3, 450, 170, '1', NULL, NULL, '0', '', NULL, '', NULL, NULL, NULL, '1', NULL, NULL, NULL);
INSERT INTO `flow_set_module` VALUES (1556547729173057540, 'bpmn:userTask', 1556546156984274945, '打2123', '23986917bbcf182f8158c47234064329', NULL, '100', '1', NULL, '1', 'Y', 3, 650, 170, NULL, NULL, NULL, '0', '', NULL, '', NULL, NULL, NULL, '1', NULL, 1556540889769029634, '2323e2323');
INSERT INTO `flow_set_module` VALUES (1556547729185640450, 'bpmn:userTask', 1556546156984274945, '2323', '7aaf2430e5a7599563e4d2284fd57e40', '2', NULL, '3', 1.00, '2', 'Y', 3, 850, 170, NULL, NULL, NULL, '0', '', NULL, '', NULL, NULL, NULL, '1', NULL, 1556540889769029634, '2323e2323');
INSERT INTO `flow_set_module` VALUES (1556547729185640451, 'bpmn:userTask', 1556546156984274945, '喂喂喂', '6227ddb48218046a6559e43d32ca1ec9', NULL, '100', '1', NULL, '1', 'Y', 3, 800, 310, NULL, NULL, NULL, '0', '', NULL, '', NULL, NULL, NULL, '1', NULL, 1556540807673917442, '扯啥1');
INSERT INTO `flow_set_module` VALUES (1556547729185640452, 'bpmn:serviceTask', 1556546156984274945, '耳朵323', '600e7b09b375a9bbb5d5a9c775b69d68', NULL, NULL, '1', NULL, NULL, 'Y', 3, 1060, 220, '1', NULL, NULL, '0', '', NULL, '', NULL, NULL, NULL, '1', NULL, NULL, NULL);
INSERT INTO `flow_set_module` VALUES (1556547729185640453, 'bpmn:endEvent', 1556546156984274945, NULL, 'b8e4ceb0b4fb7c3180922323d1889c2c', NULL, NULL, '1', NULL, NULL, 'Y', 3, 1260, 220, NULL, NULL, NULL, '0', '', NULL, '', NULL, NULL, NULL, '1', NULL, NULL, NULL);
INSERT INTO `flow_set_module` VALUES (1556891891139461122, 'bpmn:startEvent', 1556891890938134530, '开始', 'bd8ed62f344744d852b85508eda24764', NULL, NULL, '1', NULL, NULL, 'Y', 0, 240, 140, NULL, NULL, NULL, '0', '', NULL, '', NULL, NULL, NULL, '1', NULL, 1556891731541999618, '复杂控件');
INSERT INTO `flow_set_module` VALUES (1556891891139461123, 'bpmn:userTask', 1556891890938134530, '测试1', 'defa18b7648e53a7414af1bf4a53d926', NULL, '100', '1', NULL, '1', 'Y', 0, 410, 150, NULL, NULL, NULL, '0', '', NULL, '', NULL, NULL, NULL, '1', NULL, 1556541018504802305, 'qidong 2');
INSERT INTO `flow_set_module` VALUES (1556891891139461124, 'bpmn:endEvent', 1556891890938134530, NULL, 'd59ed8f2b35dbc73eafaac1deca4bdf5', NULL, NULL, '1', NULL, NULL, 'Y', 0, 590, 160, NULL, NULL, NULL, '0', '', NULL, '', NULL, NULL, NULL, '1', NULL, NULL, NULL);
INSERT INTO `flow_set_module` VALUES (1557256461473394690, 'bpmn:startEvent', 1557256461284651010, '开始', '840b7400929684a36729ae13365d418c', NULL, NULL, '1', NULL, NULL, 'Y', 0, 300, 150, NULL, NULL, NULL, '0', '', NULL, '', NULL, NULL, NULL, '1', NULL, 1557256216333103105, '22');
INSERT INTO `flow_set_module` VALUES (1557256461481783298, 'bpmn:userTask', 1557256461284651010, '12322323', '32fec69a31ffefc97f78f4e5f598daf2', NULL, '100', '1', NULL, '1', 'Y', 0, 460, 190, NULL, NULL, NULL, '0', '', NULL, '', NULL, NULL, NULL, '1', NULL, 1557256216333103105, '22');
INSERT INTO `flow_set_module` VALUES (1557256461481783299, 'bpmn:endEvent', 1557256461284651010, NULL, '48865e78cb96d079c595d8591ff89e30', NULL, NULL, '1', NULL, NULL, 'Y', 0, 700, 180, NULL, NULL, NULL, '0', '', NULL, '', NULL, NULL, NULL, '1', NULL, NULL, NULL);

-- ----------------------------
-- Table structure for flow_set_type
-- ----------------------------
DROP TABLE IF EXISTS `flow_set_type`;
CREATE TABLE `flow_set_type`  (
  `id` bigint(0) NOT NULL,
  `flow_type_name` varchar(255) CHARACTER SET utf8 COLLATE utf8_general_ci NULL DEFAULT NULL COMMENT '流程类型名称',
  `flow_type_key` varchar(255) CHARACTER SET utf8 COLLATE utf8_general_ci NULL DEFAULT NULL COMMENT '流程类型key',
  `del_flag` char(1) CHARACTER SET utf8 COLLATE utf8_general_ci NULL DEFAULT '0' COMMENT '删除标志（0代表存在1代表删除）',
  `create_by` varchar(64) CHARACTER SET utf8 COLLATE utf8_general_ci NULL DEFAULT '' COMMENT '创建者',
  `create_time` datetime(0) NULL DEFAULT NULL COMMENT '创建时间',
  `update_by` varchar(64) CHARACTER SET utf8 COLLATE utf8_general_ci NULL DEFAULT '' COMMENT '更新者',
  `update_time` datetime(0) NULL DEFAULT NULL COMMENT '更新时间',
  `sys_flag` char(1) CHARACTER SET utf8 COLLATE utf8_general_ci NULL DEFAULT NULL COMMENT '是否系统(系统只能由指定角色更改所有部门统一)',
  PRIMARY KEY (`id`) USING BTREE
) ENGINE = InnoDB CHARACTER SET = utf8 COLLATE = utf8_general_ci ROW_FORMAT = Dynamic;

-- ----------------------------
-- Table structure for flow_user_task
-- ----------------------------
DROP TABLE IF EXISTS `flow_user_task`;
CREATE TABLE `flow_user_task`  (
  `id` bigint(0) NOT NULL AUTO_INCREMENT COMMENT 'id',
  `user_id` bigint(0) NULL DEFAULT NULL COMMENT '审核人',
  `nick_name` varchar(50) CHARACTER SET utf8 COLLATE utf8_general_ci NULL DEFAULT NULL COMMENT '审核人姓名',
  `node_id` bigint(0) NULL DEFAULT NULL COMMENT '节点id',
  `file_paths` longtext CHARACTER SET utf8 COLLATE utf8_general_ci NULL COMMENT '附件',
  `apply_res` varchar(50) CHARACTER SET utf8 COLLATE utf8_general_ci NULL DEFAULT NULL COMMENT '审核结果',
  `apply_remark` varchar(1000) CHARACTER SET utf8 COLLATE utf8_general_ci NULL DEFAULT NULL COMMENT '审核备注',
  `order_id` bigint(0) NULL DEFAULT NULL COMMENT '流程主表id',
  `flow_module_id` bigint(0) NULL DEFAULT NULL COMMENT '模板id',
  `business_key` varchar(50) CHARACTER SET utf8 COLLATE utf8_general_ci NULL DEFAULT NULL COMMENT '业务key',
  `business_id` bigint(0) NULL DEFAULT NULL COMMENT '业务id',
  `node_status` varchar(10) CHARACTER SET utf8 COLLATE utf8_general_ci NULL DEFAULT 'N' COMMENT '节点状态',
  `del_flag` char(1) CHARACTER SET utf8 COLLATE utf8_general_ci NULL DEFAULT '0' COMMENT '删除标志（0代表存在1代表删除）',
  `create_time` datetime(0) NULL DEFAULT NULL COMMENT '创建时间',
  `update_time` datetime(0) NULL DEFAULT NULL COMMENT '更新时间',
  PRIMARY KEY (`id`) USING BTREE
) ENGINE = InnoDB AUTO_INCREMENT = 1559013354218774530 CHARACTER SET = utf8 COLLATE = utf8_general_ci ROW_FORMAT = Dynamic;

-- ----------------------------
-- Records of flow_user_task
-- ----------------------------
INSERT INTO `flow_user_task` VALUES (1552558090217189378, 100, '居强', 1552558090095554562, NULL, 'Y', NULL, 1552558089797758979, 1552557560086523906, '333', 444, 'pass', '0', '2022-07-28 15:34:20', '2022-07-28 15:34:29');
INSERT INTO `flow_user_task` VALUES (1552560471642288129, 100, '居强', 1552560471017336833, NULL, 'Y', NULL, 1552558089797758979, 1552557560086523906, '333', 444, 'pass', '0', '2022-07-28 15:43:48', '2022-07-28 15:43:58');
INSERT INTO `flow_user_task` VALUES (1552560505754562562, 101, '梅雪静', 1552560505599373314, NULL, 'Y', 'ex tempor Lorem', 1552558089797758979, 1552557560094912517, '333', 444, 'pass', '0', '2022-07-28 15:43:56', '2022-07-28 15:54:22');
INSERT INTO `flow_user_task` VALUES (1552560505754562563, 102, '戚佳敏', 1552560505599373314, NULL, NULL, NULL, 1552558089797758979, 1552557560094912517, '333', 444, 'auto_pass', '0', '2022-07-28 15:43:56', '2022-07-28 15:54:13');
INSERT INTO `flow_user_task` VALUES (1552563095535878146, 103, '王舸', 1552563094948675585, NULL, 'Y', 'ex tempor Lorem', 1552558089797758979, 1552557560094912515, '333', 444, 'pass', '0', '2022-07-28 15:54:13', '2022-07-28 15:57:30');
INSERT INTO `flow_user_task` VALUES (1552579932051066881, 100, '居强', 1552579931921043457, NULL, 'Y', NULL, 1552579931669385218, 1552576772058238978, '342323', 444, 'pass', '0', '2022-07-28 17:01:07', '2022-07-28 17:01:16');
INSERT INTO `flow_user_task` VALUES (1552580013768691714, 100, '居强', 1552580013647056898, NULL, 'Y', NULL, 1552579931669385218, 1552576772058238978, '342323', 444, 'pass', '0', '2022-07-28 17:01:27', '2022-07-28 17:01:36');
INSERT INTO `flow_user_task` VALUES (1552580289174962178, 100, '居强', 1552580288583565314, NULL, NULL, NULL, 1552579931669385218, 1552576772058238978, '342323', 444, 'auto_pass', '0', '2022-07-28 17:02:32', '2022-07-28 17:02:33');
INSERT INTO `flow_user_task` VALUES (1552582036283006977, 100, '居强', 1552582035662249985, NULL, NULL, NULL, 1552579931669385218, 1552576772058238978, '342323', 444, 'auto_pass', '0', '2022-07-28 17:09:29', '2022-07-28 17:09:31');
INSERT INTO `flow_user_task` VALUES (1556567082325065729, 1, '若依', 1556567082085990401, NULL, NULL, NULL, 1556567081016442882, 1556547729173057538, 'ceshi', 1659949483565, 'waiting', '0', '2022-08-08 17:04:46', NULL);
INSERT INTO `flow_user_task` VALUES (1556567183978217473, 1, '若依', 1556567183797862401, NULL, 'Y', NULL, 1556567183504261122, 1556547729173057538, 'ceshi', 1659949508987, 'pass', '0', '2022-08-08 17:05:10', '2022-08-09 11:01:37');
INSERT INTO `flow_user_task` VALUES (1556567484009398273, 1, '若依', 1556567483778711554, NULL, 'Y', NULL, 1556567482826604545, 1556547729173057538, 'ceshi', 1659949579992, 'pass', '0', '2022-08-08 17:06:22', '2022-08-09 10:59:01');
INSERT INTO `flow_user_task` VALUES (1556567750238535682, 1, '若依', 1556567749911379970, NULL, NULL, NULL, 1556567748971855874, 1556547729173057538, 'ceshi', 1659949642688, 'pass', '0', '2022-08-08 17:07:25', '2022-08-08 17:07:28');
INSERT INTO `flow_user_task` VALUES (1556567761357635586, 100, '居强', 1556567761219223553, NULL, 'Y', NULL, 1556567748971855874, 1556547729173057540, 'ceshi', 1659949642688, 'pass', '0', '2022-08-08 17:07:28', '2022-08-09 10:23:51');
INSERT INTO `flow_user_task` VALUES (1556828579357908994, 2, '若依', 1556828579244662785, NULL, 'Y', NULL, 1556567748971855874, 1556547729185640450, 'ceshi', 1659949642688, 'pass', '0', '2022-08-09 10:23:50', '2022-08-09 10:25:26');
INSERT INTO `flow_user_task` VALUES (1556828579357908995, 103, '王舸', 1556828579244662785, NULL, NULL, NULL, 1556567748971855874, 1556547729185640450, 'ceshi', 1659949642688, 'auto_pass', '0', '2022-08-09 10:23:50', '2022-08-09 10:25:24');
INSERT INTO `flow_user_task` VALUES (1556829267752247298, 1, '若依', 1556829267626418178, NULL, 'Y', NULL, 1556829267269902337, 1556547729173057538, 'ceshi', 1660011996385, 'pass', '0', '2022-08-09 10:26:34', '2022-08-09 10:26:37');
INSERT INTO `flow_user_task` VALUES (1556829269551603714, 100, '居强', 1556829269413191681, NULL, 'N', NULL, 1556829267269902337, 1556547729173057540, 'ceshi', 1660011996385, 'pass', '0', '2022-08-09 10:26:35', '2022-08-09 10:26:48');
INSERT INTO `flow_user_task` VALUES (1556829316183875586, 100, '居强', 1556829316070629378, NULL, NULL, NULL, 1556829267269902337, 1556547729185640451, 'ceshi', 1660011996385, 'waiting', '0', '2022-08-09 10:26:46', NULL);
INSERT INTO `flow_user_task` VALUES (1556837423521849345, 100, '居强', 1556837423408603138, NULL, NULL, NULL, 1556567482826604545, 1556547729173057540, 'ceshi', 1659949579992, 'waiting', '0', '2022-08-09 10:58:59', NULL);
INSERT INTO `flow_user_task` VALUES (1556838080806973441, 100, '居强', 1556838080681144322, NULL, NULL, NULL, 1556567183504261122, 1556547729173057540, 'ceshi', 1659949508987, 'waiting', '0', '2022-08-09 11:01:36', NULL);
INSERT INTO `flow_user_task` VALUES (1556891989323923457, 1, '若依', 1556891989177122817, NULL, 'Y', NULL, 1556891988887715842, 1556891891139461122, 'ceshi', 1660026950357, 'pass', '0', '2022-08-09 14:35:48', '2022-08-09 14:35:51');
INSERT INTO `flow_user_task` VALUES (1556891990699655169, 100, '居强', 1556891990569631745, NULL, NULL, NULL, 1556891988887715842, 1556891891139461123, 'ceshi', 1660026950357, 'waiting', '0', '2022-08-09 14:35:49', NULL);
INSERT INTO `flow_user_task` VALUES (1556893363214336002, 1, '若依', 1556893363101089794, NULL, 'Y', NULL, 1556893362857820163, 1556891891139461122, 'ceshi', 1660027277978, 'pass', '0', '2022-08-09 14:41:16', '2022-08-09 14:41:18');
INSERT INTO `flow_user_task` VALUES (1556893364392935425, 100, '居强', 1556893364279689218, NULL, NULL, NULL, 1556893362857820163, 1556891891139461123, 'ceshi', 1660027277978, 'waiting', '0', '2022-08-09 14:41:16', NULL);
INSERT INTO `flow_user_task` VALUES (1556893637677006849, 1, '若依', 1556893637555372034, NULL, 'Y', NULL, 1556893637316296705, 1556891891139461122, 'ceshi', 1660027343243, 'pass', '0', '2022-08-09 14:42:21', '2022-08-09 14:42:24');
INSERT INTO `flow_user_task` VALUES (1556893638935298049, 100, '居强', 1556893638830440450, NULL, NULL, NULL, 1556893637316296705, 1556891891139461123, 'ceshi', 1660027343243, 'waiting', '0', '2022-08-09 14:42:22', NULL);
INSERT INTO `flow_user_task` VALUES (1556893926979125250, 1, '若依', 1556893926865879042, NULL, 'Y', NULL, 1556893926614220802, 1556891891139461122, 'ceshi', 1660027412325, 'pass', '0', '2022-08-09 14:43:30', '2022-08-09 14:43:33');
INSERT INTO `flow_user_task` VALUES (1556893928258387970, 100, '居强', 1556893928140947458, NULL, NULL, NULL, 1556893926614220802, 1556891891139461123, 'ceshi', 1660027412325, 'waiting', '0', '2022-08-09 14:43:31', NULL);
INSERT INTO `flow_user_task` VALUES (1556894080218021889, 1, '若依', 1556894080079609858, NULL, 'Y', NULL, 1556894079823757315, 1556891891139461122, 'ceshi', 1660027448922, 'pass', '0', '2022-08-09 14:44:07', '2022-08-09 14:44:09');
INSERT INTO `flow_user_task` VALUES (1556894081597947906, 100, '居强', 1556894081472118786, NULL, NULL, NULL, 1556894079823757315, 1556891891139461123, 'ceshi', 1660027448922, 'waiting', '0', '2022-08-09 14:44:07', NULL);
INSERT INTO `flow_user_task` VALUES (1556894090632478721, 1, '若依', 1556894090519232514, NULL, 'Y', NULL, 1556894090288545793, 1556891891139461122, 'ceshi', 1660027451423, 'pass', '0', '2022-08-09 14:44:09', '2022-08-09 14:44:12');
INSERT INTO `flow_user_task` VALUES (1556894091794300929, 100, '居强', 1556894091681054721, NULL, NULL, NULL, 1556894090288545793, 1556891891139461123, 'ceshi', 1660027451423, 'waiting', '0', '2022-08-09 14:44:10', NULL);
INSERT INTO `flow_user_task` VALUES (1556894097829904386, 1, '若依', 1556894097716658178, NULL, 'Y', NULL, 1556894097485971458, 1556891891139461122, 'ceshi', 1660027453140, 'pass', '0', '2022-08-09 14:44:11', '2022-08-09 14:44:13');
INSERT INTO `flow_user_task` VALUES (1556894099037863938, 100, '居强', 1556894098928812033, NULL, 'Y', NULL, 1556894097485971458, 1556891891139461123, 'ceshi', 1660027453140, 'pass', '0', '2022-08-09 14:44:11', '2022-08-09 15:45:22');
INSERT INTO `flow_user_task` VALUES (1556894487237476354, 1, '若依', 1556894487124230146, NULL, 'Y', NULL, 1556894486876766211, 1556891891139461122, 'ceshi', 1660027545805, 'pass', '0', '2022-08-09 14:45:44', '2022-08-09 14:45:46');
INSERT INTO `flow_user_task` VALUES (1556894488680316929, 100, '居强', 1556894488533516289, NULL, NULL, NULL, 1556894486876766211, 1556891891139461123, 'ceshi', 1660027545805, 'waiting', '0', '2022-08-09 14:45:44', NULL);
INSERT INTO `flow_user_task` VALUES (1556895011777134594, 1, '若依', 1556895011638722562, NULL, 'Y', NULL, 1556895011370287106, 1556891891139461122, 'ceshi', 1660027670948, 'pass', '0', '2022-08-09 14:47:49', '2022-08-09 14:47:51');
INSERT INTO `flow_user_task` VALUES (1556895013178032130, 100, '居强', 1556895013048008706, NULL, NULL, NULL, 1556895011370287106, 1556891891139461123, 'ceshi', 1660027670948, 'waiting', '0', '2022-08-09 14:47:49', NULL);
INSERT INTO `flow_user_task` VALUES (1556896169967075329, 1, '若依', 1556896169845440513, NULL, 'Y', NULL, 1556896169606365187, 1556891891139461122, 'ceshi', 1660027946909, 'pass', '0', '2022-08-09 14:52:25', '2022-08-09 14:52:27');
INSERT INTO `flow_user_task` VALUES (1556896171388944386, 100, '居强', 1556896171208589313, NULL, NULL, NULL, 1556896169606365187, 1556891891139461123, 'ceshi', 1660027946909, 'waiting', '0', '2022-08-09 14:52:25', NULL);
INSERT INTO `flow_user_task` VALUES (1556898107009908738, 1, '若依', 1556898106896662530, NULL, 'Y', NULL, 1556898106674364419, 1556891891139461122, 'ceshi', 1660028408962, 'pass', '0', '2022-08-09 15:00:07', '2022-08-09 15:00:09');
INSERT INTO `flow_user_task` VALUES (1556898108226256898, 100, '居强', 1556898108108816386, NULL, NULL, NULL, 1556898106674364419, 1556891891139461123, 'ceshi', 1660028408962, 'waiting', '0', '2022-08-09 15:00:07', NULL);
INSERT INTO `flow_user_task` VALUES (1556898777029001218, 1, '若依', 1556898776915755010, NULL, 'Y', NULL, 1556898776668291074, 1556891891139461122, 'ceshi', 1660028568741, 'pass', '0', '2022-08-09 15:02:47', '2022-08-09 15:02:49');
INSERT INTO `flow_user_task` VALUES (1556898778295681026, 100, '居强', 1556898778174046209, NULL, NULL, NULL, 1556898776668291074, 1556891891139461123, 'ceshi', 1660028568741, 'waiting', '0', '2022-08-09 15:02:47', NULL);
INSERT INTO `flow_user_task` VALUES (1556906174191616002, 1, '若依', 1556906174044815361, NULL, 'Y', NULL, 1556906173805740035, 1556891891139461122, 'ceshi', 1660030332291, 'pass', '0', '2022-08-09 15:32:10', '2022-08-09 15:32:13');
INSERT INTO `flow_user_task` VALUES (1556906175537987586, 100, '居强', 1556906175366021121, NULL, NULL, NULL, 1556906173805740035, 1556891891139461123, 'ceshi', 1660030332291, 'waiting', '0', '2022-08-09 15:32:11', NULL);
INSERT INTO `flow_user_task` VALUES (1556907105213857794, 1, '若依', 1556907105096417281, NULL, 'Y', NULL, 1556907104836370435, 1556891891139461122, 'ceshi', 1660030554280, 'pass', '0', '2022-08-09 15:35:52', '2022-08-09 15:35:55');
INSERT INTO `flow_user_task` VALUES (1556907106363097090, 100, '居强', 1556907106258239490, NULL, NULL, NULL, 1556907104836370435, 1556891891139461123, 'ceshi', 1660030554280, 'waiting', '0', '2022-08-09 15:35:52', NULL);
INSERT INTO `flow_user_task` VALUES (1556907387075280898, 1, '若依', 1556907386920091649, NULL, 'Y', NULL, 1556907386668433409, 1556891891139461122, 'ceshi', 1660030621516, 'pass', '0', '2022-08-09 15:36:59', '2022-08-09 15:37:02');
INSERT INTO `flow_user_task` VALUES (1556907388300017666, 100, '居强', 1556907388199354370, NULL, NULL, NULL, 1556907386668433409, 1556891891139461123, 'ceshi', 1660030621516, 'waiting', '0', '2022-08-09 15:37:00', NULL);
INSERT INTO `flow_user_task` VALUES (1557259816568467457, 1, '若依', 1557259816451026946, NULL, 'Y', NULL, 1557259816186785793, 1557256461473394690, 'ceshi', 1660114647235, 'pass', '0', '2022-08-10 14:57:25', '2022-08-10 14:57:28');
INSERT INTO `flow_user_task` VALUES (1557259819550617602, 100, '居强', 1557259819424788482, NULL, NULL, NULL, 1557259816186785793, 1557256461481783298, 'ceshi', 1660114647235, 'waiting', '0', '2022-08-10 14:57:25', NULL);
INSERT INTO `flow_user_task` VALUES (1557259819974242306, 1, '若依', 1557259819462537217, NULL, 'Y', NULL, 1557259819181518850, 1557256461473394690, 'ceshi', 1660114647767, 'pass', '0', '2022-08-10 14:57:25', '2022-08-10 14:57:28');
INSERT INTO `flow_user_task` VALUES (1557259821899427841, 100, '居强', 1557259821773598721, NULL, NULL, NULL, 1557259819181518850, 1557256461481783298, 'ceshi', 1660114647767, 'waiting', '0', '2022-08-10 14:57:26', NULL);
INSERT INTO `flow_user_task` VALUES (1557265719560613890, 1, '若依', 1557265719447367682, NULL, 'Y', NULL, 1557265719225069569, 1557256461473394690, 'ceshi', 1660116054507, 'pass', '0', '2022-08-10 15:20:52', '2022-08-10 15:20:55');
INSERT INTO `flow_user_task` VALUES (1557265720781156353, 100, '居强', 1557265720667910146, NULL, NULL, NULL, 1557265719225069569, 1557256461481783298, 'ceshi', 1660116054507, 'waiting', '0', '2022-08-10 15:20:52', NULL);
INSERT INTO `flow_user_task` VALUES (1557270369672212481, 1, '若依', 1557270369525411841, NULL, 'Y', NULL, 1557270369240199170, 1557256461473394690, 'ceshi', 1660117163127, 'pass', '0', '2022-08-10 15:39:21', '2022-08-10 15:39:24');
INSERT INTO `flow_user_task` VALUES (1557270371144413185, 100, '居强', 1557270371006001154, NULL, NULL, NULL, 1557270369240199170, 1557256461481783298, 'ceshi', 1660117163127, 'waiting', '0', '2022-08-10 15:39:21', NULL);
INSERT INTO `flow_user_task` VALUES (1557270438853062657, 1, '若依', 1557270438697873409, NULL, 'Y', NULL, 1557270438412660738, 1557256461473394690, 'ceshi', 1660117179476, 'pass', '0', '2022-08-10 15:39:37', '2022-08-10 15:39:40');
INSERT INTO `flow_user_task` VALUES (1557270440266543105, 100, '居强', 1557270440128131074, NULL, NULL, NULL, 1557270438412660738, 1557256461481783298, 'ceshi', 1660117179476, 'waiting', '0', '2022-08-10 15:39:37', NULL);
INSERT INTO `flow_user_task` VALUES (1557270493987188738, 1, '若依', 1557270493848776705, NULL, 'Y', NULL, 1557270493571952642, 1557256461473394690, 'ceshi', 1660117192950, 'pass', '0', '2022-08-10 15:39:50', '2022-08-10 15:39:53');
INSERT INTO `flow_user_task` VALUES (1557270495396474881, 100, '居强', 1557270495262257153, NULL, NULL, NULL, 1557270493571952642, 1557256461481783298, 'ceshi', 1660117192950, 'waiting', '0', '2022-08-10 15:39:51', NULL);
INSERT INTO `flow_user_task` VALUES (1557270650711552001, 1, '若依', 1557270650573139970, NULL, 'Y', NULL, 1557270650292121603, 1557256461473394690, 'ceshi', 1660117230295, 'pass', '0', '2022-08-10 15:40:28', '2022-08-10 15:40:31');
INSERT INTO `flow_user_task` VALUES (1557270652171169793, 100, '居强', 1557270652020174849, NULL, NULL, NULL, 1557270650292121603, 1557256461481783298, 'ceshi', 1660117230295, 'waiting', '0', '2022-08-10 15:40:28', NULL);
INSERT INTO `flow_user_task` VALUES (1557270767938154498, 1, '若依', 1557270767791353858, NULL, 'Y', NULL, 1557270767493558274, 1557256461473394690, 'ceshi', 1660117258254, 'pass', '0', '2022-08-10 15:40:56', '2022-08-10 15:40:59');
INSERT INTO `flow_user_task` VALUES (1557270769360023553, 100, '居强', 1557270769230000129, NULL, NULL, NULL, 1557270767493558274, 1557256461481783298, 'ceshi', 1660117258254, 'waiting', '0', '2022-08-10 15:40:56', NULL);
INSERT INTO `flow_user_task` VALUES (1557272888796360706, 1, '若依', 1557272888674725890, NULL, 'Y', NULL, 1557272888427261954, 1557256461473394690, 'ceshi', 1660117763918, 'pass', '0', '2022-08-10 15:49:21', '2022-08-10 15:49:24');
INSERT INTO `flow_user_task` VALUES (1557272890037874689, 100, '居强', 1557272889928822785, NULL, NULL, NULL, 1557272888427261954, 1557256461481783298, 'ceshi', 1660117763918, 'waiting', '0', '2022-08-10 15:49:22', NULL);
INSERT INTO `flow_user_task` VALUES (1557272930605182978, 1, '若依', 1557272930483548161, NULL, 'Y', NULL, 1557272930252861443, 1557256461473394690, 'ceshi', 1660117773901, 'pass', '0', '2022-08-10 15:49:31', '2022-08-10 15:49:34');
INSERT INTO `flow_user_task` VALUES (1557272931829919746, 100, '居强', 1557272931704090625, NULL, NULL, NULL, 1557272930252861443, 1557256461481783298, 'ceshi', 1660117773901, 'waiting', '0', '2022-08-10 15:49:31', NULL);
INSERT INTO `flow_user_task` VALUES (1557273260583661570, 1, '若依', 1557273260457832449, NULL, 'Y', NULL, 1557273260214562818, 1557256461473394690, 'ceshi', 1660117852567, 'pass', '0', '2022-08-10 15:50:50', '2022-08-10 15:50:53');
INSERT INTO `flow_user_task` VALUES (1557273261913255937, 100, '居强', 1557273261791621121, NULL, NULL, NULL, 1557273260214562818, 1557256461481783298, 'ceshi', 1660117852567, 'waiting', '0', '2022-08-10 15:50:50', NULL);
INSERT INTO `flow_user_task` VALUES (1559013171837853697, 1, '若依', 1559013171582001154, NULL, 'Y', NULL, 1559013170860580866, 1557256461473394690, 'ceshi', 1660532679096, 'pass', '0', '2022-08-15 11:04:31', '2022-08-15 11:04:59');
INSERT INTO `flow_user_task` VALUES (1559013252045529090, 100, '居强', 1559013251894534145, NULL, NULL, NULL, 1559013170860580866, 1557256461481783298, 'ceshi', 1660532679096, 'waiting', '0', '2022-08-15 11:04:50', NULL);
INSERT INTO `flow_user_task` VALUES (1559013353035980801, 1, '若依', 1559013352901763074, NULL, 'Y', NULL, 1559013352708825089, 1557256461473394690, 'ceshi', 1660532722945, 'pass', '0', '2022-08-15 11:05:14', '2022-08-15 11:05:23');
INSERT INTO `flow_user_task` VALUES (1559013354218774529, 100, '居强', 1559013354088751106, NULL, NULL, NULL, 1559013352708825089, 1557256461481783298, 'ceshi', 1660532722945, 'waiting', '0', '2022-08-15 11:05:14', NULL);
INSERT INTO `flow_user_task` VALUES (1561548093445472258, 1, '若依', 1561548093328031746, NULL, 'Y', NULL, 1561548093193814018, 1556891891139461122, 'ceshi', 1661137059289, 'pass', '0', '2022-08-22 10:57:32', '2022-08-22 10:57:32');
INSERT INTO `flow_user_task` VALUES (1561548094372413442, 100, '居强', 1561548094309498882, NULL, NULL, NULL, 1561548093193814018, 1556891891139461123, 'ceshi', 1661137059289, 'waiting', '0', '2022-08-22 10:57:32', NULL);

-- ----------------------------
-- Table structure for flow_work_order
-- ----------------------------
DROP TABLE IF EXISTS `flow_work_order`;
CREATE TABLE `flow_work_order`  (
  `id` bigint(0) NOT NULL AUTO_INCREMENT COMMENT 'id',
  `business_key` varchar(50) CHARACTER SET utf8 COLLATE utf8_general_ci NULL DEFAULT NULL COMMENT '业务key',
  `business_id` varchar(64) CHARACTER SET utf8 COLLATE utf8_general_ci NULL DEFAULT NULL COMMENT '业务id',
  `work_flow_code` varchar(50) CHARACTER SET utf8 COLLATE utf8_general_ci NULL DEFAULT NULL COMMENT '工单编号',
  `flow_main_id` bigint(0) NULL DEFAULT NULL COMMENT '流程id',
  `end_flag` char(1) CHARACTER SET utf8 COLLATE utf8_general_ci NULL DEFAULT NULL COMMENT '是否已结单',
  `close_flag` char(1) CHARACTER SET utf8 COLLATE utf8_general_ci NULL DEFAULT NULL COMMENT '是否已关闭',
  `now_module_ids` longtext CHARACTER SET utf8 COLLATE utf8_general_ci NULL COMMENT '当前节点id',
  `now_module_names` longtext CHARACTER SET utf8 COLLATE utf8_general_ci NULL COMMENT '当前节点名称',
  `now_user_ids` longtext CHARACTER SET utf8 COLLATE utf8_general_ci NULL COMMENT '当前操作人id',
  `now_user_names` longtext CHARACTER SET utf8 COLLATE utf8_general_ci NULL COMMENT '当前操作人name',
  `end_date` datetime(0) NULL DEFAULT NULL COMMENT '结束工单时间',
  `close_date` datetime(0) NULL DEFAULT NULL COMMENT '关闭工单时间',
  `todo_user_ids` longtext CHARACTER SET utf8 COLLATE utf8_general_ci NULL COMMENT '当前待办操作人id',
  `todo_user_names` longtext CHARACTER SET utf8 COLLATE utf8_general_ci NULL COMMENT '当前待办操作人name',
  `del_flag` char(1) CHARACTER SET utf8 COLLATE utf8_general_ci NULL DEFAULT '0' COMMENT '删除标志（0代表存在1代表删除）',
  `create_by` varchar(64) CHARACTER SET utf8 COLLATE utf8_general_ci NULL DEFAULT '' COMMENT '创建者',
  `create_time` datetime(0) NULL DEFAULT NULL COMMENT '创建时间',
  `update_by` varchar(64) CHARACTER SET utf8 COLLATE utf8_general_ci NULL DEFAULT '' COMMENT '更新者',
  `update_time` datetime(0) NULL DEFAULT NULL COMMENT '更新时间',
  PRIMARY KEY (`id`) USING BTREE
) ENGINE = InnoDB AUTO_INCREMENT = 1559013352708825090 CHARACTER SET = utf8 COLLATE = utf8_general_ci COMMENT = '流程工单表' ROW_FORMAT = Dynamic;

-- ----------------------------
-- Records of flow_work_order
-- ----------------------------
INSERT INTO `flow_work_order` VALUES (1552558089797758979, '333', '444', '1552558089797758978', 1552133378265698305, 'Y', 'N', NULL, NULL, NULL, NULL, '2022-07-28 15:57:30', NULL, NULL, NULL, '0', '15252500078', '2022-07-28 15:34:28', '', '2022-07-28 15:57:30');
INSERT INTO `flow_work_order` VALUES (1552579931669385218, '342323', '444', '1552579931644219394', 1552576771789803521, 'Y', 'N', NULL, NULL, NULL, NULL, '2022-07-28 17:16:50', NULL, NULL, NULL, '0', '15252500078', '2022-07-28 17:01:16', '', '2022-07-28 17:16:50');
INSERT INTO `flow_work_order` VALUES (1556567081016442882, 'ceshi', '1659949483565', '1556567080974499841', 1556546156984274945, 'N', 'N', '1556547729173057538', '开始', '1', 'admin', NULL, NULL, '1', 'admin', '0', 'admin', '2022-08-08 17:04:46', '', '2022-08-08 17:04:46');
INSERT INTO `flow_work_order` VALUES (1556567183504261122, 'ceshi', '1659949508987', '1556567183504261121', 1556546156984274945, 'N', 'N', '1556547729173057538,1556547729173057540', '开始,打2123', '1,100', '居强,若依', NULL, NULL, '100', '居强', '0', 'admin', '2022-08-08 17:05:11', '', '2022-08-09 11:01:36');
INSERT INTO `flow_work_order` VALUES (1556567482826604545, 'ceshi', '1659949579992', '1556567482788855810', 1556546156984274945, 'N', 'N', '1556547729173057538,1556547729173057540', '开始,打2123', '1,100', '居强,若依', NULL, NULL, '100', '居强', '0', 'admin', '2022-08-08 17:06:22', '', '2022-08-09 10:58:59');
INSERT INTO `flow_work_order` VALUES (1556567748971855874, 'ceshi', '1659949642688', '1556567748938301442', 1556546156984274945, 'Y', 'N', '1556547729173057538,1556547729173057540,1556547729185640450', '2323,开始,打2123', '1,2,100,103', '居强,王舸,若依', '2022-08-09 10:25:26', NULL, NULL, NULL, '0', 'admin', '2022-08-08 17:07:26', '', '2022-08-09 10:25:24');
INSERT INTO `flow_work_order` VALUES (1556829267269902337, 'ceshi', '1660011996385', '1556829267244736513', 1556546156984274945, 'N', 'N', '1556547729173057538,1556547729173057540,1556547729185640451', '喂喂喂,开始,打2123', '1,100', '居强,若依', NULL, NULL, '100', '居强', '0', 'admin', '2022-08-09 10:26:36', '', '2022-08-09 10:26:46');
INSERT INTO `flow_work_order` VALUES (1556891988887715842, 'ceshi', '1660026950357', '1556891988862550018', 1556891890938134530, 'N', 'N', '1556891891139461122,1556891891139461123', '开始,测试1', '1,100', '居强,若依', NULL, NULL, '100', '居强', '0', 'admin', '2022-08-09 14:35:50', '', '2022-08-09 14:35:49');
INSERT INTO `flow_work_order` VALUES (1556893362857820163, 'ceshi', '1660027277978', '1556893362857820162', 1556891890938134530, 'N', 'N', '1556891891139461122,1556891891139461123', '开始,测试1', '1,100', '居强,若依', NULL, NULL, '100', '居强', '0', 'admin', '2022-08-09 14:41:18', '', '2022-08-09 14:41:16');
INSERT INTO `flow_work_order` VALUES (1556893637316296705, 'ceshi', '1660027343243', '1556893637307908098', 1556891890938134530, 'N', 'N', '1556891891139461122,1556891891139461123', '开始,测试1', '1,100', '居强,若依', NULL, NULL, '100', '居强', '0', 'admin', '2022-08-09 14:42:23', '', '2022-08-09 14:42:22');
INSERT INTO `flow_work_order` VALUES (1556893926614220802, 'ceshi', '1660027412325', '1556893926605832193', 1556891890938134530, 'N', 'N', '1556891891139461122,1556891891139461123', '开始,测试1', '1,100', '居强,若依', NULL, NULL, '100', '居强', '0', 'admin', '2022-08-09 14:43:32', '', '2022-08-09 14:43:31');
INSERT INTO `flow_work_order` VALUES (1556894079823757315, 'ceshi', '1660027448922', '1556894079823757314', 1556891890938134530, 'N', 'N', '1556891891139461122,1556891891139461123', '开始,测试1', '1,100', '居强,若依', NULL, NULL, '100', '居强', '0', 'admin', '2022-08-09 14:44:09', '', '2022-08-09 14:44:07');
INSERT INTO `flow_work_order` VALUES (1556894090288545793, 'ceshi', '1660027451423', '1556894090280157185', 1556891890938134530, 'N', 'N', '1556891891139461122,1556891891139461123', '开始,测试1', '1,100', '居强,若依', NULL, NULL, '100', '居强', '0', 'admin', '2022-08-09 14:44:11', '', '2022-08-09 14:44:10');
INSERT INTO `flow_work_order` VALUES (1556894097485971458, 'ceshi', '1660027453140', '1556894097485971457', 1556891890938134530, 'Y', 'N', '1556891891139461122,1556891891139461123', '开始,测试1', '1,100', '居强,若依', '2022-08-09 15:45:22', NULL, NULL, NULL, '0', 'admin', '2022-08-09 14:44:13', '', '2022-08-09 15:45:20');
INSERT INTO `flow_work_order` VALUES (1556894486876766211, 'ceshi', '1660027545805', '1556894486876766210', 1556891890938134530, 'N', 'N', '1556891891139461122,1556891891139461123', '开始,测试1', '1,100', '居强,若依', NULL, NULL, '100', '居强', '0', 'admin', '2022-08-09 14:45:46', '', '2022-08-09 14:45:44');
INSERT INTO `flow_work_order` VALUES (1556895011370287106, 'ceshi', '1660027670948', '1556895011370287105', 1556891890938134530, 'N', 'N', '1556891891139461122,1556891891139461123', '开始,测试1', '1,100', '居强,若依', NULL, NULL, '100', '居强', '0', 'admin', '2022-08-09 14:47:51', '', '2022-08-09 14:47:49');
INSERT INTO `flow_work_order` VALUES (1556896169606365187, 'ceshi', '1660027946909', '1556896169606365186', 1556891890938134530, 'N', 'N', '1556891891139461122,1556891891139461123', '开始,测试1', '1,100', '居强,若依', NULL, NULL, '100', '居强', '0', 'admin', '2022-08-09 14:52:27', '', '2022-08-09 14:52:25');
INSERT INTO `flow_work_order` VALUES (1556898106674364419, 'ceshi', '1660028408962', '1556898106674364418', 1556891890938134530, 'N', 'N', '1556891891139461122,1556891891139461123', '开始,测试1', '1,100', '居强,若依', NULL, NULL, '100', '居强', '0', 'admin', '2022-08-09 15:00:09', '', '2022-08-09 15:00:07');
INSERT INTO `flow_work_order` VALUES (1556898776668291074, 'ceshi', '1660028568741', '1556898776668291073', 1556891890938134530, 'N', 'N', '1556891891139461122,1556891891139461123', '开始,测试1', '1,100', '居强,若依', NULL, NULL, '100', '居强', '0', 'admin', '2022-08-09 15:02:49', '', '2022-08-09 15:02:47');
INSERT INTO `flow_work_order` VALUES (1556906173805740035, 'ceshi', '1660030332291', '1556906173805740034', 1556891890938134530, 'N', 'N', '1556891891139461122,1556891891139461123', '开始,测试1', '1,100', '居强,若依', NULL, NULL, '100', '居强', '0', 'admin', '2022-08-09 15:32:12', '', '2022-08-09 15:32:11');
INSERT INTO `flow_work_order` VALUES (1556907104836370435, 'ceshi', '1660030554280', '1556907104836370434', 1556891890938134530, 'N', 'N', '1556891891139461122,1556891891139461123', '开始,测试1', '1,100', '居强,若依', NULL, NULL, '100', '居强', '0', 'admin', '2022-08-09 15:35:54', '', '2022-08-09 15:35:53');
INSERT INTO `flow_work_order` VALUES (1556907386668433409, 'ceshi', '1660030621516', '1556907386660044802', 1556891890938134530, 'N', 'N', '1556891891139461122,1556891891139461123', '开始,测试1', '1,100', '居强,若依', NULL, NULL, '100', '居强', '0', 'admin', '2022-08-09 15:37:02', '', '2022-08-09 15:37:00');
INSERT INTO `flow_work_order` VALUES (1557259816186785793, 'ceshi', '1660114647235', '1557259816161619970', 1557256461284651010, 'N', 'N', '1557256461473394690,1557256461481783298', '12322323,开始', '1,100', '居强,若依', NULL, NULL, '100', '居强', '0', 'admin', '2022-08-10 14:57:27', '', '2022-08-10 14:57:25');
INSERT INTO `flow_work_order` VALUES (1557259819181518850, 'ceshi', '1660114647767', '1557259819181518849', 1557256461284651010, 'N', 'N', '1557256461473394690,1557256461481783298', '12322323,开始', '1,100', '居强,若依', NULL, NULL, '100', '居强', '0', 'admin', '2022-08-10 14:57:28', '', '2022-08-10 14:57:26');
INSERT INTO `flow_work_order` VALUES (1557265719225069569, 'ceshi', '1660116054507', '1557265719216680961', 1557256461284651010, 'N', 'N', '1557256461473394690,1557256461481783298', '12322323,开始', '1,100', '居强,若依', NULL, NULL, '100', '居强', '0', 'admin', '2022-08-10 15:20:55', '', '2022-08-10 15:20:52');
INSERT INTO `flow_work_order` VALUES (1557270369240199170, 'ceshi', '1660117163127', '1557270369240199169', 1557256461284651010, 'N', 'N', '1557256461473394690,1557256461481783298', '12322323,开始', '1,100', '居强,若依', NULL, NULL, '100', '居强', '0', 'admin', '2022-08-10 15:39:23', '', '2022-08-10 15:39:21');
INSERT INTO `flow_work_order` VALUES (1557270438412660738, 'ceshi', '1660117179476', '1557270438412660737', 1557256461284651010, 'N', 'N', '1557256461473394690,1557256461481783298', '12322323,开始', '1,100', '居强,若依', NULL, NULL, '100', '居强', '0', 'admin', '2022-08-10 15:39:40', '', '2022-08-10 15:39:37');
INSERT INTO `flow_work_order` VALUES (1557270493571952642, 'ceshi', '1660117192950', '1557270493571952641', 1557256461284651010, 'N', 'N', '1557256461473394690,1557256461481783298', '12322323,开始', '1,100', '居强,若依', NULL, NULL, '100', '居强', '0', 'admin', '2022-08-10 15:39:53', '', '2022-08-10 15:39:51');
INSERT INTO `flow_work_order` VALUES (1557270650292121603, 'ceshi', '1660117230295', '1557270650292121602', 1557256461284651010, 'N', 'N', '1557256461473394690,1557256461481783298', '12322323,开始', '1,100', '居强,若依', NULL, NULL, '100', '居强', '0', 'admin', '2022-08-10 15:40:30', '', '2022-08-10 15:40:28');
INSERT INTO `flow_work_order` VALUES (1557270767493558274, 'ceshi', '1660117258254', '1557270767493558273', 1557256461284651010, 'N', 'N', '1557256461473394690,1557256461481783298', '12322323,开始', '1,100', '居强,若依', NULL, NULL, '100', '居强', '0', 'admin', '2022-08-10 15:40:58', '', '2022-08-10 15:40:56');
INSERT INTO `flow_work_order` VALUES (1557272888427261954, 'ceshi', '1660117763918', '1557272888427261953', 1557256461284651010, 'N', 'N', '1557256461473394690,1557256461481783298', '12322323,开始', '1,100', '居强,若依', NULL, NULL, '100', '居强', '0', 'admin', '2022-08-10 15:49:24', '', '2022-08-10 15:49:22');
INSERT INTO `flow_work_order` VALUES (1557272930252861443, 'ceshi', '1660117773901', '1557272930252861442', 1557256461284651010, 'N', 'N', '1557256461473394690,1557256461481783298', '12322323,开始', '1,100', '居强,若依', NULL, NULL, '100', '居强', '0', 'admin', '2022-08-10 15:49:34', '', '2022-08-10 15:49:32');
INSERT INTO `flow_work_order` VALUES (1557273260214562818, 'ceshi', '1660117852567', '1557273260214562817', 1557256461284651010, 'N', 'N', '1557256461473394690,1557256461481783298', '12322323,开始', '1,100', '居强,若依', NULL, NULL, '100', '居强', '0', 'admin', '2022-08-10 15:50:53', '', '2022-08-10 15:50:50');
INSERT INTO `flow_work_order` VALUES (1559013170860580866, 'ceshi', '1660532679096', '1559013170831220738', 1557256461284651010, 'N', 'N', '1557256461473394690,1557256461481783298', '12322323,开始', '1,100', '居强,若依', NULL, NULL, '100', '居强', '0', 'admin', '2022-08-15 11:04:40', '', '2022-08-15 11:04:50');
INSERT INTO `flow_work_order` VALUES (1559013352708825089, 'ceshi', '1660532722945', '1559013352645910530', 1557256461284651010, 'N', 'N', '1557256461473394690,1557256461481783298', '12322323,开始', '1,100', '居强,若依', NULL, NULL, '100', '居强', '0', 'admin', '2022-08-15 11:05:23', '', '2022-08-15 11:05:14');
INSERT INTO `flow_work_order` VALUES (1561548093193814018, 'ceshi', '1661137059289', '1561548093193814017', 1556891890938134530, 'N', 'N', '1556891891139461122,1556891891139461123', '开始,测试1', '1,100', '居强,若依', NULL, NULL, '100', '居强', '0', 'admin', '2022-08-22 10:57:32', '', '2022-08-22 10:57:32');

-- ----------------------------
-- Table structure for form_detail
-- ----------------------------
DROP TABLE IF EXISTS `form_detail`;
CREATE TABLE `form_detail`  (
  `id` bigint(0) NOT NULL AUTO_INCREMENT COMMENT 'id',
  `form_id` bigint(0) NULL DEFAULT NULL COMMENT '主表id',
  `pid` bigint(0) NULL DEFAULT NULL COMMENT '上级容器id',
  `item_type` varchar(255) CHARACTER SET utf8 COLLATE utf8_general_ci NULL DEFAULT NULL COMMENT '类型',
  PRIMARY KEY (`id`) USING BTREE
) ENGINE = InnoDB AUTO_INCREMENT = 1 CHARACTER SET = utf8 COLLATE = utf8_general_ci ROW_FORMAT = Dynamic;

-- ----------------------------
-- Table structure for form_item
-- ----------------------------
DROP TABLE IF EXISTS `form_item`;
CREATE TABLE `form_item`  (
  `id` bigint(0) NOT NULL AUTO_INCREMENT COMMENT 'id',
  `form_id` bigint(0) NULL DEFAULT NULL,
  `pid` bigint(0) NULL DEFAULT NULL,
  `item_tag` varchar(255) CHARACTER SET utf8 COLLATE utf8_general_ci NULL DEFAULT NULL,
  `item_type` varchar(255) CHARACTER SET utf8 COLLATE utf8_general_ci NULL DEFAULT NULL,
  `item_icon` varchar(255) CHARACTER SET utf8 COLLATE utf8_general_ci NULL DEFAULT NULL,
  `item_name` varchar(255) CHARACTER SET utf8 COLLATE utf8_general_ci NULL DEFAULT NULL,
  `config_json` json NULL,
  `item_sort` int(0) NULL DEFAULT NULL,
  `del_flag` char(1) CHARACTER SET utf8 COLLATE utf8_general_ci NULL DEFAULT '0' COMMENT '删除标志（0代表存在1代表删除）',
  `key` varchar(100) CHARACTER SET utf8 COLLATE utf8_general_ci NULL DEFAULT NULL,
  `pkey` varchar(100) CHARACTER SET utf8 COLLATE utf8_general_ci NULL DEFAULT NULL,
  PRIMARY KEY (`id`) USING BTREE
) ENGINE = InnoDB AUTO_INCREMENT = 1557272853476126724 CHARACTER SET = utf8 COLLATE = utf8_general_ci ROW_FORMAT = Dynamic;

-- ----------------------------
-- Records of form_item
-- ----------------------------
INSERT INTO `form_item` VALUES (1556475879864729602, 1556475879717928961, NULL, NULL, 'gridPanel', NULL, NULL, '{\"key\": \"1659927707_11799\", \"icon\": \"el-icon-s-grid\", \"name\": \"模块控件\", \"type\": \"gridPanel\", \"model\": \"gridPanel_1659927707_85423\", \"title\": \"模块控件\", \"columns\": [{\"list\": [{\"key\": \"1659927719000_16844\", \"icon\": \"el-icon-postcard\", \"name\": \"单行文本\", \"type\": \"input\", \"model\": \"input_1659927719000_16844\", \"rules\": [], \"layout\": \"inline\", \"options\": {\"filed\": \"filed165992771968134\", \"tagattr\": \"2333\", \"ctrlSpan\": 12, \"dataType\": \"string\", \"required\": true, \"dataLength\": 50, \"labelTitle\": \"单行文本\", \"remoteFunc\": \"func_1659927719000_16844\", \"placeholder\": \"\", \"defaultValue\": \"\"}, \"dragType\": \"control\", \"eventlist\": [], \"isShowCheck\": true, \"isShowSpanSetting\": true}, {\"key\": \"1659927728000_43339\", \"icon\": \"el-icon-document\", \"name\": \"富文本\", \"type\": \"editor\", \"model\": \"editor_1659927728000_43339\", \"rules\": [], \"layout\": \"inline\", \"options\": {\"filed\": \"filed165992772839319\", \"height\": 350, \"tagattr\": \"\", \"ctrlSpan\": 24, \"required\": false, \"labelTitle\": \"富文本\", \"remoteFunc\": \"func_1659927728000_43339\", \"placeholder\": \"\", \"defaultValue\": \"\"}, \"isShowSpanSetting\": true}], \"span\": 24}], \"options\": {\"tagattr\": \"\", \"idPrefix\": \"pnl_\", \"controlId\": 1659982561.592}, \"isShowSpanSetting\": true}', 0, '0', NULL, NULL);
INSERT INTO `form_item` VALUES (1556475879864729603, 1556475879717928961, 1556475879864729602, NULL, 'input', NULL, 'filed165992771968134', '{\"key\": \"1659927719000_16844\", \"icon\": \"el-icon-postcard\", \"name\": \"单行文本\", \"type\": \"input\", \"model\": \"input_1659927719000_16844\", \"rules\": [], \"layout\": \"inline\", \"options\": {\"filed\": \"filed165992771968134\", \"tagattr\": \"2333\", \"ctrlSpan\": 12, \"dataType\": \"string\", \"required\": true, \"dataLength\": 50, \"labelTitle\": \"单行文本\", \"remoteFunc\": \"func_1659927719000_16844\", \"placeholder\": \"\", \"defaultValue\": \"\"}, \"dragType\": \"control\", \"eventlist\": [], \"isShowCheck\": true, \"isShowSpanSetting\": true}', 0, '0', NULL, NULL);
INSERT INTO `form_item` VALUES (1556475879864729604, 1556475879717928961, 1556475879864729602, NULL, 'editor', NULL, 'filed165992772839319', '{\"key\": \"1659927728000_43339\", \"icon\": \"el-icon-document\", \"name\": \"富文本\", \"type\": \"editor\", \"model\": \"editor_1659927728000_43339\", \"rules\": [], \"layout\": \"inline\", \"options\": {\"filed\": \"filed165992772839319\", \"height\": 350, \"tagattr\": \"\", \"ctrlSpan\": 24, \"required\": false, \"labelTitle\": \"富文本\", \"remoteFunc\": \"func_1659927728000_43339\", \"placeholder\": \"\", \"defaultValue\": \"\"}, \"isShowSpanSetting\": true}', 1, '0', NULL, NULL);
INSERT INTO `form_item` VALUES (1556475879864729605, 1556475879717928961, NULL, NULL, 'collapse', NULL, NULL, '{\"key\": \"1659927716000_32423\", \"icon\": \"el-icon-s-fold\", \"name\": \"折叠面板\", \"type\": \"collapse\", \"model\": \"collapse_1659927716000_32423\", \"rules\": [], \"layout\": \"inline\", \"options\": {\"tagattr\": \"\", \"describe\": \"\", \"panelist\": [{\"name\": \"collapse1\", \"title\": \"面板1\", \"columns\": [{\"list\": [{\"key\": \"1659927726000_98577\", \"icon\": \"el-icon-thumb\", \"name\": \"单选控件\", \"type\": \"radio\", \"model\": \"radio_1659927726000_98577\", \"rules\": [], \"layout\": \"inline\", \"options\": {\"filed\": \"filed165992772615036\", \"options\": [{\"label\": \"选项1\", \"value\": \"1\"}], \"tagattr\": \"\", \"ctrlSpan\": 12, \"required\": false, \"labelTitle\": \"单选项\", \"remoteFunc\": \"func_1659927726000_98577\", \"defaultValue\": \"\"}, \"dragType\": \"control\", \"eventlist\": [], \"isShowCheck\": true, \"isShowSpanSetting\": true}, {\"key\": \"1659927733000_78247\", \"icon\": \"el-icon-circle-plus-outline\", \"name\": \"数字控件\", \"type\": \"inputnumber\", \"model\": \"inputnumber_1659927733000_78247\", \"rules\": [], \"layout\": \"inline\", \"options\": {\"max\": \"10000000000\", \"min\": \"-10000000000\", \"step\": \"1\", \"filed\": \"filed165992773346716\", \"tagattr\": \"\", \"ctrlSpan\": 12, \"required\": false, \"precision\": \"0\", \"labelTitle\": \"数字\", \"remoteFunc\": \"func_1659927733000_78247\", \"defaultValue\": 0}, \"dragType\": \"control\", \"eventlist\": [], \"isShowSpanSetting\": true}], \"span\": 24}]}, {\"name\": \"collapse2\", \"title\": \"面板2\", \"columns\": [{\"list\": [{\"key\": \"1659927735000_22313\", \"icon\": \"el-icon-upload2\", \"name\": \"上传控件\", \"type\": \"upFilesComp\", \"model\": \"upFilesComp_1659927735000_22313\", \"rules\": [], \"layout\": \"inline\", \"options\": {\"filed\": \"filed165992773575895\", \"limit\": 1, \"tagattr\": \"\", \"fileSize\": 10, \"fileType\": \"\", \"required\": false, \"isShowTip\": true, \"labelTitle\": \"上传\", \"remoteFunc\": \"func_1659927735000_22313\"}, \"isShowSpanSetting\": true}], \"span\": 24}]}], \"remoteFunc\": \"func_1659927716000_32423\"}, \"isShowSpanSetting\": true}', 1, '0', NULL, NULL);
INSERT INTO `form_item` VALUES (1556475879864729606, 1556475879717928961, 1556475879864729605, NULL, 'collapse_pane', NULL, NULL, '{\"name\": \"collapse1\", \"title\": \"面板1\", \"columns\": [{\"list\": [{\"key\": \"1659927726000_98577\", \"icon\": \"el-icon-thumb\", \"name\": \"单选控件\", \"type\": \"radio\", \"model\": \"radio_1659927726000_98577\", \"rules\": [], \"layout\": \"inline\", \"options\": {\"filed\": \"filed165992772615036\", \"options\": [{\"label\": \"选项1\", \"value\": \"1\"}], \"tagattr\": \"\", \"ctrlSpan\": 12, \"required\": false, \"labelTitle\": \"单选项\", \"remoteFunc\": \"func_1659927726000_98577\", \"defaultValue\": \"\"}, \"dragType\": \"control\", \"eventlist\": [], \"isShowCheck\": true, \"isShowSpanSetting\": true}, {\"key\": \"1659927733000_78247\", \"icon\": \"el-icon-circle-plus-outline\", \"name\": \"数字控件\", \"type\": \"inputnumber\", \"model\": \"inputnumber_1659927733000_78247\", \"rules\": [], \"layout\": \"inline\", \"options\": {\"max\": \"10000000000\", \"min\": \"-10000000000\", \"step\": \"1\", \"filed\": \"filed165992773346716\", \"tagattr\": \"\", \"ctrlSpan\": 12, \"required\": false, \"precision\": \"0\", \"labelTitle\": \"数字\", \"remoteFunc\": \"func_1659927733000_78247\", \"defaultValue\": 0}, \"dragType\": \"control\", \"eventlist\": [], \"isShowSpanSetting\": true}], \"span\": 24}]}', 0, '0', NULL, NULL);
INSERT INTO `form_item` VALUES (1556475879864729607, 1556475879717928961, 1556475879864729606, NULL, 'radio', NULL, 'filed165992772615036', '{\"key\": \"1659927726000_98577\", \"icon\": \"el-icon-thumb\", \"name\": \"单选控件\", \"type\": \"radio\", \"model\": \"radio_1659927726000_98577\", \"rules\": [], \"layout\": \"inline\", \"options\": {\"filed\": \"filed165992772615036\", \"options\": [{\"label\": \"选项1\", \"value\": \"1\"}], \"tagattr\": \"\", \"ctrlSpan\": 12, \"required\": false, \"labelTitle\": \"单选项\", \"remoteFunc\": \"func_1659927726000_98577\", \"defaultValue\": \"\"}, \"dragType\": \"control\", \"eventlist\": [], \"isShowCheck\": true, \"isShowSpanSetting\": true}', 0, '0', NULL, NULL);
INSERT INTO `form_item` VALUES (1556475879864729608, 1556475879717928961, 1556475879864729606, NULL, 'inputnumber', NULL, 'filed165992773346716', '{\"key\": \"1659927733000_78247\", \"icon\": \"el-icon-circle-plus-outline\", \"name\": \"数字控件\", \"type\": \"inputnumber\", \"model\": \"inputnumber_1659927733000_78247\", \"rules\": [], \"layout\": \"inline\", \"options\": {\"max\": \"10000000000\", \"min\": \"-10000000000\", \"step\": \"1\", \"filed\": \"filed165992773346716\", \"tagattr\": \"\", \"ctrlSpan\": 12, \"required\": false, \"precision\": \"0\", \"labelTitle\": \"数字\", \"remoteFunc\": \"func_1659927733000_78247\", \"defaultValue\": 0}, \"dragType\": \"control\", \"eventlist\": [], \"isShowSpanSetting\": true}', 1, '0', NULL, NULL);
INSERT INTO `form_item` VALUES (1556475879864729609, 1556475879717928961, 1556475879864729605, NULL, 'collapse_pane', NULL, NULL, '{\"name\": \"collapse2\", \"title\": \"面板2\", \"columns\": [{\"list\": [{\"key\": \"1659927735000_22313\", \"icon\": \"el-icon-upload2\", \"name\": \"上传控件\", \"type\": \"upFilesComp\", \"model\": \"upFilesComp_1659927735000_22313\", \"rules\": [], \"layout\": \"inline\", \"options\": {\"filed\": \"filed165992773575895\", \"limit\": 1, \"tagattr\": \"\", \"fileSize\": 10, \"fileType\": \"\", \"required\": false, \"isShowTip\": true, \"labelTitle\": \"上传\", \"remoteFunc\": \"func_1659927735000_22313\"}, \"isShowSpanSetting\": true}], \"span\": 24}]}', 1, '0', NULL, NULL);
INSERT INTO `form_item` VALUES (1556475879864729610, 1556475879717928961, 1556475879864729609, NULL, 'upFilesComp', NULL, 'filed165992773575895', '{\"key\": \"1659927735000_22313\", \"icon\": \"el-icon-upload2\", \"name\": \"上传控件\", \"type\": \"upFilesComp\", \"model\": \"upFilesComp_1659927735000_22313\", \"rules\": [], \"layout\": \"inline\", \"options\": {\"filed\": \"filed165992773575895\", \"limit\": 1, \"tagattr\": \"\", \"fileSize\": 10, \"fileType\": \"\", \"required\": false, \"isShowTip\": true, \"labelTitle\": \"上传\", \"remoteFunc\": \"func_1659927735000_22313\"}, \"isShowSpanSetting\": true}', 0, '0', NULL, NULL);
INSERT INTO `form_item` VALUES (1556475879864729611, 1556475879717928961, NULL, NULL, 'tabs', NULL, NULL, '{\"key\": \"1659927714000_41276\", \"icon\": \"el-icon-collection-tag\", \"name\": \"标签页\", \"type\": \"tabs\", \"model\": \"tabs_1659927714000_41276\", \"rules\": [], \"layout\": \"inline\", \"options\": {\"type\": \"\", \"tagattr\": \"\", \"describe\": \"\", \"idPrefix\": \"tabs_\", \"panelist\": [{\"name\": \"tab1\", \"title\": \"用户管理\", \"columns\": [{\"list\": [{\"key\": \"1659927737000_39920\", \"icon\": \"el-icon-upload2\", \"name\": \"上传控件\", \"type\": \"upFilesComp\", \"model\": \"upFilesComp_1659927737000_39920\", \"rules\": [], \"layout\": \"inline\", \"options\": {\"filed\": \"filed165992773778929\", \"limit\": 1, \"tagattr\": \"\", \"fileSize\": 10, \"fileType\": \"\", \"required\": false, \"isShowTip\": true, \"labelTitle\": \"上传\", \"remoteFunc\": \"func_1659927737000_39920\"}, \"isShowSpanSetting\": true}], \"span\": 24}]}, {\"name\": \"tab2\", \"title\": \"用户管理2\", \"columns\": [{\"list\": [{\"key\": \"1659927739000_48160\", \"icon\": \"el-icon-picture-outline\", \"name\": \"图片控件\", \"type\": \"imgage\", \"model\": \"imgage_1659927739000_48160\", \"rules\": [], \"layout\": \"inline\", \"options\": {\"filed\": \"filed165992773993675\", \"limit\": 1, \"langId\": \"\", \"tagattr\": \"\", \"describe\": \"\", \"fileSize\": 10, \"fileType\": \"\", \"idPrefix\": \"img_\", \"isShowTip\": true, \"labelTitle\": \"图片\", \"remoteFunc\": \"func_1659927739000_48160\"}, \"eventlist\": [], \"isShowSpanSetting\": true}], \"span\": 24}]}], \"remoteFunc\": \"func_1659927714000_41276\", \"tabPosition\": \"top\"}, \"isShowSpanSetting\": true}', 2, '0', NULL, NULL);
INSERT INTO `form_item` VALUES (1556475879864729612, 1556475879717928961, 1556475879864729611, NULL, 'tabs_pane', NULL, NULL, '{\"name\": \"tab1\", \"title\": \"用户管理\", \"columns\": [{\"list\": [{\"key\": \"1659927737000_39920\", \"icon\": \"el-icon-upload2\", \"name\": \"上传控件\", \"type\": \"upFilesComp\", \"model\": \"upFilesComp_1659927737000_39920\", \"rules\": [], \"layout\": \"inline\", \"options\": {\"filed\": \"filed165992773778929\", \"limit\": 1, \"tagattr\": \"\", \"fileSize\": 10, \"fileType\": \"\", \"required\": false, \"isShowTip\": true, \"labelTitle\": \"上传\", \"remoteFunc\": \"func_1659927737000_39920\"}, \"isShowSpanSetting\": true}], \"span\": 24}]}', 0, '0', NULL, NULL);
INSERT INTO `form_item` VALUES (1556475879864729613, 1556475879717928961, 1556475879864729612, NULL, 'upFilesComp', NULL, 'filed165992773778929', '{\"key\": \"1659927737000_39920\", \"icon\": \"el-icon-upload2\", \"name\": \"上传控件\", \"type\": \"upFilesComp\", \"model\": \"upFilesComp_1659927737000_39920\", \"rules\": [], \"layout\": \"inline\", \"options\": {\"filed\": \"filed165992773778929\", \"limit\": 1, \"tagattr\": \"\", \"fileSize\": 10, \"fileType\": \"\", \"required\": false, \"isShowTip\": true, \"labelTitle\": \"上传\", \"remoteFunc\": \"func_1659927737000_39920\"}, \"isShowSpanSetting\": true}', 0, '0', NULL, NULL);
INSERT INTO `form_item` VALUES (1556475879864729614, 1556475879717928961, 1556475879864729611, NULL, 'tabs_pane', NULL, NULL, '{\"name\": \"tab2\", \"title\": \"用户管理2\", \"columns\": [{\"list\": [{\"key\": \"1659927739000_48160\", \"icon\": \"el-icon-picture-outline\", \"name\": \"图片控件\", \"type\": \"imgage\", \"model\": \"imgage_1659927739000_48160\", \"rules\": [], \"layout\": \"inline\", \"options\": {\"filed\": \"filed165992773993675\", \"limit\": 1, \"langId\": \"\", \"tagattr\": \"\", \"describe\": \"\", \"fileSize\": 10, \"fileType\": \"\", \"idPrefix\": \"img_\", \"isShowTip\": true, \"labelTitle\": \"图片\", \"remoteFunc\": \"func_1659927739000_48160\"}, \"eventlist\": [], \"isShowSpanSetting\": true}], \"span\": 24}]}', 1, '0', NULL, NULL);
INSERT INTO `form_item` VALUES (1556475879864729615, 1556475879717928961, 1556475879864729614, NULL, 'imgage', NULL, 'filed165992773993675', '{\"key\": \"1659927739000_48160\", \"icon\": \"el-icon-picture-outline\", \"name\": \"图片控件\", \"type\": \"imgage\", \"model\": \"imgage_1659927739000_48160\", \"rules\": [], \"layout\": \"inline\", \"options\": {\"filed\": \"filed165992773993675\", \"limit\": 1, \"langId\": \"\", \"tagattr\": \"\", \"describe\": \"\", \"fileSize\": 10, \"fileType\": \"\", \"idPrefix\": \"img_\", \"isShowTip\": true, \"labelTitle\": \"图片\", \"remoteFunc\": \"func_1659927739000_48160\"}, \"eventlist\": [], \"isShowSpanSetting\": true}', 0, '0', NULL, NULL);
INSERT INTO `form_item` VALUES (1556540319335297026, 1556540318597099522, NULL, NULL, 'gridPanel', NULL, NULL, '{\"key\": \"1659943079_26169\", \"icon\": \"el-icon-s-grid\", \"name\": \"模块控件\", \"type\": \"gridPanel\", \"model\": \"gridPanel_1659943079_71186\", \"title\": \"模块控件\", \"columns\": [{\"list\": [{\"key\": \"1659943094000_66136\", \"icon\": \"el-icon-postcard\", \"name\": \"单行文本\", \"type\": \"input\", \"model\": \"input_1659943094000_66136\", \"rules\": [], \"layout\": \"inline\", \"options\": {\"filed\": \"filed165994309469805\", \"tagattr\": \"\", \"ctrlSpan\": 12, \"dataType\": \"string\", \"required\": true, \"dataLength\": 50, \"labelTitle\": \"单行文本\", \"remoteFunc\": \"func_1659943094000_66136\", \"placeholder\": \"\", \"defaultValue\": \"\"}, \"dragType\": \"control\", \"eventlist\": [], \"isShowCheck\": true, \"isShowSpanSetting\": true}, {\"key\": \"1659943098000_98803\", \"icon\": \"el-icon-circle-plus-outline\", \"name\": \"数字控件\", \"type\": \"inputnumber\", \"model\": \"inputnumber_1659943098000_98803\", \"rules\": [], \"layout\": \"inline\", \"options\": {\"max\": \"10000000000\", \"min\": \"-10000000000\", \"step\": \"1\", \"filed\": \"filed165994309885605\", \"tagattr\": \"\", \"ctrlSpan\": 12, \"required\": true, \"precision\": \"0\", \"labelTitle\": \"数字\", \"remoteFunc\": \"func_1659943098000_98803\", \"defaultValue\": 0}, \"dragType\": \"control\", \"eventlist\": [], \"isShowSpanSetting\": true}], \"span\": 24}], \"options\": {\"tagattr\": \"\", \"idPrefix\": \"pnl_\", \"controlId\": 1659980869.989}, \"isShowSpanSetting\": true}', 0, '0', NULL, NULL);
INSERT INTO `form_item` VALUES (1556540319335297027, 1556540318597099522, 1556540319335297026, NULL, 'input', NULL, 'filed165994309469805', '{\"key\": \"1659943094000_66136\", \"icon\": \"el-icon-postcard\", \"name\": \"单行文本\", \"type\": \"input\", \"model\": \"input_1659943094000_66136\", \"rules\": [], \"layout\": \"inline\", \"options\": {\"filed\": \"filed165994309469805\", \"tagattr\": \"\", \"ctrlSpan\": 12, \"dataType\": \"string\", \"required\": true, \"dataLength\": 50, \"labelTitle\": \"单行文本\", \"remoteFunc\": \"func_1659943094000_66136\", \"placeholder\": \"\", \"defaultValue\": \"\"}, \"dragType\": \"control\", \"eventlist\": [], \"isShowCheck\": true, \"isShowSpanSetting\": true}', 0, '0', NULL, NULL);
INSERT INTO `form_item` VALUES (1556540319335297028, 1556540318597099522, 1556540319335297026, NULL, 'inputnumber', NULL, 'filed165994309885605', '{\"key\": \"1659943098000_98803\", \"icon\": \"el-icon-circle-plus-outline\", \"name\": \"数字控件\", \"type\": \"inputnumber\", \"model\": \"inputnumber_1659943098000_98803\", \"rules\": [], \"layout\": \"inline\", \"options\": {\"max\": \"10000000000\", \"min\": \"-10000000000\", \"step\": \"1\", \"filed\": \"filed165994309885605\", \"tagattr\": \"\", \"ctrlSpan\": 12, \"required\": true, \"precision\": \"0\", \"labelTitle\": \"数字\", \"remoteFunc\": \"func_1659943098000_98803\", \"defaultValue\": 0}, \"dragType\": \"control\", \"eventlist\": [], \"isShowSpanSetting\": true}', 1, '0', NULL, NULL);
INSERT INTO `form_item` VALUES (1556540569785577473, 1556540318597099522, NULL, NULL, 'tabs', NULL, NULL, '{\"key\": \"1659943130000_71330\", \"icon\": \"el-icon-collection-tag\", \"name\": \"标签页\", \"type\": \"tabs\", \"model\": \"tabs_1659943130000_71330\", \"rules\": [], \"layout\": \"inline\", \"options\": {\"type\": \"\", \"tagattr\": \"\", \"describe\": \"\", \"idPrefix\": \"tabs_\", \"panelist\": [{\"name\": \"tab1\", \"title\": \"面板1\", \"columns\": [{\"list\": [{\"key\": \"1659943150000_77497\", \"icon\": \"el-icon-finished\", \"name\": \"下拉列表\", \"type\": \"select\", \"model\": \"select_1659943150000_77497\", \"rules\": [], \"layout\": \"inline\", \"options\": {\"edit\": \"\", \"filed\": \"filed165994315059286\", \"isMulty\": false, \"options\": [{\"label\": \"选项1\", \"value\": \"1\"}, {\"label\": \"选项2\", \"value\": \"2\"}, {\"label\": \"选项3\", \"value\": 3}], \"tagattr\": \"\", \"ctrlSpan\": 12, \"isRemote\": false, \"isSearch\": false, \"required\": true, \"sourceApi\": \"\", \"textField\": \"Text\", \"labelTitle\": \"下拉列表\", \"remoteFunc\": \"func_1659943150000_77497\", \"valueField\": \"Value\", \"placeholder\": \"\", \"defaultValue\": \"\"}, \"dragType\": \"control\", \"eventlist\": [], \"isShowCheck\": true, \"isShowSpanSetting\": true}], \"span\": 24}]}, {\"name\": \"tab2\", \"title\": \"用户管理2\", \"columns\": [{\"list\": [{\"key\": \"1659943162000_93794\", \"icon\": \"el-icon-postcard\", \"name\": \"单行文本\", \"type\": \"input\", \"model\": \"input_1659943162000_93794\", \"rules\": [], \"layout\": \"inline\", \"options\": {\"filed\": \"filed165994316236053\", \"tagattr\": \"\", \"ctrlSpan\": 12, \"dataType\": \"string\", \"required\": false, \"dataLength\": 50, \"labelTitle\": \"单行文本\", \"remoteFunc\": \"func_1659943162000_93794\", \"placeholder\": \"\", \"defaultValue\": \"\"}, \"dragType\": \"control\", \"eventlist\": [], \"isShowCheck\": true, \"isShowSpanSetting\": true}], \"span\": 24}]}], \"remoteFunc\": \"func_1659943130000_71330\", \"tabPosition\": \"top\"}, \"isShowSpanSetting\": true}', 0, '0', NULL, NULL);
INSERT INTO `form_item` VALUES (1556540569785577474, 1556540318597099522, 1556540569785577473, NULL, 'tabs_pane', NULL, NULL, '{\"name\": \"tab1\", \"title\": \"面板1\", \"columns\": [{\"list\": [{\"key\": \"1659943150000_77497\", \"icon\": \"el-icon-finished\", \"name\": \"下拉列表\", \"type\": \"select\", \"model\": \"select_1659943150000_77497\", \"rules\": [], \"layout\": \"inline\", \"options\": {\"edit\": \"\", \"filed\": \"filed165994315059286\", \"isMulty\": false, \"options\": [{\"label\": \"选项1\", \"value\": \"1\"}, {\"label\": \"选项2\", \"value\": \"2\"}, {\"label\": \"选项3\", \"value\": 3}], \"tagattr\": \"\", \"ctrlSpan\": 12, \"isRemote\": false, \"isSearch\": false, \"required\": true, \"sourceApi\": \"\", \"textField\": \"Text\", \"labelTitle\": \"下拉列表\", \"remoteFunc\": \"func_1659943150000_77497\", \"valueField\": \"Value\", \"placeholder\": \"\", \"defaultValue\": \"\"}, \"dragType\": \"control\", \"eventlist\": [], \"isShowCheck\": true, \"isShowSpanSetting\": true}], \"span\": 24}]}', 0, '0', NULL, NULL);
INSERT INTO `form_item` VALUES (1556540569785577475, 1556540318597099522, 1556540569785577474, NULL, 'select', NULL, 'filed165994315059286', '{\"key\": \"1659943150000_77497\", \"icon\": \"el-icon-finished\", \"name\": \"下拉列表\", \"type\": \"select\", \"model\": \"select_1659943150000_77497\", \"rules\": [], \"layout\": \"inline\", \"options\": {\"edit\": \"\", \"filed\": \"filed165994315059286\", \"isMulty\": false, \"options\": [{\"label\": \"选项1\", \"value\": \"1\"}, {\"label\": \"选项2\", \"value\": \"2\"}, {\"label\": \"选项3\", \"value\": 3}], \"tagattr\": \"\", \"ctrlSpan\": 12, \"isRemote\": false, \"isSearch\": false, \"required\": true, \"sourceApi\": \"\", \"textField\": \"Text\", \"labelTitle\": \"下拉列表\", \"remoteFunc\": \"func_1659943150000_77497\", \"valueField\": \"Value\", \"placeholder\": \"\", \"defaultValue\": \"\"}, \"dragType\": \"control\", \"eventlist\": [], \"isShowCheck\": true, \"isShowSpanSetting\": true}', 0, '0', NULL, NULL);
INSERT INTO `form_item` VALUES (1556540569785577476, 1556540318597099522, 1556540569785577473, NULL, 'tabs_pane', NULL, NULL, '{\"name\": \"tab2\", \"title\": \"用户管理2\", \"columns\": [{\"list\": [{\"key\": \"1659943162000_93794\", \"icon\": \"el-icon-postcard\", \"name\": \"单行文本\", \"type\": \"input\", \"model\": \"input_1659943162000_93794\", \"rules\": [], \"layout\": \"inline\", \"options\": {\"filed\": \"filed165994316236053\", \"tagattr\": \"\", \"ctrlSpan\": 12, \"dataType\": \"string\", \"required\": false, \"dataLength\": 50, \"labelTitle\": \"单行文本\", \"remoteFunc\": \"func_1659943162000_93794\", \"placeholder\": \"\", \"defaultValue\": \"\"}, \"dragType\": \"control\", \"eventlist\": [], \"isShowCheck\": true, \"isShowSpanSetting\": true}], \"span\": 24}]}', 1, '0', NULL, NULL);
INSERT INTO `form_item` VALUES (1556540569785577477, 1556540318597099522, 1556540569785577476, NULL, 'input', NULL, 'filed165994316236053', '{\"key\": \"1659943162000_93794\", \"icon\": \"el-icon-postcard\", \"name\": \"单行文本\", \"type\": \"input\", \"model\": \"input_1659943162000_93794\", \"rules\": [], \"layout\": \"inline\", \"options\": {\"filed\": \"filed165994316236053\", \"tagattr\": \"\", \"ctrlSpan\": 12, \"dataType\": \"string\", \"required\": false, \"dataLength\": 50, \"labelTitle\": \"单行文本\", \"remoteFunc\": \"func_1659943162000_93794\", \"placeholder\": \"\", \"defaultValue\": \"\"}, \"dragType\": \"control\", \"eventlist\": [], \"isShowCheck\": true, \"isShowSpanSetting\": true}', 0, '0', NULL, NULL);
INSERT INTO `form_item` VALUES (1556540669383520257, 1556540318597099522, NULL, NULL, 'gridPanel', NULL, NULL, '{\"key\": \"1659943079_26169\", \"icon\": \"el-icon-s-grid\", \"name\": \"模块控件\", \"type\": \"gridPanel\", \"model\": \"gridPanel_1659943079_71186\", \"title\": \"模块控件\", \"columns\": [{\"list\": [{\"id\": \"1556540319335297027\", \"key\": \"1659943094000_66136\", \"icon\": \"el-icon-postcard\", \"name\": \"单行文本\", \"type\": \"input\", \"model\": \"input_1659943094000_66136\", \"rules\": [], \"layout\": \"inline\", \"options\": {\"filed\": \"filed165994309469805\", \"tagattr\": \"\", \"ctrlSpan\": 12, \"dataType\": \"string\", \"required\": true, \"dataLength\": 50, \"labelTitle\": \"单行文本\", \"remoteFunc\": \"func_1659943094000_66136\", \"placeholder\": \"\", \"defaultValue\": \"\"}, \"dragType\": \"control\", \"eventlist\": [], \"isShowCheck\": true, \"isShowSpanSetting\": true}, {\"id\": \"1556540319335297028\", \"key\": \"1659943098000_98803\", \"icon\": \"el-icon-circle-plus-outline\", \"name\": \"数字控件\", \"type\": \"inputnumber\", \"model\": \"inputnumber_1659943098000_98803\", \"rules\": [], \"layout\": \"inline\", \"options\": {\"max\": \"10000000000\", \"min\": \"-10000000000\", \"step\": \"1\", \"filed\": \"filed165994309885605\", \"tagattr\": \"\", \"ctrlSpan\": 12, \"required\": true, \"precision\": \"0\", \"labelTitle\": \"数字\", \"remoteFunc\": \"func_1659943098000_98803\", \"defaultValue\": 0}, \"dragType\": \"control\", \"eventlist\": [], \"isShowSpanSetting\": true}], \"span\": 24}], \"options\": {\"tagattr\": \"\", \"idPrefix\": \"pnl_\", \"controlId\": 1659980869.989}, \"isShowSpanSetting\": true}', 0, '0', NULL, NULL);
INSERT INTO `form_item` VALUES (1556540669383520258, 1556540318597099522, 1556540669383520257, NULL, 'input', NULL, 'filed165994309469805', '{\"id\": \"1556540319335297027\", \"key\": \"1659943094000_66136\", \"icon\": \"el-icon-postcard\", \"name\": \"单行文本\", \"type\": \"input\", \"model\": \"input_1659943094000_66136\", \"rules\": [], \"layout\": \"inline\", \"options\": {\"filed\": \"filed165994309469805\", \"tagattr\": \"\", \"ctrlSpan\": 12, \"dataType\": \"string\", \"required\": true, \"dataLength\": 50, \"labelTitle\": \"单行文本\", \"remoteFunc\": \"func_1659943094000_66136\", \"placeholder\": \"\", \"defaultValue\": \"\"}, \"dragType\": \"control\", \"eventlist\": [], \"isShowCheck\": true, \"isShowSpanSetting\": true}', 0, '0', NULL, NULL);
INSERT INTO `form_item` VALUES (1556540669383520259, 1556540318597099522, 1556540669383520257, NULL, 'inputnumber', NULL, 'filed165994309885605', '{\"id\": \"1556540319335297028\", \"key\": \"1659943098000_98803\", \"icon\": \"el-icon-circle-plus-outline\", \"name\": \"数字控件\", \"type\": \"inputnumber\", \"model\": \"inputnumber_1659943098000_98803\", \"rules\": [], \"layout\": \"inline\", \"options\": {\"max\": \"10000000000\", \"min\": \"-10000000000\", \"step\": \"1\", \"filed\": \"filed165994309885605\", \"tagattr\": \"\", \"ctrlSpan\": 12, \"required\": true, \"precision\": \"0\", \"labelTitle\": \"数字\", \"remoteFunc\": \"func_1659943098000_98803\", \"defaultValue\": 0}, \"dragType\": \"control\", \"eventlist\": [], \"isShowSpanSetting\": true}', 1, '0', NULL, NULL);
INSERT INTO `form_item` VALUES (1556540807875244033, 1556540807673917442, NULL, NULL, 'gridPanel', NULL, NULL, '{\"key\": \"1659943205_29891\", \"icon\": \"el-icon-s-grid\", \"name\": \"模块控件\", \"type\": \"gridPanel\", \"model\": \"gridPanel_1659943205_1677\", \"title\": \"模块控件\", \"columns\": [{\"list\": [{\"key\": \"1659943216000_19087\", \"icon\": \"el-icon-postcard\", \"name\": \"单行文本\", \"type\": \"input\", \"model\": \"input_1659943216000_19087\", \"rules\": [], \"layout\": \"inline\", \"options\": {\"filed\": \"filed165994321646988\", \"tagattr\": \"\", \"ctrlSpan\": 12, \"dataType\": \"string\", \"required\": false, \"dataLength\": 50, \"labelTitle\": \"单行文本\", \"remoteFunc\": \"func_1659943216000_19087\", \"placeholder\": \"\", \"defaultValue\": \"\"}, \"dragType\": \"control\", \"eventlist\": [], \"isShowCheck\": true, \"isShowSpanSetting\": true}, {\"key\": \"1659943218000_26352\", \"icon\": \"el-icon-postcard\", \"name\": \"单行文本\", \"type\": \"input\", \"model\": \"input_1659943218000_26352\", \"rules\": [], \"layout\": \"inline\", \"options\": {\"filed\": \"filed165994321820910\", \"tagattr\": \"\", \"ctrlSpan\": 12, \"dataType\": \"string\", \"required\": true, \"dataLength\": 50, \"labelTitle\": \"单行文本2\", \"remoteFunc\": \"func_1659943218000_26352\", \"placeholder\": \"\", \"defaultValue\": \"\"}, \"dragType\": \"control\", \"eventlist\": [], \"isShowCheck\": true, \"isShowSpanSetting\": true}], \"span\": 24}], \"options\": {\"tagattr\": \"\", \"idPrefix\": \"pnl_\", \"controlId\": 1659990164.565}, \"isShowSpanSetting\": true}', 0, '0', NULL, NULL);
INSERT INTO `form_item` VALUES (1556540807875244034, 1556540807673917442, 1556540807875244033, NULL, 'input', NULL, 'filed165994321646988', '{\"key\": \"1659943216000_19087\", \"icon\": \"el-icon-postcard\", \"name\": \"单行文本\", \"type\": \"input\", \"model\": \"input_1659943216000_19087\", \"rules\": [], \"layout\": \"inline\", \"options\": {\"filed\": \"filed165994321646988\", \"tagattr\": \"\", \"ctrlSpan\": 12, \"dataType\": \"string\", \"required\": false, \"dataLength\": 50, \"labelTitle\": \"单行文本\", \"remoteFunc\": \"func_1659943216000_19087\", \"placeholder\": \"\", \"defaultValue\": \"\"}, \"dragType\": \"control\", \"eventlist\": [], \"isShowCheck\": true, \"isShowSpanSetting\": true}', 0, '0', NULL, NULL);
INSERT INTO `form_item` VALUES (1556540807875244035, 1556540807673917442, 1556540807875244033, NULL, 'input', NULL, 'filed165994321820910', '{\"key\": \"1659943218000_26352\", \"icon\": \"el-icon-postcard\", \"name\": \"单行文本\", \"type\": \"input\", \"model\": \"input_1659943218000_26352\", \"rules\": [], \"layout\": \"inline\", \"options\": {\"filed\": \"filed165994321820910\", \"tagattr\": \"\", \"ctrlSpan\": 12, \"dataType\": \"string\", \"required\": true, \"dataLength\": 50, \"labelTitle\": \"单行文本2\", \"remoteFunc\": \"func_1659943218000_26352\", \"placeholder\": \"\", \"defaultValue\": \"\"}, \"dragType\": \"control\", \"eventlist\": [], \"isShowCheck\": true, \"isShowSpanSetting\": true}', 1, '0', NULL, NULL);
INSERT INTO `form_item` VALUES (1556540889995522050, 1556540889769029634, NULL, NULL, 'gridPanel', NULL, NULL, '{\"key\": \"1659943226_91230\", \"icon\": \"el-icon-s-grid\", \"name\": \"模块控件\", \"type\": \"gridPanel\", \"model\": \"gridPanel_1659943226_91686\", \"title\": \"模块控件\", \"columns\": [{\"list\": [{\"key\": \"1659943235000_62728\", \"icon\": \"el-icon-circle-plus-outline\", \"name\": \"数字控件\", \"type\": \"inputnumber\", \"model\": \"inputnumber_1659943235000_62728\", \"rules\": [], \"layout\": \"inline\", \"options\": {\"max\": \"10000000000\", \"min\": \"-10000000000\", \"step\": \"1\", \"filed\": \"filed165994323562407\", \"tagattr\": \"\", \"ctrlSpan\": 12, \"required\": true, \"precision\": \"0\", \"labelTitle\": \"数字\", \"remoteFunc\": \"func_1659943235000_62728\", \"defaultValue\": 0}, \"dragType\": \"control\", \"eventlist\": [], \"isShowSpanSetting\": true}, {\"key\": \"1659943240000_67264\", \"icon\": \"el-icon-finished\", \"name\": \"下拉列表\", \"type\": \"select\", \"model\": \"select_1659943240000_67264\", \"rules\": [], \"layout\": \"inline\", \"options\": {\"edit\": \"\", \"filed\": \"filed16599432407204\", \"isMulty\": false, \"options\": [{\"label\": \"选项1\", \"value\": \"1\"}, {\"label\": \"选项2\", \"value\": \"2\"}], \"tagattr\": \"\", \"ctrlSpan\": 12, \"isRemote\": false, \"isSearch\": false, \"required\": false, \"sourceApi\": \"\", \"textField\": \"Text\", \"labelTitle\": \"下拉列表\", \"remoteFunc\": \"func_1659943240000_67264\", \"valueField\": \"Value\", \"placeholder\": \"\", \"defaultValue\": \"\"}, \"dragType\": \"control\", \"eventlist\": [], \"isShowCheck\": true, \"isShowSpanSetting\": true}], \"span\": 24}], \"options\": {\"tagattr\": \"\", \"idPrefix\": \"pnl_\", \"controlId\": 1659981052.564}, \"isShowSpanSetting\": true}', 0, '0', NULL, NULL);
INSERT INTO `form_item` VALUES (1556540889995522051, 1556540889769029634, 1556540889995522050, NULL, 'inputnumber', NULL, 'filed165994323562407', '{\"key\": \"1659943235000_62728\", \"icon\": \"el-icon-circle-plus-outline\", \"name\": \"数字控件\", \"type\": \"inputnumber\", \"model\": \"inputnumber_1659943235000_62728\", \"rules\": [], \"layout\": \"inline\", \"options\": {\"max\": \"10000000000\", \"min\": \"-10000000000\", \"step\": \"1\", \"filed\": \"filed165994323562407\", \"tagattr\": \"\", \"ctrlSpan\": 12, \"required\": true, \"precision\": \"0\", \"labelTitle\": \"数字\", \"remoteFunc\": \"func_1659943235000_62728\", \"defaultValue\": 0}, \"dragType\": \"control\", \"eventlist\": [], \"isShowSpanSetting\": true}', 0, '0', NULL, NULL);
INSERT INTO `form_item` VALUES (1556540889995522052, 1556540889769029634, 1556540889995522050, NULL, 'select', NULL, 'filed16599432407204', '{\"key\": \"1659943240000_67264\", \"icon\": \"el-icon-finished\", \"name\": \"下拉列表\", \"type\": \"select\", \"model\": \"select_1659943240000_67264\", \"rules\": [], \"layout\": \"inline\", \"options\": {\"edit\": \"\", \"filed\": \"filed16599432407204\", \"isMulty\": false, \"options\": [{\"label\": \"选项1\", \"value\": \"1\"}, {\"label\": \"选项2\", \"value\": \"2\"}], \"tagattr\": \"\", \"ctrlSpan\": 12, \"isRemote\": false, \"isSearch\": false, \"required\": false, \"sourceApi\": \"\", \"textField\": \"Text\", \"labelTitle\": \"下拉列表\", \"remoteFunc\": \"func_1659943240000_67264\", \"valueField\": \"Value\", \"placeholder\": \"\", \"defaultValue\": \"\"}, \"dragType\": \"control\", \"eventlist\": [], \"isShowCheck\": true, \"isShowSpanSetting\": true}', 1, '0', NULL, NULL);
INSERT INTO `form_item` VALUES (1556540921536688130, 1556540889769029634, NULL, NULL, 'gridPanel', NULL, NULL, '{\"key\": \"1659943226_91230\", \"icon\": \"el-icon-s-grid\", \"name\": \"模块控件\", \"type\": \"gridPanel\", \"model\": \"gridPanel_1659943226_91686\", \"title\": \"模块控件\", \"columns\": [{\"list\": [{\"id\": \"1556540889995522051\", \"key\": \"1659943235000_62728\", \"icon\": \"el-icon-circle-plus-outline\", \"name\": \"数字控件\", \"type\": \"inputnumber\", \"model\": \"inputnumber_1659943235000_62728\", \"rules\": [], \"layout\": \"inline\", \"options\": {\"max\": \"10000000000\", \"min\": \"-10000000000\", \"step\": \"1\", \"filed\": \"filed165994323562407\", \"tagattr\": \"\", \"ctrlSpan\": 12, \"required\": true, \"precision\": \"0\", \"labelTitle\": \"数字\", \"remoteFunc\": \"func_1659943235000_62728\", \"defaultValue\": 0}, \"dragType\": \"control\", \"eventlist\": [], \"isShowSpanSetting\": true}, {\"id\": \"1556540889995522052\", \"key\": \"1659943240000_67264\", \"icon\": \"el-icon-finished\", \"name\": \"下拉列表\", \"type\": \"select\", \"model\": \"select_1659943240000_67264\", \"rules\": [], \"layout\": \"inline\", \"options\": {\"edit\": \"\", \"filed\": \"filed16599432407204\", \"isMulty\": false, \"options\": [{\"label\": \"选项1\", \"value\": \"1\"}, {\"label\": \"选项2\", \"value\": \"2\"}], \"tagattr\": \"\", \"ctrlSpan\": 12, \"isRemote\": false, \"isSearch\": false, \"required\": false, \"sourceApi\": \"\", \"textField\": \"Text\", \"labelTitle\": \"下拉列表\", \"remoteFunc\": \"func_1659943240000_67264\", \"valueField\": \"Value\", \"placeholder\": \"\", \"defaultValue\": \"\"}, \"dragType\": \"control\", \"eventlist\": [], \"isShowCheck\": true, \"isShowSpanSetting\": true}], \"span\": 24}], \"options\": {\"tagattr\": \"\", \"idPrefix\": \"pnl_\", \"controlId\": 1659981052.564}, \"isShowSpanSetting\": true}', 0, '0', NULL, NULL);
INSERT INTO `form_item` VALUES (1556540921536688131, 1556540889769029634, 1556540921536688130, NULL, 'inputnumber', NULL, 'filed165994323562407', '{\"id\": \"1556540889995522051\", \"key\": \"1659943235000_62728\", \"icon\": \"el-icon-circle-plus-outline\", \"name\": \"数字控件\", \"type\": \"inputnumber\", \"model\": \"inputnumber_1659943235000_62728\", \"rules\": [], \"layout\": \"inline\", \"options\": {\"max\": \"10000000000\", \"min\": \"-10000000000\", \"step\": \"1\", \"filed\": \"filed165994323562407\", \"tagattr\": \"\", \"ctrlSpan\": 12, \"required\": true, \"precision\": \"0\", \"labelTitle\": \"数字\", \"remoteFunc\": \"func_1659943235000_62728\", \"defaultValue\": 0}, \"dragType\": \"control\", \"eventlist\": [], \"isShowSpanSetting\": true}', 0, '0', NULL, NULL);
INSERT INTO `form_item` VALUES (1556540921536688132, 1556540889769029634, 1556540921536688130, NULL, 'select', NULL, 'filed16599432407204', '{\"id\": \"1556540889995522052\", \"key\": \"1659943240000_67264\", \"icon\": \"el-icon-finished\", \"name\": \"下拉列表\", \"type\": \"select\", \"model\": \"select_1659943240000_67264\", \"rules\": [], \"layout\": \"inline\", \"options\": {\"edit\": \"\", \"filed\": \"filed16599432407204\", \"isMulty\": false, \"options\": [{\"label\": \"选项1\", \"value\": \"1\"}, {\"label\": \"选项2\", \"value\": \"2\"}], \"tagattr\": \"\", \"ctrlSpan\": 12, \"isRemote\": false, \"isSearch\": false, \"required\": false, \"sourceApi\": \"\", \"textField\": \"Text\", \"labelTitle\": \"下拉列表\", \"remoteFunc\": \"func_1659943240000_67264\", \"valueField\": \"Value\", \"placeholder\": \"\", \"defaultValue\": \"\"}, \"dragType\": \"control\", \"eventlist\": [], \"isShowCheck\": true, \"isShowSpanSetting\": true}', 1, '0', NULL, NULL);
INSERT INTO `form_item` VALUES (1556541018676768769, 1556541018504802305, NULL, NULL, 'gridPanel', NULL, NULL, '{\"key\": \"1659943258_5932\", \"icon\": \"el-icon-s-grid\", \"name\": \"模块控件\", \"type\": \"gridPanel\", \"model\": \"gridPanel_1659943258_82662\", \"title\": \"模块控件\", \"columns\": [{\"list\": [{\"key\": \"1659943266000_62547\", \"icon\": \"el-icon-postcard\", \"name\": \"单行文本\", \"type\": \"input\", \"model\": \"input_1659943266000_62547\", \"rules\": [], \"layout\": \"inline\", \"options\": {\"filed\": \"filed165994326660513\", \"tagattr\": \"\", \"ctrlSpan\": 12, \"dataType\": \"string\", \"required\": false, \"dataLength\": 50, \"labelTitle\": \"单行文本\", \"remoteFunc\": \"func_1659943266000_62547\", \"placeholder\": \"\", \"defaultValue\": \"\"}, \"dragType\": \"control\", \"eventlist\": [], \"isShowCheck\": true, \"isShowSpanSetting\": true}, {\"key\": \"1659943268000_45599\", \"icon\": \"el-icon-postcard\", \"name\": \"单行文本\", \"type\": \"input\", \"model\": \"input_1659943268000_45599\", \"rules\": [], \"layout\": \"inline\", \"options\": {\"filed\": \"filed165994326877027\", \"tagattr\": \"\", \"ctrlSpan\": 12, \"dataType\": \"string\", \"required\": false, \"dataLength\": 50, \"labelTitle\": \"单行文本\", \"remoteFunc\": \"func_1659943268000_45599\", \"placeholder\": \"\", \"defaultValue\": \"\"}, \"dragType\": \"control\", \"eventlist\": [], \"isShowCheck\": true, \"isShowSpanSetting\": true}, {\"key\": \"1659943269000_77957\", \"icon\": \"el-icon-postcard\", \"name\": \"单行文本\", \"type\": \"input\", \"model\": \"input_1659943269000_77957\", \"rules\": [], \"layout\": \"inline\", \"options\": {\"filed\": \"filed165994326910512\", \"tagattr\": \"\", \"ctrlSpan\": 12, \"dataType\": \"string\", \"required\": false, \"dataLength\": 50, \"labelTitle\": \"单行文本\", \"remoteFunc\": \"func_1659943269000_77957\", \"placeholder\": \"\", \"defaultValue\": \"\"}, \"dragType\": \"control\", \"eventlist\": [], \"isShowCheck\": true, \"isShowSpanSetting\": true}, {\"key\": \"1659943270000_7632\", \"icon\": \"el-icon-postcard\", \"name\": \"单行文本\", \"type\": \"input\", \"model\": \"input_1659943270000_7632\", \"rules\": [], \"layout\": \"inline\", \"options\": {\"filed\": \"filed165994327046596\", \"tagattr\": \"\", \"ctrlSpan\": 12, \"dataType\": \"string\", \"required\": false, \"dataLength\": 50, \"labelTitle\": \"单行文本\", \"remoteFunc\": \"func_1659943270000_7632\", \"placeholder\": \"\", \"defaultValue\": \"\"}, \"dragType\": \"control\", \"eventlist\": [], \"isShowCheck\": true, \"isShowSpanSetting\": true}], \"span\": 24}], \"options\": {\"tagattr\": \"\", \"idPrefix\": \"pnl_\", \"controlId\": 1659962271.13}, \"isShowSpanSetting\": true}', 0, '0', NULL, NULL);
INSERT INTO `form_item` VALUES (1556541018676768770, 1556541018504802305, 1556541018676768769, NULL, 'input', NULL, 'filed165994326660513', '{\"key\": \"1659943266000_62547\", \"icon\": \"el-icon-postcard\", \"name\": \"单行文本\", \"type\": \"input\", \"model\": \"input_1659943266000_62547\", \"rules\": [], \"layout\": \"inline\", \"options\": {\"filed\": \"filed165994326660513\", \"tagattr\": \"\", \"ctrlSpan\": 12, \"dataType\": \"string\", \"required\": false, \"dataLength\": 50, \"labelTitle\": \"单行文本\", \"remoteFunc\": \"func_1659943266000_62547\", \"placeholder\": \"\", \"defaultValue\": \"\"}, \"dragType\": \"control\", \"eventlist\": [], \"isShowCheck\": true, \"isShowSpanSetting\": true}', 0, '0', NULL, NULL);
INSERT INTO `form_item` VALUES (1556541018676768771, 1556541018504802305, 1556541018676768769, NULL, 'input', NULL, 'filed165994326877027', '{\"key\": \"1659943268000_45599\", \"icon\": \"el-icon-postcard\", \"name\": \"单行文本\", \"type\": \"input\", \"model\": \"input_1659943268000_45599\", \"rules\": [], \"layout\": \"inline\", \"options\": {\"filed\": \"filed165994326877027\", \"tagattr\": \"\", \"ctrlSpan\": 12, \"dataType\": \"string\", \"required\": false, \"dataLength\": 50, \"labelTitle\": \"单行文本\", \"remoteFunc\": \"func_1659943268000_45599\", \"placeholder\": \"\", \"defaultValue\": \"\"}, \"dragType\": \"control\", \"eventlist\": [], \"isShowCheck\": true, \"isShowSpanSetting\": true}', 1, '0', NULL, NULL);
INSERT INTO `form_item` VALUES (1556541018676768772, 1556541018504802305, 1556541018676768769, NULL, 'input', NULL, 'filed165994326910512', '{\"key\": \"1659943269000_77957\", \"icon\": \"el-icon-postcard\", \"name\": \"单行文本\", \"type\": \"input\", \"model\": \"input_1659943269000_77957\", \"rules\": [], \"layout\": \"inline\", \"options\": {\"filed\": \"filed165994326910512\", \"tagattr\": \"\", \"ctrlSpan\": 12, \"dataType\": \"string\", \"required\": false, \"dataLength\": 50, \"labelTitle\": \"单行文本\", \"remoteFunc\": \"func_1659943269000_77957\", \"placeholder\": \"\", \"defaultValue\": \"\"}, \"dragType\": \"control\", \"eventlist\": [], \"isShowCheck\": true, \"isShowSpanSetting\": true}', 2, '0', NULL, NULL);
INSERT INTO `form_item` VALUES (1556541018676768773, 1556541018504802305, 1556541018676768769, NULL, 'input', NULL, 'filed165994327046596', '{\"key\": \"1659943270000_7632\", \"icon\": \"el-icon-postcard\", \"name\": \"单行文本\", \"type\": \"input\", \"model\": \"input_1659943270000_7632\", \"rules\": [], \"layout\": \"inline\", \"options\": {\"filed\": \"filed165994327046596\", \"tagattr\": \"\", \"ctrlSpan\": 12, \"dataType\": \"string\", \"required\": false, \"dataLength\": 50, \"labelTitle\": \"单行文本\", \"remoteFunc\": \"func_1659943270000_7632\", \"placeholder\": \"\", \"defaultValue\": \"\"}, \"dragType\": \"control\", \"eventlist\": [], \"isShowCheck\": true, \"isShowSpanSetting\": true}', 3, '0', NULL, NULL);
INSERT INTO `form_item` VALUES (1556898684800450561, 1556891731541999618, NULL, NULL, 'gridPanel', NULL, NULL, '{\"key\": \"1660026760_55179\", \"icon\": \"el-icon-s-grid\", \"name\": \"模块控件\", \"type\": \"gridPanel\", \"model\": \"gridPanel_1660026760_57343\", \"title\": \"模块控件\", \"columns\": [{\"list\": [{\"id\": \"1556898606362771458\", \"key\": \"1660026764000_54915\", \"icon\": \"el-icon-finished\", \"name\": \"下拉列表\", \"type\": \"select\", \"model\": \"select_1660026764000_54915\", \"rules\": [], \"layout\": \"inline\", \"options\": {\"edit\": \"\", \"filed\": \"filed166002676479172\", \"isMulty\": true, \"options\": [{\"label\": \"选项1\", \"value\": \"1\"}, {\"label\": \"选项2\", \"value\": \"2\"}, {\"label\": \"选项3\", \"value\": 3}, {\"label\": \"选项4\", \"value\": 4}], \"tagattr\": \"\", \"ctrlSpan\": 12, \"isRemote\": false, \"isSearch\": false, \"required\": true, \"sourceApi\": \"\", \"textField\": \"Text\", \"labelTitle\": \"测试多选\", \"remoteFunc\": \"func_1660026764000_54915\", \"valueField\": \"Value\", \"placeholder\": \"\", \"defaultValue\": \"1,2\"}, \"dragType\": \"control\", \"eventlist\": [], \"isShowCheck\": true, \"isShowSpanSetting\": true}, {\"id\": \"1556898606362771459\", \"key\": \"1660026782000_13436\", \"icon\": \"el-icon-circle-plus-outline\", \"name\": \"数字控件\", \"type\": \"inputnumber\", \"model\": \"inputnumber_1660026782000_13436\", \"rules\": [], \"layout\": \"inline\", \"options\": {\"max\": \"10000000000\", \"min\": \"-10000000000\", \"step\": \"1\", \"filed\": \"filed166002678215811\", \"tagattr\": \"\", \"ctrlSpan\": 12, \"required\": true, \"precision\": \"0\", \"labelTitle\": \"测试数字\", \"remoteFunc\": \"func_1660026782000_13436\", \"defaultValue\": 2}, \"dragType\": \"control\", \"eventlist\": [], \"isShowSpanSetting\": true}, {\"id\": \"1556898606362771460\", \"key\": \"1660026779000_31517\", \"icon\": \"el-icon-document\", \"name\": \"富文本\", \"type\": \"editor\", \"model\": \"editor_1660026779000_31517\", \"rules\": [], \"layout\": \"inline\", \"options\": {\"filed\": \"filed166002677919960\", \"height\": 350, \"tagattr\": \"\", \"ctrlSpan\": 24, \"required\": false, \"labelTitle\": \"富文本\", \"remoteFunc\": \"func_1660026779000_31517\", \"placeholder\": \"\", \"defaultValue\": \"\"}, \"isShowSpanSetting\": true}, {\"id\": \"1556898606362771461\", \"key\": \"1660026794000_80477\", \"icon\": \"el-icon-timer\", \"name\": \"时间选择\", \"type\": \"timepicker\", \"model\": \"timepicker_1660026794000_80477\", \"rules\": [], \"layout\": \"inline\", \"options\": {\"filed\": \"filed166002679487942\", \"minute\": 1, \"second\": 1, \"tagattr\": \"\", \"ctrlSpan\": 12, \"disabled\": false, \"required\": true, \"labelTitle\": \"测试时间\", \"remoteFunc\": \"func_1660026794000_80477\", \"timeformat\": \"HH:mm:ss\", \"defaultValue\": \"2022-08-09T06:58:55.000Z\"}, \"dragType\": \"control\", \"eventlist\": [], \"isShowSpanSetting\": true}, {\"id\": \"1556898606362771462\", \"key\": \"1660026834000_65444\", \"icon\": \"el-icon-date\", \"name\": \"日期控件\", \"type\": \"date\", \"model\": \"date_1660026811000_14633\", \"rules\": [], \"layout\": \"inline\", \"options\": {\"filed\": \"filed16600268112593\", \"format\": \"yyyy-MM-DD\", \"langId\": \"\", \"tagattr\": \"\", \"ctrlSpan\": 12, \"dataType\": \"date\", \"disabled\": false, \"required\": false, \"modeltype\": \"date\", \"labelTitle\": \"基本日期\", \"remoteFunc\": \"func_1660026811000_14633\", \"placeholder\": \"\"}, \"dragType\": \"control\", \"eventlist\": [], \"isShowCheck\": true, \"isShowSpanSetting\": true}, {\"id\": \"1556898606362771463\", \"key\": \"1660026836000_63027\", \"icon\": \"el-icon-date\", \"name\": \"日期控件\", \"type\": \"date\", \"model\": \"date_1660026811000_14633\", \"rules\": [], \"layout\": \"inline\", \"options\": {\"filed\": \"filed16600268112594\", \"format\": \"yyyy-MM-DD\", \"langId\": \"\", \"tagattr\": \"\", \"ctrlSpan\": 12, \"dataType\": \"date\", \"disabled\": false, \"required\": false, \"modeltype\": \"month\", \"labelTitle\": \"月\", \"remoteFunc\": \"func_1660026811000_14633\", \"placeholder\": \"\"}, \"dragType\": \"control\", \"eventlist\": [], \"isShowCheck\": true, \"isShowSpanSetting\": true}, {\"id\": \"1556898606362771464\", \"key\": \"1660026850000_15351\", \"icon\": \"el-icon-date\", \"name\": \"日期控件\", \"type\": \"date\", \"model\": \"date_1660026811000_14633\", \"rules\": [], \"layout\": \"inline\", \"options\": {\"filed\": \"filed16600268112595\", \"format\": \"yyyy-MM-DD\", \"langId\": \"\", \"tagattr\": \"\", \"ctrlSpan\": 12, \"dataType\": \"date\", \"disabled\": false, \"required\": false, \"modeltype\": \"week\", \"labelTitle\": \"周\", \"remoteFunc\": \"func_1660026811000_14633\", \"placeholder\": \"\", \"defaultValue\": \"\"}, \"dragType\": \"control\", \"eventlist\": [], \"isShowCheck\": true, \"isShowSpanSetting\": true}, {\"id\": \"1556898606362771465\", \"key\": \"1660026811000_14633\", \"icon\": \"el-icon-date\", \"name\": \"日期控件\", \"type\": \"date\", \"model\": \"date_1660026811000_14633\", \"rules\": [], \"layout\": \"inline\", \"options\": {\"filed\": \"filed16600268112596\", \"format\": \"yyyy-MM-DD\", \"langId\": \"\", \"tagattr\": \"\", \"ctrlSpan\": 24, \"dataType\": \"date\", \"disabled\": false, \"required\": false, \"modeltype\": \"range\", \"labelTitle\": \"范围\", \"remoteFunc\": \"func_1660026811000_14633\", \"placeholder\": \"\", \"defaultValue\": \"\"}, \"dragType\": \"control\", \"eventlist\": [], \"isShowCheck\": true, \"isShowSpanSetting\": true}, {\"id\": \"1556898606362771466\", \"key\": \"1660026863000_15370\", \"icon\": \"el-icon-star-off\", \"name\": \"Rate评分\", \"type\": \"rate\", \"model\": \"rate_1660026863000_15370\", \"rules\": [], \"layout\": \"inline\", \"options\": {\"filed\": \"filed166002686314262\", \"tagattr\": \"\", \"ctrlSpan\": 12, \"required\": false, \"labelTitle\": \"评分\", \"remoteFunc\": \"func_1660026863000_15370\", \"defaultValue\": \"2\"}, \"dragType\": \"control\", \"eventlist\": [], \"isShowSpanSetting\": true}, {\"id\": \"1556898606362771467\", \"key\": \"1660027046000_66641\", \"icon\": \"el-icon-office-building\", \"name\": \"部门多选\", \"type\": \"departmentMutl\", \"model\": \"departmentMutl_1660027046000_66641\", \"rules\": [], \"layout\": \"inline\", \"options\": {\"filed\": \"filed166002704675947\", \"langId\": \"\", \"tagattr\": \"\", \"ctrlSpan\": 12, \"idPrefix\": \"dep_\", \"required\": false, \"controlId\": \"166002704675947\", \"labelTitle\": \"部门多选\", \"remoteFunc\": \"func_1660027046000_66641\", \"defaultValue\": \"\"}, \"dragType\": \"control\", \"isShowCheck\": true, \"isShowSpanSetting\": true}], \"span\": 24}], \"options\": {\"tagattr\": \"\", \"idPrefix\": \"pnl_\", \"controlId\": 1660054966.174}, \"isShowSpanSetting\": true}', 0, '0', NULL, NULL);
INSERT INTO `form_item` VALUES (1556898684800450562, 1556891731541999618, 1556898684800450561, NULL, 'select', NULL, 'filed166002676479172', '{\"id\": \"1556898606362771458\", \"key\": \"1660026764000_54915\", \"icon\": \"el-icon-finished\", \"name\": \"下拉列表\", \"type\": \"select\", \"model\": \"select_1660026764000_54915\", \"rules\": [], \"layout\": \"inline\", \"options\": {\"edit\": \"\", \"filed\": \"filed166002676479172\", \"isMulty\": true, \"options\": [{\"label\": \"选项1\", \"value\": \"1\"}, {\"label\": \"选项2\", \"value\": \"2\"}, {\"label\": \"选项3\", \"value\": 3}, {\"label\": \"选项4\", \"value\": 4}], \"tagattr\": \"\", \"ctrlSpan\": 12, \"isRemote\": false, \"isSearch\": false, \"required\": true, \"sourceApi\": \"\", \"textField\": \"Text\", \"labelTitle\": \"测试多选\", \"remoteFunc\": \"func_1660026764000_54915\", \"valueField\": \"Value\", \"placeholder\": \"\", \"defaultValue\": \"1,2\"}, \"dragType\": \"control\", \"eventlist\": [], \"isShowCheck\": true, \"isShowSpanSetting\": true}', 0, '0', NULL, NULL);
INSERT INTO `form_item` VALUES (1556898684800450563, 1556891731541999618, 1556898684800450561, NULL, 'inputnumber', NULL, 'filed166002678215811', '{\"id\": \"1556898606362771459\", \"key\": \"1660026782000_13436\", \"icon\": \"el-icon-circle-plus-outline\", \"name\": \"数字控件\", \"type\": \"inputnumber\", \"model\": \"inputnumber_1660026782000_13436\", \"rules\": [], \"layout\": \"inline\", \"options\": {\"max\": \"10000000000\", \"min\": \"-10000000000\", \"step\": \"1\", \"filed\": \"filed166002678215811\", \"tagattr\": \"\", \"ctrlSpan\": 12, \"required\": true, \"precision\": \"0\", \"labelTitle\": \"测试数字\", \"remoteFunc\": \"func_1660026782000_13436\", \"defaultValue\": 2}, \"dragType\": \"control\", \"eventlist\": [], \"isShowSpanSetting\": true}', 1, '0', NULL, NULL);
INSERT INTO `form_item` VALUES (1556898684800450564, 1556891731541999618, 1556898684800450561, NULL, 'editor', NULL, 'filed166002677919960', '{\"id\": \"1556898606362771460\", \"key\": \"1660026779000_31517\", \"icon\": \"el-icon-document\", \"name\": \"富文本\", \"type\": \"editor\", \"model\": \"editor_1660026779000_31517\", \"rules\": [], \"layout\": \"inline\", \"options\": {\"filed\": \"filed166002677919960\", \"height\": 350, \"tagattr\": \"\", \"ctrlSpan\": 24, \"required\": false, \"labelTitle\": \"富文本\", \"remoteFunc\": \"func_1660026779000_31517\", \"placeholder\": \"\", \"defaultValue\": \"\"}, \"isShowSpanSetting\": true}', 2, '0', NULL, NULL);
INSERT INTO `form_item` VALUES (1556898684800450565, 1556891731541999618, 1556898684800450561, NULL, 'timepicker', NULL, 'filed166002679487942', '{\"id\": \"1556898606362771461\", \"key\": \"1660026794000_80477\", \"icon\": \"el-icon-timer\", \"name\": \"时间选择\", \"type\": \"timepicker\", \"model\": \"timepicker_1660026794000_80477\", \"rules\": [], \"layout\": \"inline\", \"options\": {\"filed\": \"filed166002679487942\", \"minute\": 1, \"second\": 1, \"tagattr\": \"\", \"ctrlSpan\": 12, \"disabled\": false, \"required\": true, \"labelTitle\": \"测试时间\", \"remoteFunc\": \"func_1660026794000_80477\", \"timeformat\": \"HH:mm:ss\", \"defaultValue\": \"2022-08-09T06:58:55.000Z\"}, \"dragType\": \"control\", \"eventlist\": [], \"isShowSpanSetting\": true}', 3, '0', NULL, NULL);
INSERT INTO `form_item` VALUES (1556898684800450566, 1556891731541999618, 1556898684800450561, NULL, 'date', NULL, 'filed16600268112593', '{\"id\": \"1556898606362771462\", \"key\": \"1660026834000_65444\", \"icon\": \"el-icon-date\", \"name\": \"日期控件\", \"type\": \"date\", \"model\": \"date_1660026811000_14633\", \"rules\": [], \"layout\": \"inline\", \"options\": {\"filed\": \"filed16600268112593\", \"format\": \"yyyy-MM-DD\", \"langId\": \"\", \"tagattr\": \"\", \"ctrlSpan\": 12, \"dataType\": \"date\", \"disabled\": false, \"required\": false, \"modeltype\": \"date\", \"labelTitle\": \"基本日期\", \"remoteFunc\": \"func_1660026811000_14633\", \"placeholder\": \"\"}, \"dragType\": \"control\", \"eventlist\": [], \"isShowCheck\": true, \"isShowSpanSetting\": true}', 4, '0', NULL, NULL);
INSERT INTO `form_item` VALUES (1556898684800450567, 1556891731541999618, 1556898684800450561, NULL, 'date', NULL, 'filed16600268112594', '{\"id\": \"1556898606362771463\", \"key\": \"1660026836000_63027\", \"icon\": \"el-icon-date\", \"name\": \"日期控件\", \"type\": \"date\", \"model\": \"date_1660026811000_14633\", \"rules\": [], \"layout\": \"inline\", \"options\": {\"filed\": \"filed16600268112594\", \"format\": \"yyyy-MM-DD\", \"langId\": \"\", \"tagattr\": \"\", \"ctrlSpan\": 12, \"dataType\": \"date\", \"disabled\": false, \"required\": false, \"modeltype\": \"month\", \"labelTitle\": \"月\", \"remoteFunc\": \"func_1660026811000_14633\", \"placeholder\": \"\"}, \"dragType\": \"control\", \"eventlist\": [], \"isShowCheck\": true, \"isShowSpanSetting\": true}', 5, '0', NULL, NULL);
INSERT INTO `form_item` VALUES (1556898684800450568, 1556891731541999618, 1556898684800450561, NULL, 'date', NULL, 'filed16600268112595', '{\"id\": \"1556898606362771464\", \"key\": \"1660026850000_15351\", \"icon\": \"el-icon-date\", \"name\": \"日期控件\", \"type\": \"date\", \"model\": \"date_1660026811000_14633\", \"rules\": [], \"layout\": \"inline\", \"options\": {\"filed\": \"filed16600268112595\", \"format\": \"yyyy-MM-DD\", \"langId\": \"\", \"tagattr\": \"\", \"ctrlSpan\": 12, \"dataType\": \"date\", \"disabled\": false, \"required\": false, \"modeltype\": \"week\", \"labelTitle\": \"周\", \"remoteFunc\": \"func_1660026811000_14633\", \"placeholder\": \"\", \"defaultValue\": \"\"}, \"dragType\": \"control\", \"eventlist\": [], \"isShowCheck\": true, \"isShowSpanSetting\": true}', 6, '0', NULL, NULL);
INSERT INTO `form_item` VALUES (1556898684800450569, 1556891731541999618, 1556898684800450561, NULL, 'date', NULL, 'filed16600268112596', '{\"id\": \"1556898606362771465\", \"key\": \"1660026811000_14633\", \"icon\": \"el-icon-date\", \"name\": \"日期控件\", \"type\": \"date\", \"model\": \"date_1660026811000_14633\", \"rules\": [], \"layout\": \"inline\", \"options\": {\"filed\": \"filed16600268112596\", \"format\": \"yyyy-MM-DD\", \"langId\": \"\", \"tagattr\": \"\", \"ctrlSpan\": 24, \"dataType\": \"date\", \"disabled\": false, \"required\": false, \"modeltype\": \"range\", \"labelTitle\": \"范围\", \"remoteFunc\": \"func_1660026811000_14633\", \"placeholder\": \"\", \"defaultValue\": \"\"}, \"dragType\": \"control\", \"eventlist\": [], \"isShowCheck\": true, \"isShowSpanSetting\": true}', 7, '0', NULL, NULL);
INSERT INTO `form_item` VALUES (1556898684800450570, 1556891731541999618, 1556898684800450561, NULL, 'rate', NULL, 'filed166002686314262', '{\"id\": \"1556898606362771466\", \"key\": \"1660026863000_15370\", \"icon\": \"el-icon-star-off\", \"name\": \"Rate评分\", \"type\": \"rate\", \"model\": \"rate_1660026863000_15370\", \"rules\": [], \"layout\": \"inline\", \"options\": {\"filed\": \"filed166002686314262\", \"tagattr\": \"\", \"ctrlSpan\": 12, \"required\": false, \"labelTitle\": \"评分\", \"remoteFunc\": \"func_1660026863000_15370\", \"defaultValue\": \"2\"}, \"dragType\": \"control\", \"eventlist\": [], \"isShowSpanSetting\": true}', 8, '0', NULL, NULL);
INSERT INTO `form_item` VALUES (1556898684800450571, 1556891731541999618, 1556898684800450561, NULL, 'departmentMutl', NULL, 'filed166002704675947', '{\"id\": \"1556898606362771467\", \"key\": \"1660027046000_66641\", \"icon\": \"el-icon-office-building\", \"name\": \"部门多选\", \"type\": \"departmentMutl\", \"model\": \"departmentMutl_1660027046000_66641\", \"rules\": [], \"layout\": \"inline\", \"options\": {\"filed\": \"filed166002704675947\", \"langId\": \"\", \"tagattr\": \"\", \"ctrlSpan\": 12, \"idPrefix\": \"dep_\", \"required\": false, \"controlId\": \"166002704675947\", \"labelTitle\": \"部门多选\", \"remoteFunc\": \"func_1660027046000_66641\", \"defaultValue\": \"\"}, \"dragType\": \"control\", \"isShowCheck\": true, \"isShowSpanSetting\": true}', 9, '0', NULL, NULL);
INSERT INTO `form_item` VALUES (1557272853476126722, 1557256216333103105, NULL, NULL, 'gridPanel', NULL, NULL, '{\"key\": \"1660113774_27088\", \"icon\": \"el-icon-s-grid\", \"name\": \"模块控件\", \"type\": \"gridPanel\", \"model\": \"gridPanel_1660113774_14348\", \"title\": \"模块控件\", \"columns\": [{\"list\": [{\"id\": \"1557261095977988098\", \"key\": \"1660113776000_6148\", \"icon\": \"el-icon-film\", \"list\": [{\"key\": \"1660117719000_21966\", \"icon\": \"el-icon-finished\", \"name\": \"下拉列表\", \"type\": \"select\", \"model\": \"select_1660117719000_21966\", \"rules\": [], \"layout\": \"inline\", \"options\": {\"edit\": \"\", \"filed\": \"filed166011771923579\", \"isMulty\": true, \"options\": [{\"label\": \"选项1\", \"value\": \"1\"}, {\"label\": \"选项2\", \"value\": \"2\"}, {\"label\": \"选项3\", \"value\": 3}, {\"label\": \"选项4\", \"value\": 4}], \"tagattr\": \"\", \"ctrlSpan\": 12, \"isRemote\": false, \"isSearch\": false, \"required\": true, \"sourceApi\": \"\", \"textField\": \"Text\", \"labelTitle\": \"下拉列表\", \"remoteFunc\": \"func_1660117719000_21966\", \"valueField\": \"Value\", \"placeholder\": \"\", \"defaultValue\": \"\"}, \"dragType\": \"control\", \"eventlist\": [], \"isShowCheck\": true, \"isShowSpanSetting\": true}, {\"key\": \"1660113787000_46676\", \"icon\": \"el-icon-notebook-2\", \"name\": \"多行文本\", \"type\": \"textarea\", \"model\": \"textarea_1660113787000_46676\", \"rules\": [], \"options\": {\"rows\": 3, \"filed\": \"filed166011378784424\", \"tagattr\": \"\", \"ctrlSpan\": 24, \"required\": true, \"dataLength\": 500, \"labelTitle\": \"3233\", \"remoteFunc\": \"func_1660113787000_46676\", \"placeholder\": \"\", \"defaultValue\": \"\"}, \"dragType\": \"control\", \"eventlist\": [], \"isShowCheck\": true, \"isShowSpanSetting\": true}, {\"key\": \"1660113784000_1789\", \"icon\": \"el-icon-postcard\", \"name\": \"单行文本\", \"type\": \"input\", \"model\": \"input_1660113784000_1789\", \"rules\": [], \"layout\": \"inline\", \"options\": {\"filed\": \"filed166011378468653\", \"tagattr\": \"\", \"ctrlSpan\": 12, \"dataType\": \"string\", \"required\": false, \"dataLength\": 50, \"labelTitle\": \"单行文本\", \"remoteFunc\": \"func_1660113784000_1789\", \"placeholder\": \"\", \"defaultValue\": \"\"}, \"dragType\": \"control\", \"eventlist\": [], \"isShowCheck\": true, \"isShowSpanSetting\": true}, {\"key\": \"1660113782000_96212\", \"icon\": \"el-icon-postcard\", \"name\": \"单行文本\", \"type\": \"input\", \"model\": \"input_1660113782000_96212\", \"rules\": [], \"layout\": \"inline\", \"options\": {\"filed\": \"filed166011378275438\", \"tagattr\": \"\", \"ctrlSpan\": 12, \"dataType\": \"string\", \"required\": false, \"dataLength\": 50, \"labelTitle\": \"单行文本\", \"remoteFunc\": \"func_1660113782000_96212\", \"placeholder\": \"\", \"defaultValue\": \"\"}, \"dragType\": \"control\", \"eventlist\": [], \"isShowCheck\": true, \"isShowSpanSetting\": true}], \"name\": \"子表单\", \"type\": \"table\", \"datas\": [{\"filed166011378275438\": \"wefwefew\", \"filed166011378468653\": \"fewfwef\", \"filed166011378596296\": \"fwef\", \"filed166011378784424\": \"wefwefwe\", \"filed166011771923579\": []}], \"model\": \"table_1660113776000_6148\", \"rules\": [], \"layout\": \"inline\", \"columns\": [{\"list\": [], \"span\": 24}], \"options\": {\"type\": \"\", \"filed\": \"filed166011377680672\", \"tagattr\": \"\", \"describe\": \"\", \"required\": true, \"labelTitle\": \"r232323\", \"remoteFunc\": \"func_1660113776000_6148\", \"tabPosition\": \"top\"}, \"isShowSpanSetting\": true}], \"span\": 24}], \"options\": {\"tagattr\": \"\", \"idPrefix\": \"pnl_\", \"controlId\": 1660128139.257}, \"isShowSpanSetting\": true}', 0, '0', NULL, NULL);
INSERT INTO `form_item` VALUES (1557272853476126723, 1557256216333103105, 1557272853476126722, NULL, 'table', NULL, 'filed166011377680672', '{\"id\": \"1557261095977988098\", \"key\": \"1660113776000_6148\", \"icon\": \"el-icon-film\", \"list\": [{\"key\": \"1660117719000_21966\", \"icon\": \"el-icon-finished\", \"name\": \"下拉列表\", \"type\": \"select\", \"model\": \"select_1660117719000_21966\", \"rules\": [], \"layout\": \"inline\", \"options\": {\"edit\": \"\", \"filed\": \"filed166011771923579\", \"isMulty\": true, \"options\": [{\"label\": \"选项1\", \"value\": \"1\"}, {\"label\": \"选项2\", \"value\": \"2\"}, {\"label\": \"选项3\", \"value\": 3}, {\"label\": \"选项4\", \"value\": 4}], \"tagattr\": \"\", \"ctrlSpan\": 12, \"isRemote\": false, \"isSearch\": false, \"required\": true, \"sourceApi\": \"\", \"textField\": \"Text\", \"labelTitle\": \"下拉列表\", \"remoteFunc\": \"func_1660117719000_21966\", \"valueField\": \"Value\", \"placeholder\": \"\", \"defaultValue\": \"\"}, \"dragType\": \"control\", \"eventlist\": [], \"isShowCheck\": true, \"isShowSpanSetting\": true}, {\"key\": \"1660113787000_46676\", \"icon\": \"el-icon-notebook-2\", \"name\": \"多行文本\", \"type\": \"textarea\", \"model\": \"textarea_1660113787000_46676\", \"rules\": [], \"options\": {\"rows\": 3, \"filed\": \"filed166011378784424\", \"tagattr\": \"\", \"ctrlSpan\": 24, \"required\": true, \"dataLength\": 500, \"labelTitle\": \"3233\", \"remoteFunc\": \"func_1660113787000_46676\", \"placeholder\": \"\", \"defaultValue\": \"\"}, \"dragType\": \"control\", \"eventlist\": [], \"isShowCheck\": true, \"isShowSpanSetting\": true}, {\"key\": \"1660113784000_1789\", \"icon\": \"el-icon-postcard\", \"name\": \"单行文本\", \"type\": \"input\", \"model\": \"input_1660113784000_1789\", \"rules\": [], \"layout\": \"inline\", \"options\": {\"filed\": \"filed166011378468653\", \"tagattr\": \"\", \"ctrlSpan\": 12, \"dataType\": \"string\", \"required\": false, \"dataLength\": 50, \"labelTitle\": \"单行文本\", \"remoteFunc\": \"func_1660113784000_1789\", \"placeholder\": \"\", \"defaultValue\": \"\"}, \"dragType\": \"control\", \"eventlist\": [], \"isShowCheck\": true, \"isShowSpanSetting\": true}, {\"key\": \"1660113782000_96212\", \"icon\": \"el-icon-postcard\", \"name\": \"单行文本\", \"type\": \"input\", \"model\": \"input_1660113782000_96212\", \"rules\": [], \"layout\": \"inline\", \"options\": {\"filed\": \"filed166011378275438\", \"tagattr\": \"\", \"ctrlSpan\": 12, \"dataType\": \"string\", \"required\": false, \"dataLength\": 50, \"labelTitle\": \"单行文本\", \"remoteFunc\": \"func_1660113782000_96212\", \"placeholder\": \"\", \"defaultValue\": \"\"}, \"dragType\": \"control\", \"eventlist\": [], \"isShowCheck\": true, \"isShowSpanSetting\": true}], \"name\": \"子表单\", \"type\": \"table\", \"datas\": [{\"filed166011378275438\": \"wefwefew\", \"filed166011378468653\": \"fewfwef\", \"filed166011378596296\": \"fwef\", \"filed166011378784424\": \"wefwefwe\", \"filed166011771923579\": []}], \"model\": \"table_1660113776000_6148\", \"rules\": [], \"layout\": \"inline\", \"columns\": [{\"list\": [], \"span\": 24}], \"options\": {\"type\": \"\", \"filed\": \"filed166011377680672\", \"tagattr\": \"\", \"describe\": \"\", \"required\": true, \"labelTitle\": \"r232323\", \"remoteFunc\": \"func_1660113776000_6148\", \"tabPosition\": \"top\"}, \"isShowSpanSetting\": true}', 0, '0', NULL, NULL);
INSERT INTO `form_item` VALUES (1561540370730184706, 1557256216333103105, NULL, NULL, 'gridPanel', NULL, NULL, '{\"key\": \"1660113774_27088\", \"icon\": \"el-icon-s-grid\", \"name\": \"模块控件\", \"type\": \"gridPanel\", \"model\": \"gridPanel_1660113774_14348\", \"title\": \"模块控件\", \"columns\": [{\"list\": [{\"id\": \"1557272853476126723\", \"key\": \"1660113776000_6148\", \"icon\": \"el-icon-film\", \"list\": [{\"key\": \"1660117719000_21966\", \"icon\": \"el-icon-finished\", \"name\": \"下拉列表\", \"type\": \"select\", \"model\": \"select_1660117719000_21966\", \"rules\": [], \"layout\": \"inline\", \"options\": {\"edit\": \"\", \"filed\": \"filed166011771923579\", \"isMulty\": true, \"options\": [{\"label\": \"选项1\", \"value\": \"1\"}, {\"label\": \"选项2\", \"value\": \"2\"}, {\"label\": \"选项3\", \"value\": \"3\"}, {\"label\": \"选项4\", \"value\": \"4\"}], \"tagattr\": \"\", \"ctrlSpan\": 12, \"isRemote\": false, \"isSearch\": false, \"required\": true, \"sourceApi\": \"\", \"textField\": \"Text\", \"labelTitle\": \"下拉列表\", \"remoteFunc\": \"func_1660117719000_21966\", \"valueField\": \"Value\", \"placeholder\": \"\", \"defaultValue\": \"\"}, \"dragType\": \"control\", \"eventlist\": [], \"isShowCheck\": true, \"isShowSpanSetting\": true}, {\"key\": \"1660113787000_46676\", \"icon\": \"el-icon-notebook-2\", \"name\": \"多行文本\", \"type\": \"textarea\", \"model\": \"textarea_1660113787000_46676\", \"rules\": [], \"options\": {\"rows\": 3, \"filed\": \"filed166011378784424\", \"tagattr\": \"\", \"ctrlSpan\": 24, \"required\": true, \"dataLength\": 500, \"labelTitle\": \"3233\", \"remoteFunc\": \"func_1660113787000_46676\", \"placeholder\": \"\", \"defaultValue\": \"\"}, \"dragType\": \"control\", \"eventlist\": [], \"isShowCheck\": true, \"isShowSpanSetting\": true}, {\"key\": \"1660113784000_1789\", \"icon\": \"el-icon-postcard\", \"name\": \"单行文本\", \"type\": \"input\", \"model\": \"input_1660113784000_1789\", \"rules\": [], \"layout\": \"inline\", \"options\": {\"filed\": \"filed166011378468653\", \"tagattr\": \"\", \"ctrlSpan\": 12, \"dataType\": \"string\", \"required\": false, \"dataLength\": 50, \"labelTitle\": \"单行文本\", \"remoteFunc\": \"func_1660113784000_1789\", \"placeholder\": \"\", \"defaultValue\": \"\"}, \"dragType\": \"control\", \"eventlist\": [], \"isShowCheck\": true, \"isShowSpanSetting\": true}, {\"key\": \"1660113782000_96212\", \"icon\": \"el-icon-postcard\", \"name\": \"单行文本\", \"type\": \"input\", \"model\": \"input_1660113782000_96212\", \"rules\": [], \"layout\": \"inline\", \"options\": {\"filed\": \"filed166011378275438\", \"tagattr\": \"\", \"ctrlSpan\": 12, \"dataType\": \"string\", \"required\": false, \"dataLength\": 50, \"labelTitle\": \"单行文本\", \"remoteFunc\": \"func_1660113782000_96212\", \"placeholder\": \"\", \"defaultValue\": \"\"}, \"dragType\": \"control\", \"eventlist\": [], \"isShowCheck\": true, \"isShowSpanSetting\": true}], \"name\": \"子表单\", \"type\": \"table\", \"datas\": [{\"filed166011378275438\": \"wefwefew\", \"filed166011378468653\": \"fewfwef\", \"filed166011378596296\": \"fwef\", \"filed166011378784424\": \"wefwefwe\", \"filed166011771923579\": []}], \"model\": \"table_1660113776000_6148\", \"rules\": [], \"layout\": \"inline\", \"columns\": [{\"list\": [], \"span\": 24}], \"options\": {\"type\": \"\", \"filed\": \"filed166011377680672\", \"tagattr\": \"\", \"describe\": \"\", \"required\": true, \"labelTitle\": \"r232323\", \"remoteFunc\": \"func_1660113776000_6148\", \"tabPosition\": \"top\"}, \"isShowSpanSetting\": true}], \"span\": 24}], \"options\": {\"tagattr\": \"\", \"idPrefix\": \"pnl_\", \"controlId\": 1660128139.257}, \"isShowSpanSetting\": true}', 0, '0', NULL, NULL);
INSERT INTO `form_item` VALUES (1561540370730184707, 1557256216333103105, 1561540370730184706, NULL, 'table', NULL, 'filed166011377680672', '{\"id\": \"1557272853476126723\", \"key\": \"1660113776000_6148\", \"icon\": \"el-icon-film\", \"list\": [{\"key\": \"1660117719000_21966\", \"icon\": \"el-icon-finished\", \"name\": \"下拉列表\", \"type\": \"select\", \"model\": \"select_1660117719000_21966\", \"rules\": [], \"layout\": \"inline\", \"options\": {\"edit\": \"\", \"filed\": \"filed166011771923579\", \"isMulty\": true, \"options\": [{\"label\": \"选项1\", \"value\": \"1\"}, {\"label\": \"选项2\", \"value\": \"2\"}, {\"label\": \"选项3\", \"value\": \"3\"}, {\"label\": \"选项4\", \"value\": \"4\"}], \"tagattr\": \"\", \"ctrlSpan\": 12, \"isRemote\": false, \"isSearch\": false, \"required\": true, \"sourceApi\": \"\", \"textField\": \"Text\", \"labelTitle\": \"下拉列表\", \"remoteFunc\": \"func_1660117719000_21966\", \"valueField\": \"Value\", \"placeholder\": \"\", \"defaultValue\": \"\"}, \"dragType\": \"control\", \"eventlist\": [], \"isShowCheck\": true, \"isShowSpanSetting\": true}, {\"key\": \"1660113787000_46676\", \"icon\": \"el-icon-notebook-2\", \"name\": \"多行文本\", \"type\": \"textarea\", \"model\": \"textarea_1660113787000_46676\", \"rules\": [], \"options\": {\"rows\": 3, \"filed\": \"filed166011378784424\", \"tagattr\": \"\", \"ctrlSpan\": 24, \"required\": true, \"dataLength\": 500, \"labelTitle\": \"3233\", \"remoteFunc\": \"func_1660113787000_46676\", \"placeholder\": \"\", \"defaultValue\": \"\"}, \"dragType\": \"control\", \"eventlist\": [], \"isShowCheck\": true, \"isShowSpanSetting\": true}, {\"key\": \"1660113784000_1789\", \"icon\": \"el-icon-postcard\", \"name\": \"单行文本\", \"type\": \"input\", \"model\": \"input_1660113784000_1789\", \"rules\": [], \"layout\": \"inline\", \"options\": {\"filed\": \"filed166011378468653\", \"tagattr\": \"\", \"ctrlSpan\": 12, \"dataType\": \"string\", \"required\": false, \"dataLength\": 50, \"labelTitle\": \"单行文本\", \"remoteFunc\": \"func_1660113784000_1789\", \"placeholder\": \"\", \"defaultValue\": \"\"}, \"dragType\": \"control\", \"eventlist\": [], \"isShowCheck\": true, \"isShowSpanSetting\": true}, {\"key\": \"1660113782000_96212\", \"icon\": \"el-icon-postcard\", \"name\": \"单行文本\", \"type\": \"input\", \"model\": \"input_1660113782000_96212\", \"rules\": [], \"layout\": \"inline\", \"options\": {\"filed\": \"filed166011378275438\", \"tagattr\": \"\", \"ctrlSpan\": 12, \"dataType\": \"string\", \"required\": false, \"dataLength\": 50, \"labelTitle\": \"单行文本\", \"remoteFunc\": \"func_1660113782000_96212\", \"placeholder\": \"\", \"defaultValue\": \"\"}, \"dragType\": \"control\", \"eventlist\": [], \"isShowCheck\": true, \"isShowSpanSetting\": true}], \"name\": \"子表单\", \"type\": \"table\", \"datas\": [{\"filed166011378275438\": \"wefwefew\", \"filed166011378468653\": \"fewfwef\", \"filed166011378596296\": \"fwef\", \"filed166011378784424\": \"wefwefwe\", \"filed166011771923579\": []}], \"model\": \"table_1660113776000_6148\", \"rules\": [], \"layout\": \"inline\", \"columns\": [{\"list\": [], \"span\": 24}], \"options\": {\"type\": \"\", \"filed\": \"filed166011377680672\", \"tagattr\": \"\", \"describe\": \"\", \"required\": true, \"labelTitle\": \"r232323\", \"remoteFunc\": \"func_1660113776000_6148\", \"tabPosition\": \"top\"}, \"isShowSpanSetting\": true}', 0, '0', NULL, NULL);
INSERT INTO `form_item` VALUES (1561540784447905794, 1561540784309493761, NULL, NULL, 'gridPanel', NULL, NULL, '{\"key\": \"1660113774_27088\", \"icon\": \"el-icon-s-grid\", \"name\": \"模块控件\", \"type\": \"gridPanel\", \"model\": \"gridPanel_1660113774_14348\", \"title\": \"模块控件\", \"columns\": [{\"list\": [{\"id\": \"1557272853476126723\", \"key\": \"1660113776000_6148\", \"icon\": \"el-icon-film\", \"list\": [{\"key\": \"1660117719000_21966\", \"icon\": \"el-icon-finished\", \"name\": \"下拉列表\", \"type\": \"select\", \"model\": \"select_1660117719000_21966\", \"rules\": [], \"layout\": \"inline\", \"options\": {\"edit\": \"\", \"filed\": \"filed166011771923579\", \"isMulty\": true, \"options\": [{\"label\": \"选项1\", \"value\": \"1\"}, {\"label\": \"选项2\", \"value\": \"2\"}, {\"label\": \"选项3\", \"value\": \"3\"}, {\"label\": \"选项4\", \"value\": \"4\"}], \"tagattr\": \"\", \"ctrlSpan\": 12, \"isRemote\": false, \"isSearch\": false, \"required\": true, \"sourceApi\": \"\", \"textField\": \"Text\", \"labelTitle\": \"下拉列表\", \"remoteFunc\": \"func_1660117719000_21966\", \"valueField\": \"Value\", \"placeholder\": \"\", \"defaultValue\": \"\"}, \"dragType\": \"control\", \"eventlist\": [], \"isShowCheck\": true, \"isShowSpanSetting\": true}, {\"key\": \"1660113787000_46676\", \"icon\": \"el-icon-notebook-2\", \"name\": \"多行文本\", \"type\": \"textarea\", \"model\": \"textarea_1660113787000_46676\", \"rules\": [], \"options\": {\"rows\": 3, \"filed\": \"filed166011378784424\", \"tagattr\": \"\", \"ctrlSpan\": 24, \"required\": true, \"dataLength\": 500, \"labelTitle\": \"3233\", \"remoteFunc\": \"func_1660113787000_46676\", \"placeholder\": \"\", \"defaultValue\": \"\"}, \"dragType\": \"control\", \"eventlist\": [], \"isShowCheck\": true, \"isShowSpanSetting\": true}, {\"key\": \"1660113784000_1789\", \"icon\": \"el-icon-postcard\", \"name\": \"单行文本\", \"type\": \"input\", \"model\": \"input_1660113784000_1789\", \"rules\": [], \"layout\": \"inline\", \"options\": {\"filed\": \"filed166011378468653\", \"tagattr\": \"\", \"ctrlSpan\": 12, \"dataType\": \"string\", \"required\": false, \"dataLength\": 50, \"labelTitle\": \"单行文本\", \"remoteFunc\": \"func_1660113784000_1789\", \"placeholder\": \"\", \"defaultValue\": \"\"}, \"dragType\": \"control\", \"eventlist\": [], \"isShowCheck\": true, \"isShowSpanSetting\": true}, {\"key\": \"1660113782000_96212\", \"icon\": \"el-icon-postcard\", \"name\": \"单行文本\", \"type\": \"input\", \"model\": \"input_1660113782000_96212\", \"rules\": [], \"layout\": \"inline\", \"options\": {\"filed\": \"filed166011378275438\", \"tagattr\": \"\", \"ctrlSpan\": 12, \"dataType\": \"string\", \"required\": false, \"dataLength\": 50, \"labelTitle\": \"单行文本\", \"remoteFunc\": \"func_1660113782000_96212\", \"placeholder\": \"\", \"defaultValue\": \"\"}, \"dragType\": \"control\", \"eventlist\": [], \"isShowCheck\": true, \"isShowSpanSetting\": true}], \"name\": \"子表单\", \"type\": \"table\", \"datas\": [{\"filed166011378275438\": \"wefwefew\", \"filed166011378468653\": \"fewfwef\", \"filed166011378596296\": \"fwef\", \"filed166011378784424\": \"wefwefwe\", \"filed166011771923579\": []}], \"model\": \"table_1660113776000_6148\", \"rules\": [], \"layout\": \"inline\", \"columns\": [{\"list\": [], \"span\": 24}], \"options\": {\"type\": \"\", \"filed\": \"filed166011377680672\", \"tagattr\": \"\", \"describe\": \"\", \"required\": true, \"labelTitle\": \"r232323\", \"remoteFunc\": \"func_1660113776000_6148\", \"tabPosition\": \"top\"}, \"isShowSpanSetting\": true}], \"span\": 24}], \"options\": {\"tagattr\": \"\", \"idPrefix\": \"pnl_\", \"controlId\": 1660128139.257}, \"isShowSpanSetting\": true}', 0, '0', NULL, NULL);
INSERT INTO `form_item` VALUES (1561540784447905795, 1561540784309493761, 1561540784447905794, NULL, 'table', NULL, 'filed166011377680672', '{\"id\": \"1557272853476126723\", \"key\": \"1660113776000_6148\", \"icon\": \"el-icon-film\", \"list\": [{\"key\": \"1660117719000_21966\", \"icon\": \"el-icon-finished\", \"name\": \"下拉列表\", \"type\": \"select\", \"model\": \"select_1660117719000_21966\", \"rules\": [], \"layout\": \"inline\", \"options\": {\"edit\": \"\", \"filed\": \"filed166011771923579\", \"isMulty\": true, \"options\": [{\"label\": \"选项1\", \"value\": \"1\"}, {\"label\": \"选项2\", \"value\": \"2\"}, {\"label\": \"选项3\", \"value\": \"3\"}, {\"label\": \"选项4\", \"value\": \"4\"}], \"tagattr\": \"\", \"ctrlSpan\": 12, \"isRemote\": false, \"isSearch\": false, \"required\": true, \"sourceApi\": \"\", \"textField\": \"Text\", \"labelTitle\": \"下拉列表\", \"remoteFunc\": \"func_1660117719000_21966\", \"valueField\": \"Value\", \"placeholder\": \"\", \"defaultValue\": \"\"}, \"dragType\": \"control\", \"eventlist\": [], \"isShowCheck\": true, \"isShowSpanSetting\": true}, {\"key\": \"1660113787000_46676\", \"icon\": \"el-icon-notebook-2\", \"name\": \"多行文本\", \"type\": \"textarea\", \"model\": \"textarea_1660113787000_46676\", \"rules\": [], \"options\": {\"rows\": 3, \"filed\": \"filed166011378784424\", \"tagattr\": \"\", \"ctrlSpan\": 24, \"required\": true, \"dataLength\": 500, \"labelTitle\": \"3233\", \"remoteFunc\": \"func_1660113787000_46676\", \"placeholder\": \"\", \"defaultValue\": \"\"}, \"dragType\": \"control\", \"eventlist\": [], \"isShowCheck\": true, \"isShowSpanSetting\": true}, {\"key\": \"1660113784000_1789\", \"icon\": \"el-icon-postcard\", \"name\": \"单行文本\", \"type\": \"input\", \"model\": \"input_1660113784000_1789\", \"rules\": [], \"layout\": \"inline\", \"options\": {\"filed\": \"filed166011378468653\", \"tagattr\": \"\", \"ctrlSpan\": 12, \"dataType\": \"string\", \"required\": false, \"dataLength\": 50, \"labelTitle\": \"单行文本\", \"remoteFunc\": \"func_1660113784000_1789\", \"placeholder\": \"\", \"defaultValue\": \"\"}, \"dragType\": \"control\", \"eventlist\": [], \"isShowCheck\": true, \"isShowSpanSetting\": true}, {\"key\": \"1660113782000_96212\", \"icon\": \"el-icon-postcard\", \"name\": \"单行文本\", \"type\": \"input\", \"model\": \"input_1660113782000_96212\", \"rules\": [], \"layout\": \"inline\", \"options\": {\"filed\": \"filed166011378275438\", \"tagattr\": \"\", \"ctrlSpan\": 12, \"dataType\": \"string\", \"required\": false, \"dataLength\": 50, \"labelTitle\": \"单行文本\", \"remoteFunc\": \"func_1660113782000_96212\", \"placeholder\": \"\", \"defaultValue\": \"\"}, \"dragType\": \"control\", \"eventlist\": [], \"isShowCheck\": true, \"isShowSpanSetting\": true}], \"name\": \"子表单\", \"type\": \"table\", \"datas\": [{\"filed166011378275438\": \"wefwefew\", \"filed166011378468653\": \"fewfwef\", \"filed166011378596296\": \"fwef\", \"filed166011378784424\": \"wefwefwe\", \"filed166011771923579\": []}], \"model\": \"table_1660113776000_6148\", \"rules\": [], \"layout\": \"inline\", \"columns\": [{\"list\": [], \"span\": 24}], \"options\": {\"type\": \"\", \"filed\": \"filed166011377680672\", \"tagattr\": \"\", \"describe\": \"\", \"required\": true, \"labelTitle\": \"r232323\", \"remoteFunc\": \"func_1660113776000_6148\", \"tabPosition\": \"top\"}, \"isShowSpanSetting\": true}', 0, '0', NULL, NULL);
INSERT INTO `form_item` VALUES (1561540835006046210, 1561540834876022786, NULL, NULL, 'gridPanel', NULL, NULL, '{\"key\": \"1660113774_27088\", \"icon\": \"el-icon-s-grid\", \"name\": \"模块控件\", \"type\": \"gridPanel\", \"model\": \"gridPanel_1660113774_14348\", \"title\": \"模块控件\", \"columns\": [{\"list\": [{\"id\": \"1561540784447905795\", \"key\": \"1660113776000_6148\", \"icon\": \"el-icon-film\", \"list\": [{\"key\": \"1660117719000_21966\", \"icon\": \"el-icon-finished\", \"name\": \"下拉列表\", \"type\": \"select\", \"model\": \"select_1660117719000_21966\", \"rules\": [], \"layout\": \"inline\", \"options\": {\"edit\": \"\", \"filed\": \"filed166011771923579\", \"isMulty\": true, \"options\": [{\"label\": \"选项1\", \"value\": \"1\"}, {\"label\": \"选项2\", \"value\": \"2\"}, {\"label\": \"选项3\", \"value\": \"3\"}, {\"label\": \"选项4\", \"value\": \"4\"}], \"tagattr\": \"\", \"ctrlSpan\": 12, \"isRemote\": false, \"isSearch\": false, \"required\": true, \"sourceApi\": \"\", \"textField\": \"Text\", \"labelTitle\": \"下拉列表\", \"remoteFunc\": \"func_1660117719000_21966\", \"valueField\": \"Value\", \"placeholder\": \"\", \"defaultValue\": \"\"}, \"dragType\": \"control\", \"eventlist\": [], \"isShowCheck\": true, \"isShowSpanSetting\": true}, {\"key\": \"1660113787000_46676\", \"icon\": \"el-icon-notebook-2\", \"name\": \"多行文本\", \"type\": \"textarea\", \"model\": \"textarea_1660113787000_46676\", \"rules\": [], \"options\": {\"rows\": 3, \"filed\": \"filed166011378784424\", \"tagattr\": \"\", \"ctrlSpan\": 24, \"required\": true, \"dataLength\": 500, \"labelTitle\": \"3233\", \"remoteFunc\": \"func_1660113787000_46676\", \"placeholder\": \"\", \"defaultValue\": \"\"}, \"dragType\": \"control\", \"eventlist\": [], \"isShowCheck\": true, \"isShowSpanSetting\": true}, {\"key\": \"1660113784000_1789\", \"icon\": \"el-icon-postcard\", \"name\": \"单行文本\", \"type\": \"input\", \"model\": \"input_1660113784000_1789\", \"rules\": [], \"layout\": \"inline\", \"options\": {\"filed\": \"filed166011378468653\", \"tagattr\": \"\", \"ctrlSpan\": 12, \"dataType\": \"string\", \"required\": false, \"dataLength\": 50, \"labelTitle\": \"单行文本\", \"remoteFunc\": \"func_1660113784000_1789\", \"placeholder\": \"\", \"defaultValue\": \"\"}, \"dragType\": \"control\", \"eventlist\": [], \"isShowCheck\": true, \"isShowSpanSetting\": true}, {\"key\": \"1660113782000_96212\", \"icon\": \"el-icon-postcard\", \"name\": \"单行文本\", \"type\": \"input\", \"model\": \"input_1660113782000_96212\", \"rules\": [], \"layout\": \"inline\", \"options\": {\"filed\": \"filed166011378275438\", \"tagattr\": \"\", \"ctrlSpan\": 12, \"dataType\": \"string\", \"required\": false, \"dataLength\": 50, \"labelTitle\": \"单行文本\", \"remoteFunc\": \"func_1660113782000_96212\", \"placeholder\": \"\", \"defaultValue\": \"\"}, \"dragType\": \"control\", \"eventlist\": [], \"isShowCheck\": true, \"isShowSpanSetting\": true}], \"name\": \"子表单\", \"type\": \"table\", \"datas\": [{\"filed166011378275438\": \"wefwefew\", \"filed166011378468653\": \"fewfwef\", \"filed166011378596296\": \"fwef\", \"filed166011378784424\": \"wefwefwe\", \"filed166011771923579\": []}], \"model\": \"table_1660113776000_6148\", \"rules\": [], \"layout\": \"inline\", \"columns\": [{\"list\": [], \"span\": 24}], \"options\": {\"type\": \"\", \"filed\": \"filed166011377680672\", \"tagattr\": \"\", \"describe\": \"\", \"required\": true, \"labelTitle\": \"r232323\", \"remoteFunc\": \"func_1660113776000_6148\", \"tabPosition\": \"top\"}, \"isShowSpanSetting\": true}], \"span\": 24}], \"options\": {\"tagattr\": \"\", \"idPrefix\": \"pnl_\", \"controlId\": 1660128139.257}, \"isShowSpanSetting\": true}', 0, '0', NULL, NULL);
INSERT INTO `form_item` VALUES (1561540835006046211, 1561540834876022786, 1561540835006046210, NULL, 'table', NULL, 'filed166011377680672', '{\"id\": \"1561540784447905795\", \"key\": \"1660113776000_6148\", \"icon\": \"el-icon-film\", \"list\": [{\"key\": \"1660117719000_21966\", \"icon\": \"el-icon-finished\", \"name\": \"下拉列表\", \"type\": \"select\", \"model\": \"select_1660117719000_21966\", \"rules\": [], \"layout\": \"inline\", \"options\": {\"edit\": \"\", \"filed\": \"filed166011771923579\", \"isMulty\": true, \"options\": [{\"label\": \"选项1\", \"value\": \"1\"}, {\"label\": \"选项2\", \"value\": \"2\"}, {\"label\": \"选项3\", \"value\": \"3\"}, {\"label\": \"选项4\", \"value\": \"4\"}], \"tagattr\": \"\", \"ctrlSpan\": 12, \"isRemote\": false, \"isSearch\": false, \"required\": true, \"sourceApi\": \"\", \"textField\": \"Text\", \"labelTitle\": \"下拉列表\", \"remoteFunc\": \"func_1660117719000_21966\", \"valueField\": \"Value\", \"placeholder\": \"\", \"defaultValue\": \"\"}, \"dragType\": \"control\", \"eventlist\": [], \"isShowCheck\": true, \"isShowSpanSetting\": true}, {\"key\": \"1660113787000_46676\", \"icon\": \"el-icon-notebook-2\", \"name\": \"多行文本\", \"type\": \"textarea\", \"model\": \"textarea_1660113787000_46676\", \"rules\": [], \"options\": {\"rows\": 3, \"filed\": \"filed166011378784424\", \"tagattr\": \"\", \"ctrlSpan\": 24, \"required\": true, \"dataLength\": 500, \"labelTitle\": \"3233\", \"remoteFunc\": \"func_1660113787000_46676\", \"placeholder\": \"\", \"defaultValue\": \"\"}, \"dragType\": \"control\", \"eventlist\": [], \"isShowCheck\": true, \"isShowSpanSetting\": true}, {\"key\": \"1660113784000_1789\", \"icon\": \"el-icon-postcard\", \"name\": \"单行文本\", \"type\": \"input\", \"model\": \"input_1660113784000_1789\", \"rules\": [], \"layout\": \"inline\", \"options\": {\"filed\": \"filed166011378468653\", \"tagattr\": \"\", \"ctrlSpan\": 12, \"dataType\": \"string\", \"required\": false, \"dataLength\": 50, \"labelTitle\": \"单行文本\", \"remoteFunc\": \"func_1660113784000_1789\", \"placeholder\": \"\", \"defaultValue\": \"\"}, \"dragType\": \"control\", \"eventlist\": [], \"isShowCheck\": true, \"isShowSpanSetting\": true}, {\"key\": \"1660113782000_96212\", \"icon\": \"el-icon-postcard\", \"name\": \"单行文本\", \"type\": \"input\", \"model\": \"input_1660113782000_96212\", \"rules\": [], \"layout\": \"inline\", \"options\": {\"filed\": \"filed166011378275438\", \"tagattr\": \"\", \"ctrlSpan\": 12, \"dataType\": \"string\", \"required\": false, \"dataLength\": 50, \"labelTitle\": \"单行文本\", \"remoteFunc\": \"func_1660113782000_96212\", \"placeholder\": \"\", \"defaultValue\": \"\"}, \"dragType\": \"control\", \"eventlist\": [], \"isShowCheck\": true, \"isShowSpanSetting\": true}], \"name\": \"子表单\", \"type\": \"table\", \"datas\": [{\"filed166011378275438\": \"wefwefew\", \"filed166011378468653\": \"fewfwef\", \"filed166011378596296\": \"fwef\", \"filed166011378784424\": \"wefwefwe\", \"filed166011771923579\": []}], \"model\": \"table_1660113776000_6148\", \"rules\": [], \"layout\": \"inline\", \"columns\": [{\"list\": [], \"span\": 24}], \"options\": {\"type\": \"\", \"filed\": \"filed166011377680672\", \"tagattr\": \"\", \"describe\": \"\", \"required\": true, \"labelTitle\": \"r232323\", \"remoteFunc\": \"func_1660113776000_6148\", \"tabPosition\": \"top\"}, \"isShowSpanSetting\": true}', 0, '0', NULL, NULL);
INSERT INTO `form_item` VALUES (1561541011582033921, 1561541010927722497, NULL, NULL, 'gridPanel', NULL, NULL, '{\"key\": \"1660113774_27088\", \"icon\": \"el-icon-s-grid\", \"name\": \"模块控件\", \"type\": \"gridPanel\", \"model\": \"gridPanel_1660113774_14348\", \"title\": \"模块控件\", \"columns\": [{\"list\": [{\"id\": \"1561540835006046211\", \"key\": \"1660113776000_6148\", \"icon\": \"el-icon-film\", \"list\": [{\"key\": \"1660117719000_21966\", \"icon\": \"el-icon-finished\", \"name\": \"下拉列表\", \"type\": \"select\", \"model\": \"select_1660117719000_21966\", \"rules\": [], \"layout\": \"inline\", \"options\": {\"edit\": \"\", \"filed\": \"filed166011771923579\", \"isMulty\": true, \"options\": [{\"label\": \"选项1\", \"value\": \"1\"}, {\"label\": \"选项2\", \"value\": \"2\"}, {\"label\": \"选项3\", \"value\": \"3\"}, {\"label\": \"选项4\", \"value\": \"4\"}], \"tagattr\": \"\", \"ctrlSpan\": 12, \"isRemote\": false, \"isSearch\": false, \"required\": true, \"sourceApi\": \"\", \"textField\": \"Text\", \"labelTitle\": \"下拉列表\", \"remoteFunc\": \"func_1660117719000_21966\", \"valueField\": \"Value\", \"placeholder\": \"\", \"defaultValue\": \"\"}, \"dragType\": \"control\", \"eventlist\": [], \"isShowCheck\": true, \"isShowSpanSetting\": true}, {\"key\": \"1660113787000_46676\", \"icon\": \"el-icon-notebook-2\", \"name\": \"多行文本\", \"type\": \"textarea\", \"model\": \"textarea_1660113787000_46676\", \"rules\": [], \"options\": {\"rows\": 3, \"filed\": \"filed166011378784424\", \"tagattr\": \"\", \"ctrlSpan\": 24, \"required\": true, \"dataLength\": 500, \"labelTitle\": \"3233\", \"remoteFunc\": \"func_1660113787000_46676\", \"placeholder\": \"\", \"defaultValue\": \"\"}, \"dragType\": \"control\", \"eventlist\": [], \"isShowCheck\": true, \"isShowSpanSetting\": true}, {\"key\": \"1660113784000_1789\", \"icon\": \"el-icon-postcard\", \"name\": \"单行文本\", \"type\": \"input\", \"model\": \"input_1660113784000_1789\", \"rules\": [], \"layout\": \"inline\", \"options\": {\"filed\": \"filed166011378468653\", \"tagattr\": \"\", \"ctrlSpan\": 12, \"dataType\": \"string\", \"required\": false, \"dataLength\": 50, \"labelTitle\": \"单行文本\", \"remoteFunc\": \"func_1660113784000_1789\", \"placeholder\": \"\", \"defaultValue\": \"\"}, \"dragType\": \"control\", \"eventlist\": [], \"isShowCheck\": true, \"isShowSpanSetting\": true}, {\"key\": \"1660113782000_96212\", \"icon\": \"el-icon-postcard\", \"name\": \"单行文本\", \"type\": \"input\", \"model\": \"input_1660113782000_96212\", \"rules\": [], \"layout\": \"inline\", \"options\": {\"filed\": \"filed166011378275438\", \"tagattr\": \"\", \"ctrlSpan\": 12, \"dataType\": \"string\", \"required\": false, \"dataLength\": 50, \"labelTitle\": \"单行文本\", \"remoteFunc\": \"func_1660113782000_96212\", \"placeholder\": \"\", \"defaultValue\": \"\"}, \"dragType\": \"control\", \"eventlist\": [], \"isShowCheck\": true, \"isShowSpanSetting\": true}], \"name\": \"子表单\", \"type\": \"table\", \"datas\": [{\"filed166011378275438\": \"wefwefew\", \"filed166011378468653\": \"fewfwef\", \"filed166011378596296\": \"fwef\", \"filed166011378784424\": \"wefwefwe\", \"filed166011771923579\": []}], \"model\": \"table_1660113776000_6148\", \"rules\": [], \"layout\": \"inline\", \"columns\": [{\"list\": [], \"span\": 24}], \"options\": {\"type\": \"\", \"filed\": \"filed166011377680672\", \"tagattr\": \"\", \"describe\": \"\", \"required\": true, \"labelTitle\": \"r232323\", \"remoteFunc\": \"func_1660113776000_6148\", \"tabPosition\": \"top\"}, \"isShowSpanSetting\": true}], \"span\": 24}], \"options\": {\"tagattr\": \"\", \"idPrefix\": \"pnl_\", \"controlId\": 1660128139.257}, \"isShowSpanSetting\": true}', 0, '0', NULL, NULL);
INSERT INTO `form_item` VALUES (1561541011582033922, 1561541010927722497, 1561541011582033921, NULL, 'table', NULL, 'filed166011377680672', '{\"id\": \"1561540835006046211\", \"key\": \"1660113776000_6148\", \"icon\": \"el-icon-film\", \"list\": [{\"key\": \"1660117719000_21966\", \"icon\": \"el-icon-finished\", \"name\": \"下拉列表\", \"type\": \"select\", \"model\": \"select_1660117719000_21966\", \"rules\": [], \"layout\": \"inline\", \"options\": {\"edit\": \"\", \"filed\": \"filed166011771923579\", \"isMulty\": true, \"options\": [{\"label\": \"选项1\", \"value\": \"1\"}, {\"label\": \"选项2\", \"value\": \"2\"}, {\"label\": \"选项3\", \"value\": \"3\"}, {\"label\": \"选项4\", \"value\": \"4\"}], \"tagattr\": \"\", \"ctrlSpan\": 12, \"isRemote\": false, \"isSearch\": false, \"required\": true, \"sourceApi\": \"\", \"textField\": \"Text\", \"labelTitle\": \"下拉列表\", \"remoteFunc\": \"func_1660117719000_21966\", \"valueField\": \"Value\", \"placeholder\": \"\", \"defaultValue\": \"\"}, \"dragType\": \"control\", \"eventlist\": [], \"isShowCheck\": true, \"isShowSpanSetting\": true}, {\"key\": \"1660113787000_46676\", \"icon\": \"el-icon-notebook-2\", \"name\": \"多行文本\", \"type\": \"textarea\", \"model\": \"textarea_1660113787000_46676\", \"rules\": [], \"options\": {\"rows\": 3, \"filed\": \"filed166011378784424\", \"tagattr\": \"\", \"ctrlSpan\": 24, \"required\": true, \"dataLength\": 500, \"labelTitle\": \"3233\", \"remoteFunc\": \"func_1660113787000_46676\", \"placeholder\": \"\", \"defaultValue\": \"\"}, \"dragType\": \"control\", \"eventlist\": [], \"isShowCheck\": true, \"isShowSpanSetting\": true}, {\"key\": \"1660113784000_1789\", \"icon\": \"el-icon-postcard\", \"name\": \"单行文本\", \"type\": \"input\", \"model\": \"input_1660113784000_1789\", \"rules\": [], \"layout\": \"inline\", \"options\": {\"filed\": \"filed166011378468653\", \"tagattr\": \"\", \"ctrlSpan\": 12, \"dataType\": \"string\", \"required\": false, \"dataLength\": 50, \"labelTitle\": \"单行文本\", \"remoteFunc\": \"func_1660113784000_1789\", \"placeholder\": \"\", \"defaultValue\": \"\"}, \"dragType\": \"control\", \"eventlist\": [], \"isShowCheck\": true, \"isShowSpanSetting\": true}, {\"key\": \"1660113782000_96212\", \"icon\": \"el-icon-postcard\", \"name\": \"单行文本\", \"type\": \"input\", \"model\": \"input_1660113782000_96212\", \"rules\": [], \"layout\": \"inline\", \"options\": {\"filed\": \"filed166011378275438\", \"tagattr\": \"\", \"ctrlSpan\": 12, \"dataType\": \"string\", \"required\": false, \"dataLength\": 50, \"labelTitle\": \"单行文本\", \"remoteFunc\": \"func_1660113782000_96212\", \"placeholder\": \"\", \"defaultValue\": \"\"}, \"dragType\": \"control\", \"eventlist\": [], \"isShowCheck\": true, \"isShowSpanSetting\": true}], \"name\": \"子表单\", \"type\": \"table\", \"datas\": [{\"filed166011378275438\": \"wefwefew\", \"filed166011378468653\": \"fewfwef\", \"filed166011378596296\": \"fwef\", \"filed166011378784424\": \"wefwefwe\", \"filed166011771923579\": []}], \"model\": \"table_1660113776000_6148\", \"rules\": [], \"layout\": \"inline\", \"columns\": [{\"list\": [], \"span\": 24}], \"options\": {\"type\": \"\", \"filed\": \"filed166011377680672\", \"tagattr\": \"\", \"describe\": \"\", \"required\": true, \"labelTitle\": \"r232323\", \"remoteFunc\": \"func_1660113776000_6148\", \"tabPosition\": \"top\"}, \"isShowSpanSetting\": true}', 0, '0', NULL, NULL);
INSERT INTO `form_item` VALUES (1561543983895773186, 1561543983799304193, NULL, NULL, 'gridPanel', NULL, NULL, '{\"key\": \"1660113774_27088\", \"icon\": \"el-icon-s-grid\", \"name\": \"模块控件\", \"type\": \"gridPanel\", \"model\": \"gridPanel_1660113774_14348\", \"title\": \"模块控件\", \"columns\": [{\"list\": [{\"id\": \"1561541011582033922\", \"key\": \"1660113776000_6148\", \"icon\": \"el-icon-film\", \"list\": [{\"key\": \"1660117719000_21966\", \"icon\": \"el-icon-finished\", \"name\": \"下拉列表\", \"type\": \"select\", \"model\": \"select_1660117719000_21966\", \"rules\": [], \"layout\": \"inline\", \"options\": {\"edit\": \"\", \"filed\": \"filed166011771923579\", \"isMulty\": true, \"options\": [{\"label\": \"选项1\", \"value\": \"1\"}, {\"label\": \"选项2\", \"value\": \"2\"}, {\"label\": \"选项3\", \"value\": \"3\"}, {\"label\": \"选项4\", \"value\": \"4\"}], \"tagattr\": \"\", \"ctrlSpan\": 12, \"isRemote\": false, \"isSearch\": false, \"required\": true, \"sourceApi\": \"\", \"textField\": \"Text\", \"labelTitle\": \"下拉列表\", \"remoteFunc\": \"func_1660117719000_21966\", \"valueField\": \"Value\", \"placeholder\": \"\", \"defaultValue\": \"\"}, \"dragType\": \"control\", \"eventlist\": [], \"isShowCheck\": true, \"isShowSpanSetting\": true}, {\"key\": \"1660113787000_46676\", \"icon\": \"el-icon-notebook-2\", \"name\": \"多行文本\", \"type\": \"textarea\", \"model\": \"textarea_1660113787000_46676\", \"rules\": [], \"options\": {\"rows\": 3, \"filed\": \"filed166011378784424\", \"tagattr\": \"\", \"ctrlSpan\": 24, \"required\": true, \"dataLength\": 500, \"labelTitle\": \"3233\", \"remoteFunc\": \"func_1660113787000_46676\", \"placeholder\": \"\", \"defaultValue\": \"\"}, \"dragType\": \"control\", \"eventlist\": [], \"isShowCheck\": true, \"isShowSpanSetting\": true}, {\"key\": \"1660113784000_1789\", \"icon\": \"el-icon-postcard\", \"name\": \"单行文本\", \"type\": \"input\", \"model\": \"input_1660113784000_1789\", \"rules\": [], \"layout\": \"inline\", \"options\": {\"filed\": \"filed166011378468653\", \"tagattr\": \"\", \"ctrlSpan\": 12, \"dataType\": \"string\", \"required\": false, \"dataLength\": 50, \"labelTitle\": \"单行文本\", \"remoteFunc\": \"func_1660113784000_1789\", \"placeholder\": \"\", \"defaultValue\": \"\"}, \"dragType\": \"control\", \"eventlist\": [], \"isShowCheck\": true, \"isShowSpanSetting\": true}, {\"key\": \"1660113782000_96212\", \"icon\": \"el-icon-postcard\", \"name\": \"单行文本\", \"type\": \"input\", \"model\": \"input_1660113782000_96212\", \"rules\": [], \"layout\": \"inline\", \"options\": {\"filed\": \"filed166011378275438\", \"tagattr\": \"\", \"ctrlSpan\": 12, \"dataType\": \"string\", \"required\": false, \"dataLength\": 50, \"labelTitle\": \"单行文本\", \"remoteFunc\": \"func_1660113782000_96212\", \"placeholder\": \"\", \"defaultValue\": \"\"}, \"dragType\": \"control\", \"eventlist\": [], \"isShowCheck\": true, \"isShowSpanSetting\": true}], \"name\": \"子表单\", \"type\": \"table\", \"datas\": [{\"filed166011378275438\": \"wefwefew\", \"filed166011378468653\": \"fewfwef\", \"filed166011378596296\": \"fwef\", \"filed166011378784424\": \"wefwefwe\", \"filed166011771923579\": []}], \"model\": \"table_1660113776000_6148\", \"rules\": [], \"layout\": \"inline\", \"columns\": [{\"list\": [], \"span\": 24}], \"options\": {\"type\": \"\", \"filed\": \"filed166011377680672\", \"tagattr\": \"\", \"describe\": \"\", \"required\": true, \"labelTitle\": \"r232323\", \"remoteFunc\": \"func_1660113776000_6148\", \"tabPosition\": \"top\"}, \"isShowSpanSetting\": true}], \"span\": 24}], \"options\": {\"tagattr\": \"\", \"idPrefix\": \"pnl_\", \"controlId\": 1660128139.257}, \"isShowSpanSetting\": true}', 0, '0', NULL, NULL);
INSERT INTO `form_item` VALUES (1561543983895773187, 1561543983799304193, 1561543983895773186, NULL, 'table', NULL, 'filed166011377680672', '{\"id\": \"1561541011582033922\", \"key\": \"1660113776000_6148\", \"icon\": \"el-icon-film\", \"list\": [{\"key\": \"1660117719000_21966\", \"icon\": \"el-icon-finished\", \"name\": \"下拉列表\", \"type\": \"select\", \"model\": \"select_1660117719000_21966\", \"rules\": [], \"layout\": \"inline\", \"options\": {\"edit\": \"\", \"filed\": \"filed166011771923579\", \"isMulty\": true, \"options\": [{\"label\": \"选项1\", \"value\": \"1\"}, {\"label\": \"选项2\", \"value\": \"2\"}, {\"label\": \"选项3\", \"value\": \"3\"}, {\"label\": \"选项4\", \"value\": \"4\"}], \"tagattr\": \"\", \"ctrlSpan\": 12, \"isRemote\": false, \"isSearch\": false, \"required\": true, \"sourceApi\": \"\", \"textField\": \"Text\", \"labelTitle\": \"下拉列表\", \"remoteFunc\": \"func_1660117719000_21966\", \"valueField\": \"Value\", \"placeholder\": \"\", \"defaultValue\": \"\"}, \"dragType\": \"control\", \"eventlist\": [], \"isShowCheck\": true, \"isShowSpanSetting\": true}, {\"key\": \"1660113787000_46676\", \"icon\": \"el-icon-notebook-2\", \"name\": \"多行文本\", \"type\": \"textarea\", \"model\": \"textarea_1660113787000_46676\", \"rules\": [], \"options\": {\"rows\": 3, \"filed\": \"filed166011378784424\", \"tagattr\": \"\", \"ctrlSpan\": 24, \"required\": true, \"dataLength\": 500, \"labelTitle\": \"3233\", \"remoteFunc\": \"func_1660113787000_46676\", \"placeholder\": \"\", \"defaultValue\": \"\"}, \"dragType\": \"control\", \"eventlist\": [], \"isShowCheck\": true, \"isShowSpanSetting\": true}, {\"key\": \"1660113784000_1789\", \"icon\": \"el-icon-postcard\", \"name\": \"单行文本\", \"type\": \"input\", \"model\": \"input_1660113784000_1789\", \"rules\": [], \"layout\": \"inline\", \"options\": {\"filed\": \"filed166011378468653\", \"tagattr\": \"\", \"ctrlSpan\": 12, \"dataType\": \"string\", \"required\": false, \"dataLength\": 50, \"labelTitle\": \"单行文本\", \"remoteFunc\": \"func_1660113784000_1789\", \"placeholder\": \"\", \"defaultValue\": \"\"}, \"dragType\": \"control\", \"eventlist\": [], \"isShowCheck\": true, \"isShowSpanSetting\": true}, {\"key\": \"1660113782000_96212\", \"icon\": \"el-icon-postcard\", \"name\": \"单行文本\", \"type\": \"input\", \"model\": \"input_1660113782000_96212\", \"rules\": [], \"layout\": \"inline\", \"options\": {\"filed\": \"filed166011378275438\", \"tagattr\": \"\", \"ctrlSpan\": 12, \"dataType\": \"string\", \"required\": false, \"dataLength\": 50, \"labelTitle\": \"单行文本\", \"remoteFunc\": \"func_1660113782000_96212\", \"placeholder\": \"\", \"defaultValue\": \"\"}, \"dragType\": \"control\", \"eventlist\": [], \"isShowCheck\": true, \"isShowSpanSetting\": true}], \"name\": \"子表单\", \"type\": \"table\", \"datas\": [{\"filed166011378275438\": \"wefwefew\", \"filed166011378468653\": \"fewfwef\", \"filed166011378596296\": \"fwef\", \"filed166011378784424\": \"wefwefwe\", \"filed166011771923579\": []}], \"model\": \"table_1660113776000_6148\", \"rules\": [], \"layout\": \"inline\", \"columns\": [{\"list\": [], \"span\": 24}], \"options\": {\"type\": \"\", \"filed\": \"filed166011377680672\", \"tagattr\": \"\", \"describe\": \"\", \"required\": true, \"labelTitle\": \"r232323\", \"remoteFunc\": \"func_1660113776000_6148\", \"tabPosition\": \"top\"}, \"isShowSpanSetting\": true}', 0, '0', NULL, NULL);

-- ----------------------------
-- Table structure for form_main
-- ----------------------------
DROP TABLE IF EXISTS `form_main`;
CREATE TABLE `form_main`  (
  `id` bigint(0) NOT NULL AUTO_INCREMENT COMMENT 'id',
  `form_name` varchar(255) CHARACTER SET utf8 COLLATE utf8_general_ci NULL DEFAULT NULL COMMENT '表单名',
  `form_code` varchar(255) CHARACTER SET utf8 COLLATE utf8_general_ci NULL DEFAULT NULL COMMENT '表单code',
  `form_desc` varchar(255) CHARACTER SET utf8 COLLATE utf8_general_ci NULL DEFAULT NULL COMMENT '表单描述',
  `disable_flag` char(1) CHARACTER SET utf8 COLLATE utf8_general_ci NULL DEFAULT 'N' COMMENT '禁用表单',
  `dept_id` bigint(0) NULL DEFAULT NULL COMMENT '部门',
  `edition` int(0) NULL DEFAULT 0 COMMENT '版本',
  `now_flag` char(1) CHARACTER SET utf8 COLLATE utf8_general_ci NULL DEFAULT 'Y' COMMENT '当前版本',
  `sys_flag` char(1) CHARACTER SET utf8 COLLATE utf8_general_ci NULL DEFAULT NULL COMMENT '是否系统',
  `del_flag` char(1) CHARACTER SET utf8 COLLATE utf8_general_ci NULL DEFAULT '0' COMMENT '删除标志（0代表存在1代表删除）',
  `create_time` datetime(0) NULL DEFAULT NULL COMMENT '创建时间',
  `update_time` datetime(0) NULL DEFAULT NULL COMMENT '更新时间',
  `create_by` varchar(64) CHARACTER SET utf8 COLLATE utf8_general_ci NULL DEFAULT '' COMMENT '创建者',
  `update_by` varchar(64) CHARACTER SET utf8 COLLATE utf8_general_ci NULL DEFAULT '' COMMENT '更新者',
  PRIMARY KEY (`id`) USING BTREE,
  INDEX `form_code`(`form_code`) USING BTREE
) ENGINE = InnoDB AUTO_INCREMENT = 1557256216333103106 CHARACTER SET = utf8 COLLATE = utf8_general_ci COMMENT = '自定义表单主表' ROW_FORMAT = Dynamic;

-- ----------------------------
-- Records of form_main
-- ----------------------------
INSERT INTO `form_main` VALUES (1556475879717928961, '出222', '2222232323', '吃32 ', 'N', NULL, 0, 'Y', NULL, '0', '2022-08-08 11:02:22', NULL, 'admin', '');
INSERT INTO `form_main` VALUES (1556540318597099522, '表单12', 'biaodan2', '我是描述2', 'N', NULL, 0, 'Y', NULL, '0', '2022-08-08 15:18:26', '2022-08-08 15:19:49', 'admin', 'admin');
INSERT INTO `form_main` VALUES (1556540807673917442, '扯啥1', '2323423', '22', 'N', NULL, 0, 'Y', NULL, '0', '2022-08-08 15:20:22', NULL, 'admin', '');
INSERT INTO `form_main` VALUES (1556540889769029634, '2323e2323', '232323', 'fw3er234', 'N', NULL, 0, 'Y', NULL, '0', '2022-08-08 15:20:42', '2022-08-08 15:20:49', 'admin', 'admin');
INSERT INTO `form_main` VALUES (1556541018504802305, 'qidong 2', '2fseasewe', '22', 'N', NULL, 0, 'Y', NULL, '0', '2022-08-08 15:21:13', NULL, 'admin', '');
INSERT INTO `form_main` VALUES (1556891731541999618, '复杂控件', '3423234', '复杂控件', 'N', NULL, 0, 'Y', NULL, '0', '2022-08-09 14:34:49', '2022-08-09 15:02:27', 'admin', 'admin');
INSERT INTO `form_main` VALUES (1557256216333103105, 'r2323', '2323', '32323', 'N', NULL, 1, 'Y', NULL, '0', '2022-08-22 10:26:51', '2022-08-22 10:28:30', 'admin', 'admin');
INSERT INTO `form_main` VALUES (1561540784309493761, 'r2323', '2323', '32323', 'N', NULL, 2, 'Y', NULL, '0', '2022-08-22 10:28:30', '2022-08-22 10:28:42', 'admin', 'admin');
INSERT INTO `form_main` VALUES (1561540834876022786, 'r2323', '2323', '32323', 'N', NULL, 3, 'N', NULL, '0', '2022-08-22 10:28:42', '2022-08-22 10:29:24', 'admin', 'admin');
INSERT INTO `form_main` VALUES (1561541010927722497, 'r2323', '2323', '32323', 'N', NULL, 4, 'N', NULL, '0', '2022-08-22 10:29:24', '2022-08-22 10:41:12', 'admin', 'admin');
INSERT INTO `form_main` VALUES (1561543983799304193, 'r2323', '2323', '32323', 'N', NULL, 5, 'Y', NULL, '0', '2022-08-22 10:41:12', NULL, 'admin', '');

-- ----------------------------
-- Table structure for gen_table
-- ----------------------------
DROP TABLE IF EXISTS `gen_table`;
CREATE TABLE `gen_table`  (
  `table_id` bigint(0) NOT NULL AUTO_INCREMENT COMMENT '编号',
  `table_name` varchar(200) CHARACTER SET utf8 COLLATE utf8_general_ci NULL DEFAULT '' COMMENT '表名称',
  `table_comment` varchar(500) CHARACTER SET utf8 COLLATE utf8_general_ci NULL DEFAULT '' COMMENT '表描述',
  `sub_table_name` varchar(64) CHARACTER SET utf8 COLLATE utf8_general_ci NULL DEFAULT NULL COMMENT '关联子表的表名',
  `sub_table_fk_name` varchar(64) CHARACTER SET utf8 COLLATE utf8_general_ci NULL DEFAULT NULL COMMENT '子表关联的外键名',
  `class_name` varchar(100) CHARACTER SET utf8 COLLATE utf8_general_ci NULL DEFAULT '' COMMENT '实体类名称',
  `tpl_category` varchar(200) CHARACTER SET utf8 COLLATE utf8_general_ci NULL DEFAULT 'crud' COMMENT '使用的模板（crud单表操作 tree树表操作）',
  `package_name` varchar(100) CHARACTER SET utf8 COLLATE utf8_general_ci NULL DEFAULT NULL COMMENT '生成包路径',
  `module_name` varchar(30) CHARACTER SET utf8 COLLATE utf8_general_ci NULL DEFAULT NULL COMMENT '生成模块名',
  `business_name` varchar(30) CHARACTER SET utf8 COLLATE utf8_general_ci NULL DEFAULT NULL COMMENT '生成业务名',
  `function_name` varchar(50) CHARACTER SET utf8 COLLATE utf8_general_ci NULL DEFAULT NULL COMMENT '生成功能名',
  `function_author` varchar(50) CHARACTER SET utf8 COLLATE utf8_general_ci NULL DEFAULT NULL COMMENT '生成功能作者',
  `gen_type` char(1) CHARACTER SET utf8 COLLATE utf8_general_ci NULL DEFAULT '0' COMMENT '生成代码方式（0zip压缩包 1自定义路径）',
  `gen_path` varchar(200) CHARACTER SET utf8 COLLATE utf8_general_ci NULL DEFAULT '/' COMMENT '生成路径（不填默认项目路径）',
  `options` varchar(1000) CHARACTER SET utf8 COLLATE utf8_general_ci NULL DEFAULT NULL COMMENT '其它生成选项',
  `create_by` varchar(64) CHARACTER SET utf8 COLLATE utf8_general_ci NULL DEFAULT '' COMMENT '创建者',
  `create_time` datetime(0) NULL DEFAULT NULL COMMENT '创建时间',
  `update_by` varchar(64) CHARACTER SET utf8 COLLATE utf8_general_ci NULL DEFAULT '' COMMENT '更新者',
  `update_time` datetime(0) NULL DEFAULT NULL COMMENT '更新时间',
  `remark` varchar(500) CHARACTER SET utf8 COLLATE utf8_general_ci NULL DEFAULT NULL COMMENT '备注',
  PRIMARY KEY (`table_id`) USING BTREE
) ENGINE = InnoDB AUTO_INCREMENT = 3 CHARACTER SET = utf8 COLLATE = utf8_general_ci COMMENT = '代码生成业务表' ROW_FORMAT = Dynamic;

-- ----------------------------
-- Records of gen_table
-- ----------------------------
INSERT INTO `gen_table` VALUES (1, 'form_item', '', NULL, NULL, 'FormItem', 'crud', 'com.ruoyi.system', 'system', 'item', NULL, 'ruoyi', '0', '/', NULL, 'admin', '2022-08-02 11:12:30', '', NULL, NULL);
INSERT INTO `gen_table` VALUES (2, 'form_main', '自定义表单主表', NULL, NULL, 'FormMain', 'crud', 'com.ruoyi.system', 'system', 'main', '自定义单主', 'ruoyi', '0', '/', NULL, 'admin', '2022-08-02 11:14:32', '', NULL, NULL);

-- ----------------------------
-- Table structure for gen_table_column
-- ----------------------------
DROP TABLE IF EXISTS `gen_table_column`;
CREATE TABLE `gen_table_column`  (
  `column_id` bigint(0) NOT NULL AUTO_INCREMENT COMMENT '编号',
  `table_id` varchar(64) CHARACTER SET utf8 COLLATE utf8_general_ci NULL DEFAULT NULL COMMENT '归属表编号',
  `column_name` varchar(200) CHARACTER SET utf8 COLLATE utf8_general_ci NULL DEFAULT NULL COMMENT '列名称',
  `column_comment` varchar(500) CHARACTER SET utf8 COLLATE utf8_general_ci NULL DEFAULT NULL COMMENT '列描述',
  `column_type` varchar(100) CHARACTER SET utf8 COLLATE utf8_general_ci NULL DEFAULT NULL COMMENT '列类型',
  `java_type` varchar(500) CHARACTER SET utf8 COLLATE utf8_general_ci NULL DEFAULT NULL COMMENT 'JAVA类型',
  `java_field` varchar(200) CHARACTER SET utf8 COLLATE utf8_general_ci NULL DEFAULT NULL COMMENT 'JAVA字段名',
  `is_pk` char(1) CHARACTER SET utf8 COLLATE utf8_general_ci NULL DEFAULT NULL COMMENT '是否主键（1是）',
  `is_increment` char(1) CHARACTER SET utf8 COLLATE utf8_general_ci NULL DEFAULT NULL COMMENT '是否自增（1是）',
  `is_required` char(1) CHARACTER SET utf8 COLLATE utf8_general_ci NULL DEFAULT NULL COMMENT '是否必填（1是）',
  `is_insert` char(1) CHARACTER SET utf8 COLLATE utf8_general_ci NULL DEFAULT NULL COMMENT '是否为插入字段（1是）',
  `is_edit` char(1) CHARACTER SET utf8 COLLATE utf8_general_ci NULL DEFAULT NULL COMMENT '是否编辑字段（1是）',
  `is_list` char(1) CHARACTER SET utf8 COLLATE utf8_general_ci NULL DEFAULT NULL COMMENT '是否列表字段（1是）',
  `is_query` char(1) CHARACTER SET utf8 COLLATE utf8_general_ci NULL DEFAULT NULL COMMENT '是否查询字段（1是）',
  `query_type` varchar(200) CHARACTER SET utf8 COLLATE utf8_general_ci NULL DEFAULT 'EQ' COMMENT '查询方式（等于、不等于、大于、小于、范围）',
  `html_type` varchar(200) CHARACTER SET utf8 COLLATE utf8_general_ci NULL DEFAULT NULL COMMENT '显示类型（文本框、文本域、下拉框、复选框、单选框、日期控件）',
  `dict_type` varchar(200) CHARACTER SET utf8 COLLATE utf8_general_ci NULL DEFAULT '' COMMENT '字典类型',
  `sort` int(0) NULL DEFAULT NULL COMMENT '排序',
  `create_by` varchar(64) CHARACTER SET utf8 COLLATE utf8_general_ci NULL DEFAULT '' COMMENT '创建者',
  `create_time` datetime(0) NULL DEFAULT NULL COMMENT '创建时间',
  `update_by` varchar(64) CHARACTER SET utf8 COLLATE utf8_general_ci NULL DEFAULT '' COMMENT '更新者',
  `update_time` datetime(0) NULL DEFAULT NULL COMMENT '更新时间',
  PRIMARY KEY (`column_id`) USING BTREE
) ENGINE = InnoDB AUTO_INCREMENT = 21 CHARACTER SET = utf8 COLLATE = utf8_general_ci COMMENT = '代码生成业务表字段' ROW_FORMAT = Dynamic;

-- ----------------------------
-- Records of gen_table_column
-- ----------------------------
INSERT INTO `gen_table_column` VALUES (1, '1', 'id', 'id', 'bigint', 'Long', 'id', '1', '1', NULL, '1', NULL, NULL, NULL, 'EQ', 'input', NULL, 1, 'admin', '2022-08-02 11:12:31', NULL, '2022-08-02 11:12:51');
INSERT INTO `gen_table_column` VALUES (2, '1', 'form_id', '', 'bigint', 'Long', 'formId', '0', '0', NULL, '1', '1', '1', '1', 'EQ', 'input', '', 2, 'admin', '2022-08-02 11:12:31', NULL, '2022-08-02 11:12:51');
INSERT INTO `gen_table_column` VALUES (3, '1', 'pid', '', 'bigint', 'Long', 'pid', '0', '0', NULL, '1', '1', '1', '1', 'EQ', 'input', '', 3, 'admin', '2022-08-02 11:12:31', NULL, '2022-08-02 11:12:51');
INSERT INTO `gen_table_column` VALUES (4, '1', 'item_type', '', 'varchar(255)', 'String', 'itemType', '0', '0', NULL, '1', '1', '1', '1', 'EQ', 'select', '', 4, 'admin', '2022-08-02 11:12:31', NULL, '2022-08-02 11:12:51');
INSERT INTO `gen_table_column` VALUES (5, '1', 'item_name', '', 'varchar(255)', 'String', 'itemName', '0', '0', NULL, '1', '1', '1', '1', 'LIKE', 'input', '', 5, 'admin', '2022-08-02 11:12:31', NULL, '2022-08-02 11:12:51');
INSERT INTO `gen_table_column` VALUES (6, '1', 'config_json', '', 'json', 'String', 'configJson', '0', '0', NULL, '1', '1', '1', '1', 'EQ', NULL, '', 6, 'admin', '2022-08-02 11:12:31', NULL, '2022-08-02 11:12:51');
INSERT INTO `gen_table_column` VALUES (7, '2', 'id', 'id', 'bigint', 'Long', 'id', '1', '1', NULL, '1', NULL, NULL, NULL, 'EQ', 'input', '', 1, 'admin', '2022-08-02 11:14:33', '', NULL);
INSERT INTO `gen_table_column` VALUES (8, '2', 'form_name', '表单名', 'varchar(255)', 'String', 'formName', '0', '0', NULL, '1', '1', '1', '1', 'LIKE', 'input', '', 2, 'admin', '2022-08-02 11:14:33', '', NULL);
INSERT INTO `gen_table_column` VALUES (9, '2', 'form_code', '表单code', 'varchar(255)', 'String', 'formCode', '0', '0', NULL, '1', '1', '1', '1', 'EQ', 'input', '', 3, 'admin', '2022-08-02 11:14:33', '', NULL);
INSERT INTO `gen_table_column` VALUES (10, '2', 'form_desc', '表单描述', 'varchar(255)', 'String', 'formDesc', '0', '0', NULL, '1', '1', '1', '1', 'EQ', 'input', '', 4, 'admin', '2022-08-02 11:14:33', '', NULL);
INSERT INTO `gen_table_column` VALUES (11, '2', 'form_align', '标签对齐', 'varchar(10)', 'String', 'formAlign', '0', '0', NULL, '1', '1', '1', '1', 'EQ', 'input', '', 5, 'admin', '2022-08-02 11:14:33', '', NULL);
INSERT INTO `gen_table_column` VALUES (12, '2', 'form_size', '表单尺寸', 'varchar(10)', 'String', 'formSize', '0', '0', NULL, '1', '1', '1', '1', 'EQ', 'input', '', 6, 'admin', '2022-08-02 11:14:33', '', NULL);
INSERT INTO `gen_table_column` VALUES (13, '2', 'label_width', '标签宽度', 'int', 'Long', 'labelWidth', '0', '0', NULL, '1', '1', '1', '1', 'EQ', 'input', '', 7, 'admin', '2022-08-02 11:14:33', '', NULL);
INSERT INTO `gen_table_column` VALUES (14, '2', 'grid_size', '栅格间隔', 'int', 'Long', 'gridSize', '0', '0', NULL, '1', '1', '1', '1', 'EQ', 'input', '', 8, 'admin', '2022-08-02 11:14:33', '', NULL);
INSERT INTO `gen_table_column` VALUES (15, '2', 'disable_flag', '禁用表单', 'char(1)', 'String', 'disableFlag', '0', '0', NULL, '1', '1', '1', '1', 'EQ', 'input', '', 9, 'admin', '2022-08-02 11:14:33', '', NULL);
INSERT INTO `gen_table_column` VALUES (16, '2', 'dept_id', '部门', 'bigint', 'Long', 'deptId', '0', '0', NULL, '1', '1', '1', '1', 'EQ', 'input', '', 10, 'admin', '2022-08-02 11:14:33', '', NULL);
INSERT INTO `gen_table_column` VALUES (17, '2', 'sys_flag', '是否系统', 'char(1)', 'String', 'sysFlag', '0', '0', NULL, '1', '1', '1', '1', 'EQ', 'input', '', 11, 'admin', '2022-08-02 11:14:33', '', NULL);
INSERT INTO `gen_table_column` VALUES (18, '2', 'del_flag', '删除标志（0代表存在1代表删除）', 'char(1)', 'String', 'delFlag', '0', '0', NULL, '1', NULL, NULL, NULL, 'EQ', 'input', '', 12, 'admin', '2022-08-02 11:14:33', '', NULL);
INSERT INTO `gen_table_column` VALUES (19, '2', 'create_time', '创建时间', 'datetime', 'Date', 'createTime', '0', '0', NULL, '1', NULL, NULL, NULL, 'EQ', 'datetime', '', 13, 'admin', '2022-08-02 11:14:33', '', NULL);
INSERT INTO `gen_table_column` VALUES (20, '2', 'update_time', '更新时间', 'datetime', 'Date', 'updateTime', '0', '0', NULL, '1', '1', NULL, NULL, 'EQ', 'datetime', '', 14, 'admin', '2022-08-02 11:14:33', '', NULL);

-- ----------------------------
-- Table structure for qrtz_blob_triggers
-- ----------------------------
DROP TABLE IF EXISTS `qrtz_blob_triggers`;
CREATE TABLE `qrtz_blob_triggers`  (
  `sched_name` varchar(120) CHARACTER SET utf8 COLLATE utf8_general_ci NOT NULL COMMENT '调度名称',
  `trigger_name` varchar(200) CHARACTER SET utf8 COLLATE utf8_general_ci NOT NULL COMMENT 'qrtz_triggers表trigger_name的外键',
  `trigger_group` varchar(200) CHARACTER SET utf8 COLLATE utf8_general_ci NOT NULL COMMENT 'qrtz_triggers表trigger_group的外键',
  `blob_data` blob NULL COMMENT '存放持久化Trigger对象',
  PRIMARY KEY (`sched_name`, `trigger_name`, `trigger_group`) USING BTREE,
  CONSTRAINT `qrtz_blob_triggers_ibfk_1` FOREIGN KEY (`sched_name`, `trigger_name`, `trigger_group`) REFERENCES `qrtz_triggers` (`sched_name`, `trigger_name`, `trigger_group`) ON DELETE RESTRICT ON UPDATE RESTRICT
) ENGINE = InnoDB CHARACTER SET = utf8 COLLATE = utf8_general_ci COMMENT = 'Blob类型的触发器表' ROW_FORMAT = Dynamic;

-- ----------------------------
-- Table structure for qrtz_calendars
-- ----------------------------
DROP TABLE IF EXISTS `qrtz_calendars`;
CREATE TABLE `qrtz_calendars`  (
  `sched_name` varchar(120) CHARACTER SET utf8 COLLATE utf8_general_ci NOT NULL COMMENT '调度名称',
  `calendar_name` varchar(200) CHARACTER SET utf8 COLLATE utf8_general_ci NOT NULL COMMENT '日历名称',
  `calendar` blob NOT NULL COMMENT '存放持久化calendar对象',
  PRIMARY KEY (`sched_name`, `calendar_name`) USING BTREE
) ENGINE = InnoDB CHARACTER SET = utf8 COLLATE = utf8_general_ci COMMENT = '日历信息表' ROW_FORMAT = Dynamic;

-- ----------------------------
-- Table structure for qrtz_cron_triggers
-- ----------------------------
DROP TABLE IF EXISTS `qrtz_cron_triggers`;
CREATE TABLE `qrtz_cron_triggers`  (
  `sched_name` varchar(120) CHARACTER SET utf8 COLLATE utf8_general_ci NOT NULL COMMENT '调度名称',
  `trigger_name` varchar(200) CHARACTER SET utf8 COLLATE utf8_general_ci NOT NULL COMMENT 'qrtz_triggers表trigger_name的外键',
  `trigger_group` varchar(200) CHARACTER SET utf8 COLLATE utf8_general_ci NOT NULL COMMENT 'qrtz_triggers表trigger_group的外键',
  `cron_expression` varchar(200) CHARACTER SET utf8 COLLATE utf8_general_ci NOT NULL COMMENT 'cron表达式',
  `time_zone_id` varchar(80) CHARACTER SET utf8 COLLATE utf8_general_ci NULL DEFAULT NULL COMMENT '时区',
  PRIMARY KEY (`sched_name`, `trigger_name`, `trigger_group`) USING BTREE,
  CONSTRAINT `qrtz_cron_triggers_ibfk_1` FOREIGN KEY (`sched_name`, `trigger_name`, `trigger_group`) REFERENCES `qrtz_triggers` (`sched_name`, `trigger_name`, `trigger_group`) ON DELETE RESTRICT ON UPDATE RESTRICT
) ENGINE = InnoDB CHARACTER SET = utf8 COLLATE = utf8_general_ci COMMENT = 'Cron类型的触发器表' ROW_FORMAT = Dynamic;

-- ----------------------------
-- Table structure for qrtz_fired_triggers
-- ----------------------------
DROP TABLE IF EXISTS `qrtz_fired_triggers`;
CREATE TABLE `qrtz_fired_triggers`  (
  `sched_name` varchar(120) CHARACTER SET utf8 COLLATE utf8_general_ci NOT NULL COMMENT '调度名称',
  `entry_id` varchar(95) CHARACTER SET utf8 COLLATE utf8_general_ci NOT NULL COMMENT '调度器实例id',
  `trigger_name` varchar(200) CHARACTER SET utf8 COLLATE utf8_general_ci NOT NULL COMMENT 'qrtz_triggers表trigger_name的外键',
  `trigger_group` varchar(200) CHARACTER SET utf8 COLLATE utf8_general_ci NOT NULL COMMENT 'qrtz_triggers表trigger_group的外键',
  `instance_name` varchar(200) CHARACTER SET utf8 COLLATE utf8_general_ci NOT NULL COMMENT '调度器实例名',
  `fired_time` bigint(0) NOT NULL COMMENT '触发的时间',
  `sched_time` bigint(0) NOT NULL COMMENT '定时器制定的时间',
  `priority` int(0) NOT NULL COMMENT '优先级',
  `state` varchar(16) CHARACTER SET utf8 COLLATE utf8_general_ci NOT NULL COMMENT '状态',
  `job_name` varchar(200) CHARACTER SET utf8 COLLATE utf8_general_ci NULL DEFAULT NULL COMMENT '任务名称',
  `job_group` varchar(200) CHARACTER SET utf8 COLLATE utf8_general_ci NULL DEFAULT NULL COMMENT '任务组名',
  `is_nonconcurrent` varchar(1) CHARACTER SET utf8 COLLATE utf8_general_ci NULL DEFAULT NULL COMMENT '是否并发',
  `requests_recovery` varchar(1) CHARACTER SET utf8 COLLATE utf8_general_ci NULL DEFAULT NULL COMMENT '是否接受恢复执行',
  PRIMARY KEY (`sched_name`, `entry_id`) USING BTREE
) ENGINE = InnoDB CHARACTER SET = utf8 COLLATE = utf8_general_ci COMMENT = '已触发的触发器表' ROW_FORMAT = Dynamic;

-- ----------------------------
-- Table structure for qrtz_job_details
-- ----------------------------
DROP TABLE IF EXISTS `qrtz_job_details`;
CREATE TABLE `qrtz_job_details`  (
  `sched_name` varchar(120) CHARACTER SET utf8 COLLATE utf8_general_ci NOT NULL COMMENT '调度名称',
  `job_name` varchar(200) CHARACTER SET utf8 COLLATE utf8_general_ci NOT NULL COMMENT '任务名称',
  `job_group` varchar(200) CHARACTER SET utf8 COLLATE utf8_general_ci NOT NULL COMMENT '任务组名',
  `description` varchar(250) CHARACTER SET utf8 COLLATE utf8_general_ci NULL DEFAULT NULL COMMENT '相关介绍',
  `job_class_name` varchar(250) CHARACTER SET utf8 COLLATE utf8_general_ci NOT NULL COMMENT '执行任务类名称',
  `is_durable` varchar(1) CHARACTER SET utf8 COLLATE utf8_general_ci NOT NULL COMMENT '是否持久化',
  `is_nonconcurrent` varchar(1) CHARACTER SET utf8 COLLATE utf8_general_ci NOT NULL COMMENT '是否并发',
  `is_update_data` varchar(1) CHARACTER SET utf8 COLLATE utf8_general_ci NOT NULL COMMENT '是否更新数据',
  `requests_recovery` varchar(1) CHARACTER SET utf8 COLLATE utf8_general_ci NOT NULL COMMENT '是否接受恢复执行',
  `job_data` blob NULL COMMENT '存放持久化job对象',
  PRIMARY KEY (`sched_name`, `job_name`, `job_group`) USING BTREE
) ENGINE = InnoDB CHARACTER SET = utf8 COLLATE = utf8_general_ci COMMENT = '任务详细信息表' ROW_FORMAT = Dynamic;

-- ----------------------------
-- Table structure for qrtz_locks
-- ----------------------------
DROP TABLE IF EXISTS `qrtz_locks`;
CREATE TABLE `qrtz_locks`  (
  `sched_name` varchar(120) CHARACTER SET utf8 COLLATE utf8_general_ci NOT NULL COMMENT '调度名称',
  `lock_name` varchar(40) CHARACTER SET utf8 COLLATE utf8_general_ci NOT NULL COMMENT '悲观锁名称',
  PRIMARY KEY (`sched_name`, `lock_name`) USING BTREE
) ENGINE = InnoDB CHARACTER SET = utf8 COLLATE = utf8_general_ci COMMENT = '存储的悲观锁信息表' ROW_FORMAT = Dynamic;

-- ----------------------------
-- Table structure for qrtz_paused_trigger_grps
-- ----------------------------
DROP TABLE IF EXISTS `qrtz_paused_trigger_grps`;
CREATE TABLE `qrtz_paused_trigger_grps`  (
  `sched_name` varchar(120) CHARACTER SET utf8 COLLATE utf8_general_ci NOT NULL COMMENT '调度名称',
  `trigger_group` varchar(200) CHARACTER SET utf8 COLLATE utf8_general_ci NOT NULL COMMENT 'qrtz_triggers表trigger_group的外键',
  PRIMARY KEY (`sched_name`, `trigger_group`) USING BTREE
) ENGINE = InnoDB CHARACTER SET = utf8 COLLATE = utf8_general_ci COMMENT = '暂停的触发器表' ROW_FORMAT = Dynamic;

-- ----------------------------
-- Table structure for qrtz_scheduler_state
-- ----------------------------
DROP TABLE IF EXISTS `qrtz_scheduler_state`;
CREATE TABLE `qrtz_scheduler_state`  (
  `sched_name` varchar(120) CHARACTER SET utf8 COLLATE utf8_general_ci NOT NULL COMMENT '调度名称',
  `instance_name` varchar(200) CHARACTER SET utf8 COLLATE utf8_general_ci NOT NULL COMMENT '实例名称',
  `last_checkin_time` bigint(0) NOT NULL COMMENT '上次检查时间',
  `checkin_interval` bigint(0) NOT NULL COMMENT '检查间隔时间',
  PRIMARY KEY (`sched_name`, `instance_name`) USING BTREE
) ENGINE = InnoDB CHARACTER SET = utf8 COLLATE = utf8_general_ci COMMENT = '调度器状态表' ROW_FORMAT = Dynamic;

-- ----------------------------
-- Table structure for qrtz_simple_triggers
-- ----------------------------
DROP TABLE IF EXISTS `qrtz_simple_triggers`;
CREATE TABLE `qrtz_simple_triggers`  (
  `sched_name` varchar(120) CHARACTER SET utf8 COLLATE utf8_general_ci NOT NULL COMMENT '调度名称',
  `trigger_name` varchar(200) CHARACTER SET utf8 COLLATE utf8_general_ci NOT NULL COMMENT 'qrtz_triggers表trigger_name的外键',
  `trigger_group` varchar(200) CHARACTER SET utf8 COLLATE utf8_general_ci NOT NULL COMMENT 'qrtz_triggers表trigger_group的外键',
  `repeat_count` bigint(0) NOT NULL COMMENT '重复的次数统计',
  `repeat_interval` bigint(0) NOT NULL COMMENT '重复的间隔时间',
  `times_triggered` bigint(0) NOT NULL COMMENT '已经触发的次数',
  PRIMARY KEY (`sched_name`, `trigger_name`, `trigger_group`) USING BTREE,
  CONSTRAINT `qrtz_simple_triggers_ibfk_1` FOREIGN KEY (`sched_name`, `trigger_name`, `trigger_group`) REFERENCES `qrtz_triggers` (`sched_name`, `trigger_name`, `trigger_group`) ON DELETE RESTRICT ON UPDATE RESTRICT
) ENGINE = InnoDB CHARACTER SET = utf8 COLLATE = utf8_general_ci COMMENT = '简单触发器的信息表' ROW_FORMAT = Dynamic;

-- ----------------------------
-- Table structure for qrtz_simprop_triggers
-- ----------------------------
DROP TABLE IF EXISTS `qrtz_simprop_triggers`;
CREATE TABLE `qrtz_simprop_triggers`  (
  `sched_name` varchar(120) CHARACTER SET utf8 COLLATE utf8_general_ci NOT NULL COMMENT '调度名称',
  `trigger_name` varchar(200) CHARACTER SET utf8 COLLATE utf8_general_ci NOT NULL COMMENT 'qrtz_triggers表trigger_name的外键',
  `trigger_group` varchar(200) CHARACTER SET utf8 COLLATE utf8_general_ci NOT NULL COMMENT 'qrtz_triggers表trigger_group的外键',
  `str_prop_1` varchar(512) CHARACTER SET utf8 COLLATE utf8_general_ci NULL DEFAULT NULL COMMENT 'String类型的trigger的第一个参数',
  `str_prop_2` varchar(512) CHARACTER SET utf8 COLLATE utf8_general_ci NULL DEFAULT NULL COMMENT 'String类型的trigger的第二个参数',
  `str_prop_3` varchar(512) CHARACTER SET utf8 COLLATE utf8_general_ci NULL DEFAULT NULL COMMENT 'String类型的trigger的第三个参数',
  `int_prop_1` int(0) NULL DEFAULT NULL COMMENT 'int类型的trigger的第一个参数',
  `int_prop_2` int(0) NULL DEFAULT NULL COMMENT 'int类型的trigger的第二个参数',
  `long_prop_1` bigint(0) NULL DEFAULT NULL COMMENT 'long类型的trigger的第一个参数',
  `long_prop_2` bigint(0) NULL DEFAULT NULL COMMENT 'long类型的trigger的第二个参数',
  `dec_prop_1` decimal(13, 4) NULL DEFAULT NULL COMMENT 'decimal类型的trigger的第一个参数',
  `dec_prop_2` decimal(13, 4) NULL DEFAULT NULL COMMENT 'decimal类型的trigger的第二个参数',
  `bool_prop_1` varchar(1) CHARACTER SET utf8 COLLATE utf8_general_ci NULL DEFAULT NULL COMMENT 'Boolean类型的trigger的第一个参数',
  `bool_prop_2` varchar(1) CHARACTER SET utf8 COLLATE utf8_general_ci NULL DEFAULT NULL COMMENT 'Boolean类型的trigger的第二个参数',
  PRIMARY KEY (`sched_name`, `trigger_name`, `trigger_group`) USING BTREE,
  CONSTRAINT `qrtz_simprop_triggers_ibfk_1` FOREIGN KEY (`sched_name`, `trigger_name`, `trigger_group`) REFERENCES `qrtz_triggers` (`sched_name`, `trigger_name`, `trigger_group`) ON DELETE RESTRICT ON UPDATE RESTRICT
) ENGINE = InnoDB CHARACTER SET = utf8 COLLATE = utf8_general_ci COMMENT = '同步机制的行锁表' ROW_FORMAT = Dynamic;

-- ----------------------------
-- Table structure for qrtz_triggers
-- ----------------------------
DROP TABLE IF EXISTS `qrtz_triggers`;
CREATE TABLE `qrtz_triggers`  (
  `sched_name` varchar(120) CHARACTER SET utf8 COLLATE utf8_general_ci NOT NULL COMMENT '调度名称',
  `trigger_name` varchar(200) CHARACTER SET utf8 COLLATE utf8_general_ci NOT NULL COMMENT '触发器的名字',
  `trigger_group` varchar(200) CHARACTER SET utf8 COLLATE utf8_general_ci NOT NULL COMMENT '触发器所属组的名字',
  `job_name` varchar(200) CHARACTER SET utf8 COLLATE utf8_general_ci NOT NULL COMMENT 'qrtz_job_details表job_name的外键',
  `job_group` varchar(200) CHARACTER SET utf8 COLLATE utf8_general_ci NOT NULL COMMENT 'qrtz_job_details表job_group的外键',
  `description` varchar(250) CHARACTER SET utf8 COLLATE utf8_general_ci NULL DEFAULT NULL COMMENT '相关介绍',
  `next_fire_time` bigint(0) NULL DEFAULT NULL COMMENT '上一次触发时间（毫秒）',
  `prev_fire_time` bigint(0) NULL DEFAULT NULL COMMENT '下一次触发时间（默认为-1表示不触发）',
  `priority` int(0) NULL DEFAULT NULL COMMENT '优先级',
  `trigger_state` varchar(16) CHARACTER SET utf8 COLLATE utf8_general_ci NOT NULL COMMENT '触发器状态',
  `trigger_type` varchar(8) CHARACTER SET utf8 COLLATE utf8_general_ci NOT NULL COMMENT '触发器的类型',
  `start_time` bigint(0) NOT NULL COMMENT '开始时间',
  `end_time` bigint(0) NULL DEFAULT NULL COMMENT '结束时间',
  `calendar_name` varchar(200) CHARACTER SET utf8 COLLATE utf8_general_ci NULL DEFAULT NULL COMMENT '日程表名称',
  `misfire_instr` smallint(0) NULL DEFAULT NULL COMMENT '补偿执行的策略',
  `job_data` blob NULL COMMENT '存放持久化job对象',
  PRIMARY KEY (`sched_name`, `trigger_name`, `trigger_group`) USING BTREE,
  INDEX `sched_name`(`sched_name`, `job_name`, `job_group`) USING BTREE,
  CONSTRAINT `qrtz_triggers_ibfk_1` FOREIGN KEY (`sched_name`, `job_name`, `job_group`) REFERENCES `qrtz_job_details` (`sched_name`, `job_name`, `job_group`) ON DELETE RESTRICT ON UPDATE RESTRICT
) ENGINE = InnoDB CHARACTER SET = utf8 COLLATE = utf8_general_ci COMMENT = '触发器详细信息表' ROW_FORMAT = Dynamic;

-- ----------------------------
-- Table structure for sys_config
-- ----------------------------
DROP TABLE IF EXISTS `sys_config`;
CREATE TABLE `sys_config`  (
  `config_id` int(0) NOT NULL AUTO_INCREMENT COMMENT '参数主键',
  `config_name` varchar(100) CHARACTER SET utf8 COLLATE utf8_general_ci NULL DEFAULT '' COMMENT '参数名称',
  `config_key` varchar(100) CHARACTER SET utf8 COLLATE utf8_general_ci NULL DEFAULT '' COMMENT '参数键名',
  `config_value` varchar(500) CHARACTER SET utf8 COLLATE utf8_general_ci NULL DEFAULT '' COMMENT '参数键值',
  `config_type` char(1) CHARACTER SET utf8 COLLATE utf8_general_ci NULL DEFAULT 'N' COMMENT '系统内置（Y是 N否）',
  `create_by` varchar(64) CHARACTER SET utf8 COLLATE utf8_general_ci NULL DEFAULT '' COMMENT '创建者',
  `create_time` datetime(0) NULL DEFAULT NULL COMMENT '创建时间',
  `update_by` varchar(64) CHARACTER SET utf8 COLLATE utf8_general_ci NULL DEFAULT '' COMMENT '更新者',
  `update_time` datetime(0) NULL DEFAULT NULL COMMENT '更新时间',
  `remark` varchar(500) CHARACTER SET utf8 COLLATE utf8_general_ci NULL DEFAULT NULL COMMENT '备注',
  PRIMARY KEY (`config_id`) USING BTREE
) ENGINE = InnoDB AUTO_INCREMENT = 100 CHARACTER SET = utf8 COLLATE = utf8_general_ci COMMENT = '参数配置表' ROW_FORMAT = Dynamic;

-- ----------------------------
-- Records of sys_config
-- ----------------------------
INSERT INTO `sys_config` VALUES (1, '主框架页-默认皮肤样式名称', 'sys.index.skinName', 'skin-blue', 'Y', 'admin', '2022-06-01 11:02:25', '', NULL, '蓝色 skin-blue、绿色 skin-green、紫色 skin-purple、红色 skin-red、黄色 skin-yellow');
INSERT INTO `sys_config` VALUES (2, '用户管理-账号初始密码', 'sys.user.initPassword', '123456', 'Y', 'admin', '2022-06-01 11:02:25', '', NULL, '初始化密码 123456');
INSERT INTO `sys_config` VALUES (3, '主框架页-侧边栏主题', 'sys.index.sideTheme', 'theme-dark', 'Y', 'admin', '2022-06-01 11:02:25', '', NULL, '深色主题theme-dark，浅色主题theme-light');
INSERT INTO `sys_config` VALUES (4, '账号自助-验证码开关', 'sys.account.captchaOnOff', 'true', 'Y', 'admin', '2022-06-01 11:02:25', '', NULL, '是否开启验证码功能（true开启，false关闭）');
INSERT INTO `sys_config` VALUES (5, '账号自助-是否开启用户注册功能', 'sys.account.registerUser', 'false', 'Y', 'admin', '2022-06-01 11:02:25', '', NULL, '是否开启注册用户功能（true开启，false关闭）');

-- ----------------------------
-- Table structure for sys_dept
-- ----------------------------
DROP TABLE IF EXISTS `sys_dept`;
CREATE TABLE `sys_dept`  (
  `dept_id` bigint(0) NOT NULL COMMENT '部门id',
  `parent_id` bigint(0) NULL DEFAULT 0 COMMENT '父部门id',
  `ancestors` varchar(50) CHARACTER SET utf8 COLLATE utf8_general_ci NULL DEFAULT '' COMMENT '祖级列表',
  `dept_type` varchar(50) CHARACTER SET utf8 COLLATE utf8_general_ci NULL DEFAULT NULL COMMENT '部门类型',
  `dept_name` varchar(30) CHARACTER SET utf8 COLLATE utf8_general_ci NULL DEFAULT '' COMMENT '部门名称',
  `order_num` int(0) NULL DEFAULT 0 COMMENT '显示顺序',
  `leader` varchar(20) CHARACTER SET utf8 COLLATE utf8_general_ci NULL DEFAULT NULL COMMENT '负责人',
  `phone` varchar(11) CHARACTER SET utf8 COLLATE utf8_general_ci NULL DEFAULT NULL COMMENT '联系电话',
  `email` varchar(50) CHARACTER SET utf8 COLLATE utf8_general_ci NULL DEFAULT NULL COMMENT '邮箱',
  `status` char(1) CHARACTER SET utf8 COLLATE utf8_general_ci NULL DEFAULT '0' COMMENT '部门状态（0正常 1停用）',
  `del_flag` char(1) CHARACTER SET utf8 COLLATE utf8_general_ci NULL DEFAULT '0' COMMENT '删除标志（0代表存在 2代表删除）',
  `create_by` varchar(64) CHARACTER SET utf8 COLLATE utf8_general_ci NULL DEFAULT '' COMMENT '创建者',
  `create_time` datetime(0) NULL DEFAULT NULL COMMENT '创建时间',
  `update_by` varchar(64) CHARACTER SET utf8 COLLATE utf8_general_ci NULL DEFAULT '' COMMENT '更新者',
  `update_time` datetime(0) NULL DEFAULT NULL COMMENT '更新时间',
  `full_path` longtext CHARACTER SET utf8 COLLATE utf8_general_ci NULL COMMENT '完整树路径',
  PRIMARY KEY (`dept_id`) USING BTREE
) ENGINE = InnoDB CHARACTER SET = utf8 COLLATE = utf8_general_ci COMMENT = '部门表' ROW_FORMAT = Dynamic;

-- ----------------------------
-- Records of sys_dept
-- ----------------------------
INSERT INTO `sys_dept` VALUES (100, 0, '0', 'main_platform', '若依科技', 0, '若依', '15888888888', 'ry@qq.com', '0', '0', 'admin', '2022-06-01 11:02:24', 'admin', '2022-07-29 16:04:20', '100');
INSERT INTO `sys_dept` VALUES (101, 100, '0,100', 'sub_platform', '深圳总公司', 1, '若依', '15888888888', 'ry@qq.com', '0', '0', 'admin', '2022-06-01 11:02:24', 'admin', '2022-07-29 16:08:47', '100,101');
INSERT INTO `sys_dept` VALUES (102, 100, '0,100', 'sub_platform', '长沙分公司', 2, '若依', '15888888888', 'ry@qq.com', '0', '0', 'admin', '2022-06-01 11:02:24', 'admin', '2022-07-29 16:09:27', '100,102');
INSERT INTO `sys_dept` VALUES (103, 101, '0,100,101', 'normal_dept', '研发部门', 1, '若依', '15888888888', 'ry@qq.com', '0', '0', 'admin', '2022-06-01 11:02:24', 'admin', '2022-07-29 16:08:54', '100,101,103');
INSERT INTO `sys_dept` VALUES (104, 101, '0,100,101', 'normal_dept', '市场部门', 2, '若依', '15888888888', 'ry@qq.com', '0', '0', 'admin', '2022-06-01 11:02:24', 'admin', '2022-07-29 16:08:58', '100,101,104');
INSERT INTO `sys_dept` VALUES (105, 101, '0,100,101', 'normal_dept', '测试部门', 3, '若依', '15888888888', 'ry@qq.com', '0', '0', 'admin', '2022-06-01 11:02:24', 'admin', '2022-07-29 16:09:00', '100,101,105');
INSERT INTO `sys_dept` VALUES (106, 101, '0,100,101', 'normal_dept', '财务部门', 4, '若依', '15888888888', 'ry@qq.com', '0', '0', 'admin', '2022-06-01 11:02:24', 'admin', '2022-07-29 16:09:01', '100,101,106');
INSERT INTO `sys_dept` VALUES (107, 101, '0,100,101', 'normal_dept', '运维部门', 5, '若依', '15888888888', 'ry@qq.com', '0', '0', 'admin', '2022-06-01 11:02:24', 'admin', '2022-07-29 16:09:03', '100,101,107');
INSERT INTO `sys_dept` VALUES (108, 102, '0,100,102', 'normal_dept', '市场部门', 1, '若依', '15888888888', 'ry@qq.com', '0', '0', 'admin', '2022-06-01 11:02:24', 'admin', '2022-07-29 16:09:09', '100,101,102,108');
INSERT INTO `sys_dept` VALUES (109, 102, '0,100,102', 'normal_dept', '财务部门', 2, '若依', '15888888888', 'ry@qq.com', '0', '0', 'admin', '2022-06-01 11:02:24', 'admin', '2022-07-29 16:09:11', '100,101,102,109');

-- ----------------------------
-- Table structure for sys_dict_data
-- ----------------------------
DROP TABLE IF EXISTS `sys_dict_data`;
CREATE TABLE `sys_dict_data`  (
  `dict_code` bigint(0) NOT NULL AUTO_INCREMENT COMMENT '字典编码',
  `dict_sort` int(0) NULL DEFAULT 0 COMMENT '字典排序',
  `dict_label` varchar(100) CHARACTER SET utf8 COLLATE utf8_general_ci NULL DEFAULT '' COMMENT '字典标签',
  `dict_value` varchar(100) CHARACTER SET utf8 COLLATE utf8_general_ci NULL DEFAULT '' COMMENT '字典键值',
  `dict_type` varchar(100) CHARACTER SET utf8 COLLATE utf8_general_ci NULL DEFAULT '' COMMENT '字典类型',
  `css_class` varchar(100) CHARACTER SET utf8 COLLATE utf8_general_ci NULL DEFAULT NULL COMMENT '样式属性（其他样式扩展）',
  `list_class` varchar(100) CHARACTER SET utf8 COLLATE utf8_general_ci NULL DEFAULT NULL COMMENT '表格回显样式',
  `is_default` char(1) CHARACTER SET utf8 COLLATE utf8_general_ci NULL DEFAULT 'N' COMMENT '是否默认（Y是 N否）',
  `status` char(1) CHARACTER SET utf8 COLLATE utf8_general_ci NULL DEFAULT '0' COMMENT '状态（0正常 1停用）',
  `create_by` varchar(64) CHARACTER SET utf8 COLLATE utf8_general_ci NULL DEFAULT '' COMMENT '创建者',
  `create_time` datetime(0) NULL DEFAULT NULL COMMENT '创建时间',
  `update_by` varchar(64) CHARACTER SET utf8 COLLATE utf8_general_ci NULL DEFAULT '' COMMENT '更新者',
  `update_time` datetime(0) NULL DEFAULT NULL COMMENT '更新时间',
  `remark` varchar(500) CHARACTER SET utf8 COLLATE utf8_general_ci NULL DEFAULT NULL COMMENT '备注',
  PRIMARY KEY (`dict_code`) USING BTREE
) ENGINE = InnoDB AUTO_INCREMENT = 105 CHARACTER SET = utf8 COLLATE = utf8_general_ci COMMENT = '字典数据表' ROW_FORMAT = Dynamic;

-- ----------------------------
-- Records of sys_dict_data
-- ----------------------------
INSERT INTO `sys_dict_data` VALUES (1, 1, '男', '0', 'sys_user_sex', '', '', 'Y', '0', 'admin', '2022-06-01 11:02:25', '', NULL, '性别男');
INSERT INTO `sys_dict_data` VALUES (2, 2, '女', '1', 'sys_user_sex', '', '', 'N', '0', 'admin', '2022-06-01 11:02:25', '', NULL, '性别女');
INSERT INTO `sys_dict_data` VALUES (3, 3, '未知', '2', 'sys_user_sex', '', '', 'N', '0', 'admin', '2022-06-01 11:02:25', '', NULL, '性别未知');
INSERT INTO `sys_dict_data` VALUES (4, 1, '显示', '0', 'sys_show_hide', '', 'primary', 'Y', '0', 'admin', '2022-06-01 11:02:25', '', NULL, '显示菜单');
INSERT INTO `sys_dict_data` VALUES (5, 2, '隐藏', '1', 'sys_show_hide', '', 'danger', 'N', '0', 'admin', '2022-06-01 11:02:25', '', NULL, '隐藏菜单');
INSERT INTO `sys_dict_data` VALUES (6, 1, '正常', '0', 'sys_normal_disable', '', 'primary', 'Y', '0', 'admin', '2022-06-01 11:02:25', '', NULL, '正常状态');
INSERT INTO `sys_dict_data` VALUES (7, 2, '停用', '1', 'sys_normal_disable', '', 'danger', 'N', '0', 'admin', '2022-06-01 11:02:25', '', NULL, '停用状态');
INSERT INTO `sys_dict_data` VALUES (8, 1, '正常', '0', 'sys_job_status', '', 'primary', 'Y', '0', 'admin', '2022-06-01 11:02:25', '', NULL, '正常状态');
INSERT INTO `sys_dict_data` VALUES (9, 2, '暂停', '1', 'sys_job_status', '', 'danger', 'N', '0', 'admin', '2022-06-01 11:02:25', '', NULL, '停用状态');
INSERT INTO `sys_dict_data` VALUES (10, 1, '默认', 'DEFAULT', 'sys_job_group', '', '', 'Y', '0', 'admin', '2022-06-01 11:02:25', '', NULL, '默认分组');
INSERT INTO `sys_dict_data` VALUES (11, 2, '系统', 'SYSTEM', 'sys_job_group', '', '', 'N', '0', 'admin', '2022-06-01 11:02:25', '', NULL, '系统分组');
INSERT INTO `sys_dict_data` VALUES (12, 1, '是', 'Y', 'sys_yes_no', '', 'primary', 'Y', '0', 'admin', '2022-06-01 11:02:25', '', NULL, '系统默认是');
INSERT INTO `sys_dict_data` VALUES (13, 2, '否', 'N', 'sys_yes_no', '', 'danger', 'N', '0', 'admin', '2022-06-01 11:02:25', '', NULL, '系统默认否');
INSERT INTO `sys_dict_data` VALUES (14, 1, '通知', '1', 'sys_notice_type', '', 'warning', 'Y', '0', 'admin', '2022-06-01 11:02:25', '', NULL, '通知');
INSERT INTO `sys_dict_data` VALUES (15, 2, '公告', '2', 'sys_notice_type', '', 'success', 'N', '0', 'admin', '2022-06-01 11:02:25', '', NULL, '公告');
INSERT INTO `sys_dict_data` VALUES (16, 1, '正常', '0', 'sys_notice_status', '', 'primary', 'Y', '0', 'admin', '2022-06-01 11:02:25', '', NULL, '正常状态');
INSERT INTO `sys_dict_data` VALUES (17, 2, '关闭', '1', 'sys_notice_status', '', 'danger', 'N', '0', 'admin', '2022-06-01 11:02:25', '', NULL, '关闭状态');
INSERT INTO `sys_dict_data` VALUES (18, 1, '新增', '1', 'sys_oper_type', '', 'info', 'N', '0', 'admin', '2022-06-01 11:02:25', '', NULL, '新增操作');
INSERT INTO `sys_dict_data` VALUES (19, 2, '修改', '2', 'sys_oper_type', '', 'info', 'N', '0', 'admin', '2022-06-01 11:02:25', '', NULL, '修改操作');
INSERT INTO `sys_dict_data` VALUES (20, 3, '删除', '3', 'sys_oper_type', '', 'danger', 'N', '0', 'admin', '2022-06-01 11:02:25', '', NULL, '删除操作');
INSERT INTO `sys_dict_data` VALUES (21, 4, '授权', '4', 'sys_oper_type', '', 'primary', 'N', '0', 'admin', '2022-06-01 11:02:25', '', NULL, '授权操作');
INSERT INTO `sys_dict_data` VALUES (22, 5, '导出', '5', 'sys_oper_type', '', 'warning', 'N', '0', 'admin', '2022-06-01 11:02:25', '', NULL, '导出操作');
INSERT INTO `sys_dict_data` VALUES (23, 6, '导入', '6', 'sys_oper_type', '', 'warning', 'N', '0', 'admin', '2022-06-01 11:02:25', '', NULL, '导入操作');
INSERT INTO `sys_dict_data` VALUES (24, 7, '强退', '7', 'sys_oper_type', '', 'danger', 'N', '0', 'admin', '2022-06-01 11:02:25', '', NULL, '强退操作');
INSERT INTO `sys_dict_data` VALUES (25, 8, '生成代码', '8', 'sys_oper_type', '', 'warning', 'N', '0', 'admin', '2022-06-01 11:02:25', '', NULL, '生成操作');
INSERT INTO `sys_dict_data` VALUES (26, 9, '清空数据', '9', 'sys_oper_type', '', 'danger', 'N', '0', 'admin', '2022-06-01 11:02:25', '', NULL, '清空操作');
INSERT INTO `sys_dict_data` VALUES (27, 1, '成功', '0', 'sys_common_status', '', 'primary', 'N', '0', 'admin', '2022-06-01 11:02:25', '', NULL, '正常状态');
INSERT INTO `sys_dict_data` VALUES (28, 2, '失败', '1', 'sys_common_status', '', 'danger', 'N', '0', 'admin', '2022-06-01 11:02:25', '', NULL, '停用状态');
INSERT INTO `sys_dict_data` VALUES (100, 0, '通过', 'Y', 'flow_apply_res', NULL, 'default', 'N', '0', 'admin', '2022-07-28 14:26:23', '', NULL, NULL);
INSERT INTO `sys_dict_data` VALUES (101, 0, '拒绝', 'N', 'flow_apply_res', NULL, 'default', 'N', '0', 'admin', '2022-07-28 14:26:33', '', NULL, NULL);
INSERT INTO `sys_dict_data` VALUES (102, 0, '总平台', 'main_platform', 'dept_type', NULL, 'default', 'N', '0', 'admin', '2022-07-29 16:02:35', '', NULL, NULL);
INSERT INTO `sys_dict_data` VALUES (103, 1, '分公司', 'sub_platform', 'dept_type', NULL, 'default', 'N', '0', 'admin', '2022-07-29 16:03:12', '', NULL, NULL);
INSERT INTO `sys_dict_data` VALUES (104, 2, '普通部门', 'normal_dept', 'dept_type', NULL, 'default', 'N', '0', 'admin', '2022-07-29 16:05:12', '', NULL, NULL);

-- ----------------------------
-- Table structure for sys_dict_type
-- ----------------------------
DROP TABLE IF EXISTS `sys_dict_type`;
CREATE TABLE `sys_dict_type`  (
  `dict_id` bigint(0) NOT NULL AUTO_INCREMENT COMMENT '字典主键',
  `dict_name` varchar(100) CHARACTER SET utf8 COLLATE utf8_general_ci NULL DEFAULT '' COMMENT '字典名称',
  `dict_type` varchar(100) CHARACTER SET utf8 COLLATE utf8_general_ci NULL DEFAULT '' COMMENT '字典类型',
  `status` char(1) CHARACTER SET utf8 COLLATE utf8_general_ci NULL DEFAULT '0' COMMENT '状态（0正常 1停用）',
  `create_by` varchar(64) CHARACTER SET utf8 COLLATE utf8_general_ci NULL DEFAULT '' COMMENT '创建者',
  `create_time` datetime(0) NULL DEFAULT NULL COMMENT '创建时间',
  `update_by` varchar(64) CHARACTER SET utf8 COLLATE utf8_general_ci NULL DEFAULT '' COMMENT '更新者',
  `update_time` datetime(0) NULL DEFAULT NULL COMMENT '更新时间',
  `remark` varchar(500) CHARACTER SET utf8 COLLATE utf8_general_ci NULL DEFAULT NULL COMMENT '备注',
  PRIMARY KEY (`dict_id`) USING BTREE,
  UNIQUE INDEX `dict_type`(`dict_type`) USING BTREE
) ENGINE = InnoDB AUTO_INCREMENT = 102 CHARACTER SET = utf8 COLLATE = utf8_general_ci COMMENT = '字典类型表' ROW_FORMAT = Dynamic;

-- ----------------------------
-- Records of sys_dict_type
-- ----------------------------
INSERT INTO `sys_dict_type` VALUES (1, '用户性别', 'sys_user_sex', '0', 'admin', '2022-06-01 11:02:25', '', NULL, '用户性别列表');
INSERT INTO `sys_dict_type` VALUES (2, '菜单状态', 'sys_show_hide', '0', 'admin', '2022-06-01 11:02:25', '', NULL, '菜单状态列表');
INSERT INTO `sys_dict_type` VALUES (3, '系统开关', 'sys_normal_disable', '0', 'admin', '2022-06-01 11:02:25', '', NULL, '系统开关列表');
INSERT INTO `sys_dict_type` VALUES (4, '任务状态', 'sys_job_status', '0', 'admin', '2022-06-01 11:02:25', '', NULL, '任务状态列表');
INSERT INTO `sys_dict_type` VALUES (5, '任务分组', 'sys_job_group', '0', 'admin', '2022-06-01 11:02:25', '', NULL, '任务分组列表');
INSERT INTO `sys_dict_type` VALUES (6, '系统是否', 'sys_yes_no', '0', 'admin', '2022-06-01 11:02:25', '', NULL, '系统是否列表');
INSERT INTO `sys_dict_type` VALUES (7, '通知类型', 'sys_notice_type', '0', 'admin', '2022-06-01 11:02:25', '', NULL, '通知类型列表');
INSERT INTO `sys_dict_type` VALUES (8, '通知状态', 'sys_notice_status', '0', 'admin', '2022-06-01 11:02:25', '', NULL, '通知状态列表');
INSERT INTO `sys_dict_type` VALUES (9, '操作类型', 'sys_oper_type', '0', 'admin', '2022-06-01 11:02:25', '', NULL, '操作类型列表');
INSERT INTO `sys_dict_type` VALUES (10, '系统状态', 'sys_common_status', '0', 'admin', '2022-06-01 11:02:25', '', NULL, '登录状态列表');
INSERT INTO `sys_dict_type` VALUES (100, '流程审批意见', 'flow_apply_res', '0', 'admin', '2022-07-28 14:26:12', '', NULL, NULL);
INSERT INTO `sys_dict_type` VALUES (101, '部门类型', 'dept_type', '0', 'admin', '2022-07-29 16:01:37', '', NULL, NULL);

-- ----------------------------
-- Table structure for sys_job
-- ----------------------------
DROP TABLE IF EXISTS `sys_job`;
CREATE TABLE `sys_job`  (
  `job_id` bigint(0) NOT NULL AUTO_INCREMENT COMMENT '任务ID',
  `job_name` varchar(64) CHARACTER SET utf8 COLLATE utf8_general_ci NOT NULL DEFAULT '' COMMENT '任务名称',
  `job_group` varchar(64) CHARACTER SET utf8 COLLATE utf8_general_ci NOT NULL DEFAULT 'DEFAULT' COMMENT '任务组名',
  `invoke_target` varchar(500) CHARACTER SET utf8 COLLATE utf8_general_ci NOT NULL COMMENT '调用目标字符串',
  `cron_expression` varchar(255) CHARACTER SET utf8 COLLATE utf8_general_ci NULL DEFAULT '' COMMENT 'cron执行表达式',
  `misfire_policy` varchar(20) CHARACTER SET utf8 COLLATE utf8_general_ci NULL DEFAULT '3' COMMENT '计划执行错误策略（1立即执行 2执行一次 3放弃执行）',
  `concurrent` char(1) CHARACTER SET utf8 COLLATE utf8_general_ci NULL DEFAULT '1' COMMENT '是否并发执行（0允许 1禁止）',
  `status` char(1) CHARACTER SET utf8 COLLATE utf8_general_ci NULL DEFAULT '0' COMMENT '状态（0正常 1暂停）',
  `create_by` varchar(64) CHARACTER SET utf8 COLLATE utf8_general_ci NULL DEFAULT '' COMMENT '创建者',
  `create_time` datetime(0) NULL DEFAULT NULL COMMENT '创建时间',
  `update_by` varchar(64) CHARACTER SET utf8 COLLATE utf8_general_ci NULL DEFAULT '' COMMENT '更新者',
  `update_time` datetime(0) NULL DEFAULT NULL COMMENT '更新时间',
  `remark` varchar(500) CHARACTER SET utf8 COLLATE utf8_general_ci NULL DEFAULT '' COMMENT '备注信息',
  PRIMARY KEY (`job_id`, `job_name`, `job_group`) USING BTREE
) ENGINE = InnoDB AUTO_INCREMENT = 100 CHARACTER SET = utf8 COLLATE = utf8_general_ci COMMENT = '定时任务调度表' ROW_FORMAT = Dynamic;

-- ----------------------------
-- Records of sys_job
-- ----------------------------
INSERT INTO `sys_job` VALUES (1, '系统默认（无参）', 'DEFAULT', 'ryTask.ryNoParams', '0/10 * * * * ?', '3', '1', '1', 'admin', '2022-06-01 11:02:25', '', NULL, '');
INSERT INTO `sys_job` VALUES (2, '系统默认（有参）', 'DEFAULT', 'ryTask.ryParams(\'ry\')', '0/15 * * * * ?', '3', '1', '1', 'admin', '2022-06-01 11:02:25', '', NULL, '');
INSERT INTO `sys_job` VALUES (3, '系统默认（多参）', 'DEFAULT', 'ryTask.ryMultipleParams(\'ry\', true, 2000L, 316.50D, 100)', '0/20 * * * * ?', '3', '1', '1', 'admin', '2022-06-01 11:02:25', '', NULL, '');

-- ----------------------------
-- Table structure for sys_job_log
-- ----------------------------
DROP TABLE IF EXISTS `sys_job_log`;
CREATE TABLE `sys_job_log`  (
  `job_log_id` bigint(0) NOT NULL AUTO_INCREMENT COMMENT '任务日志ID',
  `job_name` varchar(64) CHARACTER SET utf8 COLLATE utf8_general_ci NOT NULL COMMENT '任务名称',
  `job_group` varchar(64) CHARACTER SET utf8 COLLATE utf8_general_ci NOT NULL COMMENT '任务组名',
  `invoke_target` varchar(500) CHARACTER SET utf8 COLLATE utf8_general_ci NOT NULL COMMENT '调用目标字符串',
  `job_message` varchar(500) CHARACTER SET utf8 COLLATE utf8_general_ci NULL DEFAULT NULL COMMENT '日志信息',
  `status` char(1) CHARACTER SET utf8 COLLATE utf8_general_ci NULL DEFAULT '0' COMMENT '执行状态（0正常 1失败）',
  `exception_info` varchar(2000) CHARACTER SET utf8 COLLATE utf8_general_ci NULL DEFAULT '' COMMENT '异常信息',
  `create_time` datetime(0) NULL DEFAULT NULL COMMENT '创建时间',
  PRIMARY KEY (`job_log_id`) USING BTREE
) ENGINE = InnoDB AUTO_INCREMENT = 1 CHARACTER SET = utf8 COLLATE = utf8_general_ci COMMENT = '定时任务调度日志表' ROW_FORMAT = Dynamic;

-- ----------------------------
-- Table structure for sys_logininfor
-- ----------------------------
DROP TABLE IF EXISTS `sys_logininfor`;
CREATE TABLE `sys_logininfor`  (
  `info_id` bigint(0) NOT NULL AUTO_INCREMENT COMMENT '访问ID',
  `user_name` varchar(50) CHARACTER SET utf8 COLLATE utf8_general_ci NULL DEFAULT '' COMMENT '用户账号',
  `ipaddr` varchar(128) CHARACTER SET utf8 COLLATE utf8_general_ci NULL DEFAULT '' COMMENT '登录IP地址',
  `login_location` varchar(255) CHARACTER SET utf8 COLLATE utf8_general_ci NULL DEFAULT '' COMMENT '登录地点',
  `browser` varchar(50) CHARACTER SET utf8 COLLATE utf8_general_ci NULL DEFAULT '' COMMENT '浏览器类型',
  `os` varchar(50) CHARACTER SET utf8 COLLATE utf8_general_ci NULL DEFAULT '' COMMENT '操作系统',
  `status` char(1) CHARACTER SET utf8 COLLATE utf8_general_ci NULL DEFAULT '0' COMMENT '登录状态（0成功 1失败）',
  `msg` varchar(255) CHARACTER SET utf8 COLLATE utf8_general_ci NULL DEFAULT '' COMMENT '提示消息',
  `login_time` datetime(0) NULL DEFAULT NULL COMMENT '访问时间',
  PRIMARY KEY (`info_id`) USING BTREE
) ENGINE = InnoDB AUTO_INCREMENT = 157 CHARACTER SET = utf8 COLLATE = utf8_general_ci COMMENT = '系统访问记录' ROW_FORMAT = Dynamic;

-- ----------------------------
-- Records of sys_logininfor
-- ----------------------------
INSERT INTO `sys_logininfor` VALUES (100, 'admin', '127.0.0.1', '内网IP', 'Chrome 8', 'Windows 10', '1', '用户不存在/密码错误', '2022-06-22 14:51:46');
INSERT INTO `sys_logininfor` VALUES (101, 'admin', '127.0.0.1', '内网IP', 'Chrome 8', 'Windows 10', '0', '登录成功', '2022-06-22 14:51:49');
INSERT INTO `sys_logininfor` VALUES (102, 'admin', '127.0.0.1', '内网IP', 'Chrome 8', 'Windows 10', '1', '用户不存在/密码错误', '2022-06-22 16:43:09');
INSERT INTO `sys_logininfor` VALUES (103, 'admin', '127.0.0.1', '内网IP', 'Chrome 8', 'Windows 10', '0', '登录成功', '2022-06-22 16:43:14');
INSERT INTO `sys_logininfor` VALUES (104, 'admin', '127.0.0.1', '内网IP', 'Chrome 8', 'Windows 10', '0', '登录成功', '2022-06-23 09:26:47');
INSERT INTO `sys_logininfor` VALUES (105, 'admin', '127.0.0.1', '内网IP', 'Chrome 8', 'Windows 10', '0', '登录成功', '2022-06-23 14:20:40');
INSERT INTO `sys_logininfor` VALUES (106, 'admin', '127.0.0.1', '内网IP', 'Chrome 8', 'Windows 10', '0', '登录成功', '2022-07-22 09:22:38');
INSERT INTO `sys_logininfor` VALUES (107, 'admin', '127.0.0.1', '内网IP', 'Chrome 8', 'Windows 10', '0', '登录成功', '2022-07-22 14:58:28');
INSERT INTO `sys_logininfor` VALUES (108, 'admin', '127.0.0.1', '内网IP', 'Chrome 8', 'Windows 10', '1', '用户不存在/密码错误', '2022-07-26 08:58:19');
INSERT INTO `sys_logininfor` VALUES (109, 'admin', '127.0.0.1', '内网IP', 'Chrome 8', 'Windows 10', '1', '验证码错误', '2022-07-26 08:58:25');
INSERT INTO `sys_logininfor` VALUES (110, 'admin', '127.0.0.1', '内网IP', 'Chrome 8', 'Windows 10', '0', '登录成功', '2022-07-26 08:58:27');
INSERT INTO `sys_logininfor` VALUES (111, 'admin', '127.0.0.1', '内网IP', 'Chrome 8', 'Windows 10', '0', '登录成功', '2022-07-26 14:50:27');
INSERT INTO `sys_logininfor` VALUES (112, 'admin', '127.0.0.1', '内网IP', 'Chrome 8', 'Windows 10', '0', '登录成功', '2022-07-26 15:50:40');
INSERT INTO `sys_logininfor` VALUES (113, 'admin', '127.0.0.1', '内网IP', 'Chrome 8', 'Windows 10', '1', '用户不存在/密码错误', '2022-07-27 08:59:32');
INSERT INTO `sys_logininfor` VALUES (114, 'admin', '127.0.0.1', '内网IP', 'Chrome 8', 'Windows 10', '0', '登录成功', '2022-07-27 08:59:42');
INSERT INTO `sys_logininfor` VALUES (115, 'admin', '127.0.0.1', '内网IP', 'Chrome 8', 'Windows 10', '0', '登录成功', '2022-07-27 11:16:14');
INSERT INTO `sys_logininfor` VALUES (116, 'admin', '127.0.0.1', '内网IP', 'Chrome 8', 'Windows 10', '0', '登录成功', '2022-07-27 11:21:56');
INSERT INTO `sys_logininfor` VALUES (117, 'admin', '127.0.0.1', '内网IP', 'Chrome 8', 'Windows 10', '0', '登录成功', '2022-07-28 09:44:57');
INSERT INTO `sys_logininfor` VALUES (118, 'admin', '127.0.0.1', '内网IP', 'Chrome 8', 'Windows 10', '1', '用户不存在/密码错误', '2022-07-28 10:57:24');
INSERT INTO `sys_logininfor` VALUES (119, 'admin', '127.0.0.1', '内网IP', 'Chrome 8', 'Windows 10', '0', '登录成功', '2022-07-28 10:57:28');
INSERT INTO `sys_logininfor` VALUES (120, 'admin', '127.0.0.1', '内网IP', 'Chrome 8', 'Windows 10', '0', '登录成功', '2022-07-28 14:25:17');
INSERT INTO `sys_logininfor` VALUES (121, 'admin', '127.0.0.1', '内网IP', 'Chrome 8', 'Windows 10', '0', '登录成功', '2022-07-28 16:48:00');
INSERT INTO `sys_logininfor` VALUES (122, 'admin', '127.0.0.1', '内网IP', 'Chrome 8', 'Windows 10', '0', '登录成功', '2022-07-29 09:50:33');
INSERT INTO `sys_logininfor` VALUES (123, 'admin', '127.0.0.1', '内网IP', 'Chrome 8', 'Windows 10', '0', '登录成功', '2022-07-29 10:26:36');
INSERT INTO `sys_logininfor` VALUES (124, 'admin', '127.0.0.1', '内网IP', 'Chrome 8', 'Windows 10', '0', '登录成功', '2022-07-29 11:33:32');
INSERT INTO `sys_logininfor` VALUES (125, 'admin', '127.0.0.1', '内网IP', 'Chrome 8', 'Windows 10', '0', '登录成功', '2022-07-29 16:00:46');
INSERT INTO `sys_logininfor` VALUES (126, 'admin', '127.0.0.1', '内网IP', 'Chrome 8', 'Windows 10', '1', '验证码已失效', '2022-08-02 09:13:13');
INSERT INTO `sys_logininfor` VALUES (127, 'admin', '127.0.0.1', '内网IP', 'Chrome 8', 'Windows 10', '0', '登录成功', '2022-08-02 09:13:14');
INSERT INTO `sys_logininfor` VALUES (128, 'admin', '127.0.0.1', '内网IP', 'Chrome 8', 'Windows 10', '0', '登录成功', '2022-08-02 11:12:21');
INSERT INTO `sys_logininfor` VALUES (129, 'admin', '127.0.0.1', '内网IP', 'Chrome 8', 'Windows 10', '0', '登录成功', '2022-08-02 14:22:29');
INSERT INTO `sys_logininfor` VALUES (130, 'admin', '127.0.0.1', '内网IP', 'Chrome 8', 'Windows 10', '0', '登录成功', '2022-08-03 15:04:25');
INSERT INTO `sys_logininfor` VALUES (131, 'admin', '127.0.0.1', '内网IP', 'Chrome 8', 'Windows 10', '0', '登录成功', '2022-08-03 16:59:31');
INSERT INTO `sys_logininfor` VALUES (132, 'admin', '127.0.0.1', '内网IP', 'Chrome 8', 'Windows 10', '0', '登录成功', '2022-08-04 08:51:44');
INSERT INTO `sys_logininfor` VALUES (133, 'admin', '127.0.0.1', '内网IP', 'Chrome 8', 'Windows 10', '0', '登录成功', '2022-08-04 09:29:53');
INSERT INTO `sys_logininfor` VALUES (134, 'admin', '127.0.0.1', '内网IP', 'Chrome 8', 'Windows 10', '0', '登录成功', '2022-08-04 14:20:10');
INSERT INTO `sys_logininfor` VALUES (135, 'admin', '127.0.0.1', '内网IP', 'Chrome 8', 'Windows 10', '0', '登录成功', '2022-08-04 15:10:31');
INSERT INTO `sys_logininfor` VALUES (136, 'admin', '127.0.0.1', '内网IP', 'Chrome 8', 'Windows 10', '0', '登录成功', '2022-08-04 15:43:48');
INSERT INTO `sys_logininfor` VALUES (137, 'admin', '127.0.0.1', '内网IP', 'Chrome 8', 'Windows 10', '1', '验证码已失效', '2022-08-05 09:08:26');
INSERT INTO `sys_logininfor` VALUES (138, 'admin', '127.0.0.1', '内网IP', 'Chrome 8', 'Windows 10', '0', '登录成功', '2022-08-05 09:08:27');
INSERT INTO `sys_logininfor` VALUES (139, 'admin', '127.0.0.1', '内网IP', 'Chrome 8', 'Windows 10', '0', '登录成功', '2022-08-05 09:51:50');
INSERT INTO `sys_logininfor` VALUES (140, 'admin', '127.0.0.1', '内网IP', 'Chrome 8', 'Windows 10', '0', '登录成功', '2022-08-05 14:46:45');
INSERT INTO `sys_logininfor` VALUES (141, 'admin', '127.0.0.1', '内网IP', 'Chrome 8', 'Windows 10', '0', '登录成功', '2022-08-08 08:48:40');
INSERT INTO `sys_logininfor` VALUES (142, 'admin', '127.0.0.1', '内网IP', 'Chrome 8', 'Windows 10', '0', '登录成功', '2022-08-08 09:52:44');
INSERT INTO `sys_logininfor` VALUES (143, 'admin', '127.0.0.1', '内网IP', 'Chrome 8', 'Windows 10', '1', '验证码错误', '2022-08-08 14:28:32');
INSERT INTO `sys_logininfor` VALUES (144, 'admin', '127.0.0.1', '内网IP', 'Chrome 8', 'Windows 10', '0', '登录成功', '2022-08-08 14:28:36');
INSERT INTO `sys_logininfor` VALUES (145, 'admin', '127.0.0.1', '内网IP', 'Chrome 8', 'Windows 10', '0', '登录成功', '2022-08-08 17:03:13');
INSERT INTO `sys_logininfor` VALUES (146, 'admin', '127.0.0.1', '内网IP', 'Chrome 8', 'Windows 10', '0', '登录成功', '2022-08-09 09:09:52');
INSERT INTO `sys_logininfor` VALUES (147, 'admin', '127.0.0.1', '内网IP', 'Chrome 8', 'Windows 10', '0', '退出成功', '2022-08-09 11:19:41');
INSERT INTO `sys_logininfor` VALUES (148, 'admin', '127.0.0.1', '内网IP', 'Chrome 8', 'Windows 10', '0', '登录成功', '2022-08-09 11:19:46');
INSERT INTO `sys_logininfor` VALUES (149, 'admin', '127.0.0.1', '内网IP', 'Chrome 8', 'Windows 10', '1', '验证码已失效', '2022-08-10 09:24:56');
INSERT INTO `sys_logininfor` VALUES (150, 'admin', '127.0.0.1', '内网IP', 'Chrome 8', 'Windows 10', '0', '登录成功', '2022-08-10 09:24:58');
INSERT INTO `sys_logininfor` VALUES (151, 'admin', '127.0.0.1', '内网IP', 'Chrome 8', 'Windows 10', '0', '登录成功', '2022-08-11 09:35:19');
INSERT INTO `sys_logininfor` VALUES (152, 'admin', '127.0.0.1', '内网IP', 'Chrome 8', 'Windows 10', '0', '登录成功', '2022-08-11 16:21:18');
INSERT INTO `sys_logininfor` VALUES (153, 'admin', '127.0.0.1', '内网IP', 'Chrome 8', 'Windows 10', '0', '登录成功', '2022-08-12 09:51:21');
INSERT INTO `sys_logininfor` VALUES (154, 'admin', '127.0.0.1', '内网IP', 'Chrome 8', 'Windows 10', '0', '登录成功', '2022-08-12 14:09:48');
INSERT INTO `sys_logininfor` VALUES (155, 'admin', '127.0.0.1', '内网IP', 'Chrome 8', 'Windows 10', '0', '登录成功', '2022-08-15 10:06:34');
INSERT INTO `sys_logininfor` VALUES (156, 'admin', '127.0.0.1', '内网IP', 'Chrome 8', 'Windows 10', '0', '登录成功', '2022-08-22 10:24:25');
INSERT INTO `sys_logininfor` VALUES (157, 'admin', '58.220.24.100', 'XX XX', 'Chrome 8', 'Windows 10', '0', '登录成功', '2022-08-22 10:40:56');
INSERT INTO `sys_logininfor` VALUES (158, 'admin', '58.220.24.100', 'XX XX', 'Chrome 8', 'Windows 10', '0', '登录成功', '2022-08-22 10:51:14');
INSERT INTO `sys_logininfor` VALUES (159, 'admin', '58.220.24.100', 'XX XX', 'Chrome 8', 'Windows 10', '0', '退出成功', '2022-08-22 10:54:20');
INSERT INTO `sys_logininfor` VALUES (160, 'flow', '58.220.24.100', 'XX XX', 'Chrome 8', 'Windows 10', '0', '登录成功', '2022-08-22 10:54:33');
INSERT INTO `sys_logininfor` VALUES (161, 'flow', '58.220.24.100', 'XX XX', 'Chrome 8', 'Windows 10', '0', '退出成功', '2022-08-22 10:56:30');
INSERT INTO `sys_logininfor` VALUES (162, 'admin', '58.220.24.100', 'XX XX', 'Chrome 8', 'Windows 10', '0', '登录成功', '2022-08-22 10:56:40');
INSERT INTO `sys_logininfor` VALUES (163, 'admin', '58.220.24.100', 'XX XX', 'Chrome 8', 'Windows 10', '0', '退出成功', '2022-08-22 10:57:07');
INSERT INTO `sys_logininfor` VALUES (164, 'flow', '58.220.24.100', 'XX XX', 'Chrome 8', 'Windows 10', '0', '登录成功', '2022-08-22 10:57:16');
INSERT INTO `sys_logininfor` VALUES (165, 'flow', '58.220.24.100', 'XX XX', 'Chrome 8', 'Windows 10', '0', '退出成功', '2022-08-22 11:01:49');
INSERT INTO `sys_logininfor` VALUES (166, 'admin', '58.220.24.100', 'XX XX', 'Chrome 8', 'Windows 10', '0', '登录成功', '2022-08-22 11:01:53');
INSERT INTO `sys_logininfor` VALUES (167, 'admin', '58.220.24.100', 'XX XX', 'Chrome 8', 'Windows 10', '0', '退出成功', '2022-08-22 11:01:57');
INSERT INTO `sys_logininfor` VALUES (168, 'admin', '58.220.24.100', 'XX XX', 'Chrome 8', 'Windows 10', '1', '验证码已失效', '2022-08-22 11:09:26');
INSERT INTO `sys_logininfor` VALUES (169, 'dev', '58.220.24.100', 'XX XX', 'Chrome 8', 'Windows 10', '1', '登录用户：dev 不存在', '2022-08-22 11:09:32');
INSERT INTO `sys_logininfor` VALUES (170, 'flow', '58.220.24.100', 'XX XX', 'Chrome 8', 'Windows 10', '0', '登录成功', '2022-08-22 11:09:41');

-- ----------------------------
-- Table structure for sys_menu
-- ----------------------------
DROP TABLE IF EXISTS `sys_menu`;
CREATE TABLE `sys_menu`  (
  `menu_id` bigint(0) NOT NULL AUTO_INCREMENT COMMENT '菜单ID',
  `menu_name` varchar(50) CHARACTER SET utf8 COLLATE utf8_general_ci NOT NULL COMMENT '菜单名称',
  `parent_id` bigint(0) NULL DEFAULT 0 COMMENT '父菜单ID',
  `order_num` int(0) NULL DEFAULT 0 COMMENT '显示顺序',
  `path` varchar(200) CHARACTER SET utf8 COLLATE utf8_general_ci NULL DEFAULT '' COMMENT '路由地址',
  `component` varchar(255) CHARACTER SET utf8 COLLATE utf8_general_ci NULL DEFAULT NULL COMMENT '组件路径',
  `query` varchar(255) CHARACTER SET utf8 COLLATE utf8_general_ci NULL DEFAULT NULL COMMENT '路由参数',
  `is_frame` int(0) NULL DEFAULT 1 COMMENT '是否为外链（0是 1否）',
  `is_cache` int(0) NULL DEFAULT 0 COMMENT '是否缓存（0缓存 1不缓存）',
  `menu_type` char(1) CHARACTER SET utf8 COLLATE utf8_general_ci NULL DEFAULT '' COMMENT '菜单类型（M目录 C菜单 F按钮）',
  `visible` char(1) CHARACTER SET utf8 COLLATE utf8_general_ci NULL DEFAULT '0' COMMENT '菜单状态（0显示 1隐藏）',
  `status` char(1) CHARACTER SET utf8 COLLATE utf8_general_ci NULL DEFAULT '0' COMMENT '菜单状态（0正常 1停用）',
  `perms` varchar(100) CHARACTER SET utf8 COLLATE utf8_general_ci NULL DEFAULT NULL COMMENT '权限标识',
  `icon` varchar(100) CHARACTER SET utf8 COLLATE utf8_general_ci NULL DEFAULT '#' COMMENT '菜单图标',
  `create_by` varchar(64) CHARACTER SET utf8 COLLATE utf8_general_ci NULL DEFAULT '' COMMENT '创建者',
  `create_time` datetime(0) NULL DEFAULT NULL COMMENT '创建时间',
  `update_by` varchar(64) CHARACTER SET utf8 COLLATE utf8_general_ci NULL DEFAULT '' COMMENT '更新者',
  `update_time` datetime(0) NULL DEFAULT NULL COMMENT '更新时间',
  `remark` varchar(500) CHARACTER SET utf8 COLLATE utf8_general_ci NULL DEFAULT '' COMMENT '备注',
  PRIMARY KEY (`menu_id`) USING BTREE
) ENGINE = InnoDB AUTO_INCREMENT = 2008 CHARACTER SET = utf8 COLLATE = utf8_general_ci COMMENT = '菜单权限表' ROW_FORMAT = Dynamic;

-- ----------------------------
-- Records of sys_menu
-- ----------------------------
INSERT INTO `sys_menu` VALUES (1, '系统管理', 0, 1, 'system', NULL, '', 1, 0, 'M', '0', '0', '', 'system', 'admin', '2022-06-01 11:02:25', '', NULL, '系统管理目录');
INSERT INTO `sys_menu` VALUES (2, '系统监控', 0, 2, 'monitor', NULL, '', 1, 0, 'M', '0', '0', '', 'monitor', 'admin', '2022-06-01 11:02:25', '', NULL, '系统监控目录');
INSERT INTO `sys_menu` VALUES (3, '系统工具', 0, 3, 'tool', NULL, '', 1, 0, 'M', '0', '0', '', 'tool', 'admin', '2022-06-01 11:02:25', '', NULL, '系统工具目录');
INSERT INTO `sys_menu` VALUES (4, '若依官网', 0, 4, 'http://ruoyi.vip', NULL, '', 0, 0, 'M', '0', '0', '', 'guide', 'admin', '2022-06-01 11:02:25', '', NULL, '若依官网地址');
INSERT INTO `sys_menu` VALUES (100, '用户管理', 1, 1, 'user', 'system/user/index', '', 1, 0, 'C', '0', '0', 'system:user:list', 'user', 'admin', '2022-06-01 11:02:25', '', NULL, '用户管理菜单');
INSERT INTO `sys_menu` VALUES (101, '角色管理', 1, 2, 'role', 'system/role/index', '', 1, 0, 'C', '0', '0', 'system:role:list', 'peoples', 'admin', '2022-06-01 11:02:25', '', NULL, '角色管理菜单');
INSERT INTO `sys_menu` VALUES (102, '菜单管理', 1, 3, 'menu', 'system/menu/index', '', 1, 0, 'C', '0', '0', 'system:menu:list', 'tree-table', 'admin', '2022-06-01 11:02:25', '', NULL, '菜单管理菜单');
INSERT INTO `sys_menu` VALUES (103, '部门管理', 1, 4, 'dept', 'system/dept/index', '', 1, 0, 'C', '0', '0', 'system:dept:list', 'tree', 'admin', '2022-06-01 11:02:25', '', NULL, '部门管理菜单');
INSERT INTO `sys_menu` VALUES (104, '岗位管理', 1, 5, 'post', 'system/post/index', '', 1, 0, 'C', '0', '0', 'system:post:list', 'post', 'admin', '2022-06-01 11:02:25', '', NULL, '岗位管理菜单');
INSERT INTO `sys_menu` VALUES (105, '字典管理', 1, 6, 'dict', 'system/dict/index', '', 1, 0, 'C', '0', '0', 'system:dict:list', 'dict', 'admin', '2022-06-01 11:02:25', '', NULL, '字典管理菜单');
INSERT INTO `sys_menu` VALUES (106, '参数设置', 1, 7, 'config', 'system/config/index', '', 1, 0, 'C', '0', '0', 'system:config:list', 'edit', 'admin', '2022-06-01 11:02:25', '', NULL, '参数设置菜单');
INSERT INTO `sys_menu` VALUES (107, '通知公告', 1, 8, 'notice', 'system/notice/index', '', 1, 0, 'C', '0', '0', 'system:notice:list', 'message', 'admin', '2022-06-01 11:02:25', '', NULL, '通知公告菜单');
INSERT INTO `sys_menu` VALUES (108, '日志管理', 1, 9, 'log', '', '', 1, 0, 'M', '0', '0', '', 'log', 'admin', '2022-06-01 11:02:25', '', NULL, '日志管理菜单');
INSERT INTO `sys_menu` VALUES (109, '在线用户', 2, 1, 'online', 'monitor/online/index', '', 1, 0, 'C', '0', '0', 'monitor:online:list', 'online', 'admin', '2022-06-01 11:02:25', '', NULL, '在线用户菜单');
INSERT INTO `sys_menu` VALUES (110, '定时任务', 2, 2, 'job', 'monitor/job/index', '', 1, 0, 'C', '0', '0', 'monitor:job:list', 'job', 'admin', '2022-06-01 11:02:25', '', NULL, '定时任务菜单');
INSERT INTO `sys_menu` VALUES (111, '数据监控', 2, 3, 'druid', 'monitor/druid/index', '', 1, 0, 'C', '0', '0', 'monitor:druid:list', 'druid', 'admin', '2022-06-01 11:02:25', '', NULL, '数据监控菜单');
INSERT INTO `sys_menu` VALUES (112, '服务监控', 2, 4, 'server', 'monitor/server/index', '', 1, 0, 'C', '0', '0', 'monitor:server:list', 'server', 'admin', '2022-06-01 11:02:25', '', NULL, '服务监控菜单');
INSERT INTO `sys_menu` VALUES (113, '缓存监控', 2, 5, 'cache', 'monitor/cache/index', '', 1, 0, 'C', '0', '0', 'monitor:cache:list', 'redis', 'admin', '2022-06-01 11:02:25', '', NULL, '缓存监控菜单');
INSERT INTO `sys_menu` VALUES (114, '表单构建', 3, 1, 'build', 'tool/build/index', '', 1, 0, 'C', '0', '0', 'tool:build:list', 'build', 'admin', '2022-06-01 11:02:25', '', NULL, '表单构建菜单');
INSERT INTO `sys_menu` VALUES (115, '代码生成', 3, 2, 'gen', 'tool/gen/index', '', 1, 0, 'C', '0', '0', 'tool:gen:list', 'code', 'admin', '2022-06-01 11:02:25', '', NULL, '代码生成菜单');
INSERT INTO `sys_menu` VALUES (116, '系统接口', 3, 3, 'swagger', 'tool/swagger/index', '', 1, 0, 'C', '0', '0', 'tool:swagger:list', 'swagger', 'admin', '2022-06-01 11:02:25', '', NULL, '系统接口菜单');
INSERT INTO `sys_menu` VALUES (500, '操作日志', 108, 1, 'operlog', 'monitor/operlog/index', '', 1, 0, 'C', '0', '0', 'monitor:operlog:list', 'form', 'admin', '2022-06-01 11:02:25', '', NULL, '操作日志菜单');
INSERT INTO `sys_menu` VALUES (501, '登录日志', 108, 2, 'logininfor', 'monitor/logininfor/index', '', 1, 0, 'C', '0', '0', 'monitor:logininfor:list', 'logininfor', 'admin', '2022-06-01 11:02:25', '', NULL, '登录日志菜单');
INSERT INTO `sys_menu` VALUES (1001, '用户查询', 100, 1, '', '', '', 1, 0, 'F', '0', '0', 'system:user:query', '#', 'admin', '2022-06-01 11:02:25', '', NULL, '');
INSERT INTO `sys_menu` VALUES (1002, '用户新增', 100, 2, '', '', '', 1, 0, 'F', '0', '0', 'system:user:add', '#', 'admin', '2022-06-01 11:02:25', '', NULL, '');
INSERT INTO `sys_menu` VALUES (1003, '用户修改', 100, 3, '', '', '', 1, 0, 'F', '0', '0', 'system:user:edit', '#', 'admin', '2022-06-01 11:02:25', '', NULL, '');
INSERT INTO `sys_menu` VALUES (1004, '用户删除', 100, 4, '', '', '', 1, 0, 'F', '0', '0', 'system:user:remove', '#', 'admin', '2022-06-01 11:02:25', '', NULL, '');
INSERT INTO `sys_menu` VALUES (1005, '用户导出', 100, 5, '', '', '', 1, 0, 'F', '0', '0', 'system:user:export', '#', 'admin', '2022-06-01 11:02:25', '', NULL, '');
INSERT INTO `sys_menu` VALUES (1006, '用户导入', 100, 6, '', '', '', 1, 0, 'F', '0', '0', 'system:user:import', '#', 'admin', '2022-06-01 11:02:25', '', NULL, '');
INSERT INTO `sys_menu` VALUES (1007, '重置密码', 100, 7, '', '', '', 1, 0, 'F', '0', '0', 'system:user:resetPwd', '#', 'admin', '2022-06-01 11:02:25', '', NULL, '');
INSERT INTO `sys_menu` VALUES (1008, '角色查询', 101, 1, '', '', '', 1, 0, 'F', '0', '0', 'system:role:query', '#', 'admin', '2022-06-01 11:02:25', '', NULL, '');
INSERT INTO `sys_menu` VALUES (1009, '角色新增', 101, 2, '', '', '', 1, 0, 'F', '0', '0', 'system:role:add', '#', 'admin', '2022-06-01 11:02:25', '', NULL, '');
INSERT INTO `sys_menu` VALUES (1010, '角色修改', 101, 3, '', '', '', 1, 0, 'F', '0', '0', 'system:role:edit', '#', 'admin', '2022-06-01 11:02:25', '', NULL, '');
INSERT INTO `sys_menu` VALUES (1011, '角色删除', 101, 4, '', '', '', 1, 0, 'F', '0', '0', 'system:role:remove', '#', 'admin', '2022-06-01 11:02:25', '', NULL, '');
INSERT INTO `sys_menu` VALUES (1012, '角色导出', 101, 5, '', '', '', 1, 0, 'F', '0', '0', 'system:role:export', '#', 'admin', '2022-06-01 11:02:25', '', NULL, '');
INSERT INTO `sys_menu` VALUES (1013, '菜单查询', 102, 1, '', '', '', 1, 0, 'F', '0', '0', 'system:menu:query', '#', 'admin', '2022-06-01 11:02:25', '', NULL, '');
INSERT INTO `sys_menu` VALUES (1014, '菜单新增', 102, 2, '', '', '', 1, 0, 'F', '0', '0', 'system:menu:add', '#', 'admin', '2022-06-01 11:02:25', '', NULL, '');
INSERT INTO `sys_menu` VALUES (1015, '菜单修改', 102, 3, '', '', '', 1, 0, 'F', '0', '0', 'system:menu:edit', '#', 'admin', '2022-06-01 11:02:25', '', NULL, '');
INSERT INTO `sys_menu` VALUES (1016, '菜单删除', 102, 4, '', '', '', 1, 0, 'F', '0', '0', 'system:menu:remove', '#', 'admin', '2022-06-01 11:02:25', '', NULL, '');
INSERT INTO `sys_menu` VALUES (1017, '部门查询', 103, 1, '', '', '', 1, 0, 'F', '0', '0', 'system:dept:query', '#', 'admin', '2022-06-01 11:02:25', '', NULL, '');
INSERT INTO `sys_menu` VALUES (1018, '部门新增', 103, 2, '', '', '', 1, 0, 'F', '0', '0', 'system:dept:add', '#', 'admin', '2022-06-01 11:02:25', '', NULL, '');
INSERT INTO `sys_menu` VALUES (1019, '部门修改', 103, 3, '', '', '', 1, 0, 'F', '0', '0', 'system:dept:edit', '#', 'admin', '2022-06-01 11:02:25', '', NULL, '');
INSERT INTO `sys_menu` VALUES (1020, '部门删除', 103, 4, '', '', '', 1, 0, 'F', '0', '0', 'system:dept:remove', '#', 'admin', '2022-06-01 11:02:25', '', NULL, '');
INSERT INTO `sys_menu` VALUES (1021, '岗位查询', 104, 1, '', '', '', 1, 0, 'F', '0', '0', 'system:post:query', '#', 'admin', '2022-06-01 11:02:25', '', NULL, '');
INSERT INTO `sys_menu` VALUES (1022, '岗位新增', 104, 2, '', '', '', 1, 0, 'F', '0', '0', 'system:post:add', '#', 'admin', '2022-06-01 11:02:25', '', NULL, '');
INSERT INTO `sys_menu` VALUES (1023, '岗位修改', 104, 3, '', '', '', 1, 0, 'F', '0', '0', 'system:post:edit', '#', 'admin', '2022-06-01 11:02:25', '', NULL, '');
INSERT INTO `sys_menu` VALUES (1024, '岗位删除', 104, 4, '', '', '', 1, 0, 'F', '0', '0', 'system:post:remove', '#', 'admin', '2022-06-01 11:02:25', '', NULL, '');
INSERT INTO `sys_menu` VALUES (1025, '岗位导出', 104, 5, '', '', '', 1, 0, 'F', '0', '0', 'system:post:export', '#', 'admin', '2022-06-01 11:02:25', '', NULL, '');
INSERT INTO `sys_menu` VALUES (1026, '字典查询', 105, 1, '#', '', '', 1, 0, 'F', '0', '0', 'system:dict:query', '#', 'admin', '2022-06-01 11:02:25', '', NULL, '');
INSERT INTO `sys_menu` VALUES (1027, '字典新增', 105, 2, '#', '', '', 1, 0, 'F', '0', '0', 'system:dict:add', '#', 'admin', '2022-06-01 11:02:25', '', NULL, '');
INSERT INTO `sys_menu` VALUES (1028, '字典修改', 105, 3, '#', '', '', 1, 0, 'F', '0', '0', 'system:dict:edit', '#', 'admin', '2022-06-01 11:02:25', '', NULL, '');
INSERT INTO `sys_menu` VALUES (1029, '字典删除', 105, 4, '#', '', '', 1, 0, 'F', '0', '0', 'system:dict:remove', '#', 'admin', '2022-06-01 11:02:25', '', NULL, '');
INSERT INTO `sys_menu` VALUES (1030, '字典导出', 105, 5, '#', '', '', 1, 0, 'F', '0', '0', 'system:dict:export', '#', 'admin', '2022-06-01 11:02:25', '', NULL, '');
INSERT INTO `sys_menu` VALUES (1031, '参数查询', 106, 1, '#', '', '', 1, 0, 'F', '0', '0', 'system:config:query', '#', 'admin', '2022-06-01 11:02:25', '', NULL, '');
INSERT INTO `sys_menu` VALUES (1032, '参数新增', 106, 2, '#', '', '', 1, 0, 'F', '0', '0', 'system:config:add', '#', 'admin', '2022-06-01 11:02:25', '', NULL, '');
INSERT INTO `sys_menu` VALUES (1033, '参数修改', 106, 3, '#', '', '', 1, 0, 'F', '0', '0', 'system:config:edit', '#', 'admin', '2022-06-01 11:02:25', '', NULL, '');
INSERT INTO `sys_menu` VALUES (1034, '参数删除', 106, 4, '#', '', '', 1, 0, 'F', '0', '0', 'system:config:remove', '#', 'admin', '2022-06-01 11:02:25', '', NULL, '');
INSERT INTO `sys_menu` VALUES (1035, '参数导出', 106, 5, '#', '', '', 1, 0, 'F', '0', '0', 'system:config:export', '#', 'admin', '2022-06-01 11:02:25', '', NULL, '');
INSERT INTO `sys_menu` VALUES (1036, '公告查询', 107, 1, '#', '', '', 1, 0, 'F', '0', '0', 'system:notice:query', '#', 'admin', '2022-06-01 11:02:25', '', NULL, '');
INSERT INTO `sys_menu` VALUES (1037, '公告新增', 107, 2, '#', '', '', 1, 0, 'F', '0', '0', 'system:notice:add', '#', 'admin', '2022-06-01 11:02:25', '', NULL, '');
INSERT INTO `sys_menu` VALUES (1038, '公告修改', 107, 3, '#', '', '', 1, 0, 'F', '0', '0', 'system:notice:edit', '#', 'admin', '2022-06-01 11:02:25', '', NULL, '');
INSERT INTO `sys_menu` VALUES (1039, '公告删除', 107, 4, '#', '', '', 1, 0, 'F', '0', '0', 'system:notice:remove', '#', 'admin', '2022-06-01 11:02:25', '', NULL, '');
INSERT INTO `sys_menu` VALUES (1040, '操作查询', 500, 1, '#', '', '', 1, 0, 'F', '0', '0', 'monitor:operlog:query', '#', 'admin', '2022-06-01 11:02:25', '', NULL, '');
INSERT INTO `sys_menu` VALUES (1041, '操作删除', 500, 2, '#', '', '', 1, 0, 'F', '0', '0', 'monitor:operlog:remove', '#', 'admin', '2022-06-01 11:02:25', '', NULL, '');
INSERT INTO `sys_menu` VALUES (1042, '日志导出', 500, 4, '#', '', '', 1, 0, 'F', '0', '0', 'monitor:operlog:export', '#', 'admin', '2022-06-01 11:02:25', '', NULL, '');
INSERT INTO `sys_menu` VALUES (1043, '登录查询', 501, 1, '#', '', '', 1, 0, 'F', '0', '0', 'monitor:logininfor:query', '#', 'admin', '2022-06-01 11:02:25', '', NULL, '');
INSERT INTO `sys_menu` VALUES (1044, '登录删除', 501, 2, '#', '', '', 1, 0, 'F', '0', '0', 'monitor:logininfor:remove', '#', 'admin', '2022-06-01 11:02:25', '', NULL, '');
INSERT INTO `sys_menu` VALUES (1045, '日志导出', 501, 3, '#', '', '', 1, 0, 'F', '0', '0', 'monitor:logininfor:export', '#', 'admin', '2022-06-01 11:02:25', '', NULL, '');
INSERT INTO `sys_menu` VALUES (1046, '在线查询', 109, 1, '#', '', '', 1, 0, 'F', '0', '0', 'monitor:online:query', '#', 'admin', '2022-06-01 11:02:25', '', NULL, '');
INSERT INTO `sys_menu` VALUES (1047, '批量强退', 109, 2, '#', '', '', 1, 0, 'F', '0', '0', 'monitor:online:batchLogout', '#', 'admin', '2022-06-01 11:02:25', '', NULL, '');
INSERT INTO `sys_menu` VALUES (1048, '单条强退', 109, 3, '#', '', '', 1, 0, 'F', '0', '0', 'monitor:online:forceLogout', '#', 'admin', '2022-06-01 11:02:25', '', NULL, '');
INSERT INTO `sys_menu` VALUES (1049, '任务查询', 110, 1, '#', '', '', 1, 0, 'F', '0', '0', 'monitor:job:query', '#', 'admin', '2022-06-01 11:02:25', '', NULL, '');
INSERT INTO `sys_menu` VALUES (1050, '任务新增', 110, 2, '#', '', '', 1, 0, 'F', '0', '0', 'monitor:job:add', '#', 'admin', '2022-06-01 11:02:25', '', NULL, '');
INSERT INTO `sys_menu` VALUES (1051, '任务修改', 110, 3, '#', '', '', 1, 0, 'F', '0', '0', 'monitor:job:edit', '#', 'admin', '2022-06-01 11:02:25', '', NULL, '');
INSERT INTO `sys_menu` VALUES (1052, '任务删除', 110, 4, '#', '', '', 1, 0, 'F', '0', '0', 'monitor:job:remove', '#', 'admin', '2022-06-01 11:02:25', '', NULL, '');
INSERT INTO `sys_menu` VALUES (1053, '状态修改', 110, 5, '#', '', '', 1, 0, 'F', '0', '0', 'monitor:job:changeStatus', '#', 'admin', '2022-06-01 11:02:25', '', NULL, '');
INSERT INTO `sys_menu` VALUES (1054, '任务导出', 110, 7, '#', '', '', 1, 0, 'F', '0', '0', 'monitor:job:export', '#', 'admin', '2022-06-01 11:02:25', '', NULL, '');
INSERT INTO `sys_menu` VALUES (1055, '生成查询', 115, 1, '#', '', '', 1, 0, 'F', '0', '0', 'tool:gen:query', '#', 'admin', '2022-06-01 11:02:25', '', NULL, '');
INSERT INTO `sys_menu` VALUES (1056, '生成修改', 115, 2, '#', '', '', 1, 0, 'F', '0', '0', 'tool:gen:edit', '#', 'admin', '2022-06-01 11:02:25', '', NULL, '');
INSERT INTO `sys_menu` VALUES (1057, '生成删除', 115, 3, '#', '', '', 1, 0, 'F', '0', '0', 'tool:gen:remove', '#', 'admin', '2022-06-01 11:02:25', '', NULL, '');
INSERT INTO `sys_menu` VALUES (1058, '导入代码', 115, 2, '#', '', '', 1, 0, 'F', '0', '0', 'tool:gen:import', '#', 'admin', '2022-06-01 11:02:25', '', NULL, '');
INSERT INTO `sys_menu` VALUES (1059, '预览代码', 115, 4, '#', '', '', 1, 0, 'F', '0', '0', 'tool:gen:preview', '#', 'admin', '2022-06-01 11:02:25', '', NULL, '');
INSERT INTO `sys_menu` VALUES (1060, '生成代码', 115, 5, '#', '', '', 1, 0, 'F', '0', '0', 'tool:gen:code', '#', 'admin', '2022-06-01 11:02:25', '', NULL, '');
INSERT INTO `sys_menu` VALUES (2000, '流程', 0, 5, 'flow', NULL, NULL, 1, 0, 'M', '0', '0', NULL, 'cascader', 'admin', '2022-06-22 14:54:04', '', NULL, '');
INSERT INTO `sys_menu` VALUES (2001, '流程配置', 2000, 1, 'flowMain', 'flow/flowmainindex/index', '', 1, 0, 'C', '0', '0', 'flow:main:list', 'color', 'admin', '2022-06-22 14:56:13', 'admin', '2022-06-22 14:56:56', '');
INSERT INTO `sys_menu` VALUES (2005, '表单管理', 2000, 4, 'formManager', 'formdesign/index', NULL, 1, 0, 'C', '0', '0', NULL, 'button', 'admin', '2022-08-05 15:34:02', '', NULL, '');
INSERT INTO `sys_menu` VALUES (2006, '测试流程启动', 2000, 6, 'runflow', 'flow/flowrun/index', NULL, 1, 0, 'C', '0', '0', NULL, 'checkbox', 'admin', '2022-08-08 16:06:03', '', NULL, '');
INSERT INTO `sys_menu` VALUES (2007, '流程节点查看', 2000, 7, 'flownodeseee', 'flow/flowrun/todos', NULL, 1, 0, 'C', '0', '0', NULL, 'component', 'admin', '2022-08-08 17:25:31', '', NULL, '');
INSERT INTO `sys_menu` VALUES (2008, 'add', 2001, 0, '', NULL, NULL, 1, 0, 'F', '0', '0', 'flow:main:add', '#', 'admin', '2022-08-22 10:51:57', '', NULL, '');
INSERT INTO `sys_menu` VALUES (2009, 'edit', 2001, 2, '', NULL, NULL, 1, 0, 'F', '0', '0', 'flow:main:edit', '#', 'admin', '2022-08-22 10:52:09', '', NULL, '');
INSERT INTO `sys_menu` VALUES (2010, 'remove', 2001, 3, '', NULL, NULL, 1, 0, 'F', '0', '0', 'flow:main:remove', '#', 'admin', '2022-08-22 10:52:20', '', NULL, '');
INSERT INTO `sys_menu` VALUES (2011, 'add', 2005, 0, '', NULL, NULL, 1, 0, 'F', '0', '0', 'form:main:add', '#', 'admin', '2022-08-22 10:52:47', '', NULL, '');
INSERT INTO `sys_menu` VALUES (2012, 'edit', 2005, 1, '', NULL, NULL, 1, 0, 'F', '0', '0', 'form:main:edit', '#', 'admin', '2022-08-22 10:52:57', '', NULL, '');

-- ----------------------------
-- Table structure for sys_notice
-- ----------------------------
DROP TABLE IF EXISTS `sys_notice`;
CREATE TABLE `sys_notice`  (
  `notice_id` int(0) NOT NULL AUTO_INCREMENT COMMENT '公告ID',
  `notice_title` varchar(50) CHARACTER SET utf8 COLLATE utf8_general_ci NOT NULL COMMENT '公告标题',
  `notice_type` char(1) CHARACTER SET utf8 COLLATE utf8_general_ci NOT NULL COMMENT '公告类型（1通知 2公告）',
  `notice_content` longblob NULL COMMENT '公告内容',
  `status` char(1) CHARACTER SET utf8 COLLATE utf8_general_ci NULL DEFAULT '0' COMMENT '公告状态（0正常 1关闭）',
  `create_by` varchar(64) CHARACTER SET utf8 COLLATE utf8_general_ci NULL DEFAULT '' COMMENT '创建者',
  `create_time` datetime(0) NULL DEFAULT NULL COMMENT '创建时间',
  `update_by` varchar(64) CHARACTER SET utf8 COLLATE utf8_general_ci NULL DEFAULT '' COMMENT '更新者',
  `update_time` datetime(0) NULL DEFAULT NULL COMMENT '更新时间',
  `remark` varchar(255) CHARACTER SET utf8 COLLATE utf8_general_ci NULL DEFAULT NULL COMMENT '备注',
  PRIMARY KEY (`notice_id`) USING BTREE
) ENGINE = InnoDB AUTO_INCREMENT = 10 CHARACTER SET = utf8 COLLATE = utf8_general_ci COMMENT = '通知公告表' ROW_FORMAT = Dynamic;

-- ----------------------------
-- Records of sys_notice
-- ----------------------------
INSERT INTO `sys_notice` VALUES (1, '温馨提醒：2018-07-01 若依新版本发布啦', '2', 0xE696B0E78988E69CACE58685E5AEB9, '0', 'admin', '2022-06-01 11:02:25', '', NULL, '管理员');
INSERT INTO `sys_notice` VALUES (2, '维护通知：2018-07-01 若依系统凌晨维护', '1', 0xE7BBB4E68AA4E58685E5AEB9, '0', 'admin', '2022-06-01 11:02:25', '', NULL, '管理员');

-- ----------------------------
-- Table structure for sys_oper_log
-- ----------------------------
DROP TABLE IF EXISTS `sys_oper_log`;
CREATE TABLE `sys_oper_log`  (
  `oper_id` bigint(0) NOT NULL AUTO_INCREMENT COMMENT '日志主键',
  `title` varchar(50) CHARACTER SET utf8 COLLATE utf8_general_ci NULL DEFAULT '' COMMENT '模块标题',
  `business_type` int(0) NULL DEFAULT 0 COMMENT '业务类型（0其它 1新增 2修改 3删除）',
  `method` varchar(100) CHARACTER SET utf8 COLLATE utf8_general_ci NULL DEFAULT '' COMMENT '方法名称',
  `request_method` varchar(10) CHARACTER SET utf8 COLLATE utf8_general_ci NULL DEFAULT '' COMMENT '请求方式',
  `operator_type` int(0) NULL DEFAULT 0 COMMENT '操作类别（0其它 1后台用户 2手机端用户）',
  `oper_name` varchar(50) CHARACTER SET utf8 COLLATE utf8_general_ci NULL DEFAULT '' COMMENT '操作人员',
  `dept_name` varchar(50) CHARACTER SET utf8 COLLATE utf8_general_ci NULL DEFAULT '' COMMENT '部门名称',
  `oper_url` varchar(255) CHARACTER SET utf8 COLLATE utf8_general_ci NULL DEFAULT '' COMMENT '请求URL',
  `oper_ip` varchar(128) CHARACTER SET utf8 COLLATE utf8_general_ci NULL DEFAULT '' COMMENT '主机地址',
  `oper_location` varchar(255) CHARACTER SET utf8 COLLATE utf8_general_ci NULL DEFAULT '' COMMENT '操作地点',
  `oper_param` varchar(2000) CHARACTER SET utf8 COLLATE utf8_general_ci NULL DEFAULT '' COMMENT '请求参数',
  `json_result` varchar(2000) CHARACTER SET utf8 COLLATE utf8_general_ci NULL DEFAULT '' COMMENT '返回参数',
  `status` int(0) NULL DEFAULT 0 COMMENT '操作状态（0正常 1异常）',
  `error_msg` varchar(2000) CHARACTER SET utf8 COLLATE utf8_general_ci NULL DEFAULT '' COMMENT '错误消息',
  `oper_time` datetime(0) NULL DEFAULT NULL COMMENT '操作时间',
  PRIMARY KEY (`oper_id`) USING BTREE
) ENGINE = InnoDB AUTO_INCREMENT = 209 CHARACTER SET = utf8 COLLATE = utf8_general_ci COMMENT = '操作日志记录' ROW_FORMAT = Dynamic;

-- ----------------------------
-- Records of sys_oper_log
-- ----------------------------
INSERT INTO `sys_oper_log` VALUES (100, '菜单管理', 1, 'com.ruoyi.web.controller.system.SysMenuController.add()', 'POST', 1, 'admin', NULL, '/system/menu', '127.0.0.1', '内网IP', '{\"children\":[],\"createBy\":\"admin\",\"icon\":\"cascader\",\"isCache\":\"0\",\"isFrame\":\"1\",\"menuName\":\"流程\",\"menuType\":\"M\",\"orderNum\":5,\"params\":{},\"parentId\":0,\"path\":\"flow\",\"status\":\"0\",\"visible\":\"0\"}', '{\"msg\":\"操作成功\",\"code\":200}', 0, NULL, '2022-06-22 14:54:04');
INSERT INTO `sys_oper_log` VALUES (101, '菜单管理', 1, 'com.ruoyi.web.controller.system.SysMenuController.add()', 'POST', 1, 'admin', NULL, '/system/menu', '127.0.0.1', '内网IP', '{\"children\":[],\"component\":\"flow/flowmainindex/index\",\"createBy\":\"admin\",\"icon\":\"color\",\"isCache\":\"0\",\"isFrame\":\"1\",\"menuName\":\"流程配置\",\"menuType\":\"C\",\"orderNum\":1,\"params\":{},\"parentId\":2000,\"path\":\"flowMain\",\"query\":\"flow:main:list\",\"status\":\"0\",\"visible\":\"0\"}', '{\"msg\":\"操作成功\",\"code\":200}', 0, NULL, '2022-06-22 14:56:13');
INSERT INTO `sys_oper_log` VALUES (102, '菜单管理', 2, 'com.ruoyi.web.controller.system.SysMenuController.edit()', 'PUT', 1, 'admin', NULL, '/system/menu', '127.0.0.1', '内网IP', '{\"children\":[],\"component\":\"flow/flowmainindex/index\",\"createTime\":\"2022-06-22 14:56:13\",\"icon\":\"color\",\"isCache\":\"0\",\"isFrame\":\"1\",\"menuId\":2001,\"menuName\":\"流程配置\",\"menuType\":\"C\",\"orderNum\":1,\"params\":{},\"parentId\":2000,\"path\":\"flowMain\",\"perms\":\"flow:main:list\",\"query\":\"\",\"status\":\"0\",\"updateBy\":\"admin\",\"visible\":\"0\"}', '{\"msg\":\"操作成功\",\"code\":200}', 0, NULL, '2022-06-22 14:56:56');
INSERT INTO `sys_oper_log` VALUES (103, '用户管理', 6, 'com.ruoyi.web.controller.system.SysUserController.importData()', 'POST', 1, 'admin', NULL, '/system/user/importData', '127.0.0.1', '内网IP', 'false', '{\"msg\":\"恭喜您，数据已全部导入成功！共 115 条，数据如下：<br/>1、账号 15252500078 导入成功<br/>2、账号 19825346521 导入成功<br/>3、账号 19825342981 导入成功<br/>4、账号 15050763680 导入成功<br/>5、账号 18305275378 导入成功<br/>6、账号 13852559919 导入成功<br/>7、账号 18752560009 导入成功<br/>8、账号 15050762077 导入成功<br/>9、账号 15050759232 导入成功<br/>10、账号 18796656106 导入成功<br/>11、账号 18796667097 导入成功<br/>12、账号 15358850799 导入成功<br/>13、账号 13773300409 导入成功<br/>14、账号 13665251083 导入成功<br/>15、账号 15062871687 导入成功<br/>16、账号 15161412924 导入成功<br/>17、账号 15252529109 导入成功<br/>18、账号 15895776616 导入成功<br/>19、账号 18752558378 导入成功<br/>20、账号 13852551615 导入成功<br/>21、账号 15949052458 导入成功<br/>22、账号 13665259956 导入成功<br/>23、账号 13655256349 导入成功<br/>24、账号 15052571260 导入成功<br/>25、账号 15262201950 导入成功<br/>26、账号 15052593535 导入成功<br/>27、账号 15050713605 导入成功<br/>28、账号 18252741890 导入成功<br/>29、账号 13813112367 导入成功<br/>30、账号 13348135199 导入成功<br/>31、账号 13505275532 导入成功<br/>32、账号 18752565180 导入成功<br/>33、账号 18451726668 导入成功<br/>34、账号 18796667768 导入成功<br/>35、账号 13852574584 导入成功<br/>36、账号 18752568970 导入成功<br/>37、账号 18796661016 导入成功<br/>38、账号 13952552332 导入成功<br/>39、账号 15005271278 导入成功<br/>40、账号 18852572288 导入成功<br/>41、账号 18796668373 导入成功<br/>42、账号 15952512083 导入成功<br/>43、账号 13952555333 导入成功<br/>44、账号 15952513336 导入成功<br/>45、账号 18796681068 导入成功<br/>46、账号 18862009968 导入成功<br/>47、账号 15396752792 导入成功<br/>48、账号 13805275074 导入成功<br/>49、账号 18852590030 导入成功<br/>50、账号 13852549640 导入成功<br/>51、账号 15189892263 导入成功<br/>52、账号 18752556299 导入成功<br/>53、账号 18796666508 导入成功<br/>54、账号 19850530870 导入成功<br/>55、账号 18361319188 导入成功<br/>56、账号 13921927370 导入成功<br/>57、账号 18260690220 导入成功<br/>58、账号 18005277558 导入成功<br/>59、账号 18796665099 导入成功<br/>60、账号 15862890752 导入成功<br/>61、账号 15345250755 导入成功<br/>62、账号 13852752761 导入成功<br/>63、账号 18805254266 导入成功<br/>64、账号 18352768997 导入成功<br/>65、账号 15952507981 导入成功<br/>66、账号 19850530857 导入成功<br/>67、账号 13770832568 导入成功<br/>68、账号 15862873431 导入成功<br/>69、账号 13773591261 导入成功<br/>70、账号 18900638339 导入成功<br/>71、账号 19825346516 导入成功<br/>72、账号 15161415325 导入成功<br/>73、账号 15062826678 导入成功<br', 0, NULL, '2022-06-23 14:52:15');
INSERT INTO `sys_oper_log` VALUES (104, '流程管理', 1, 'com.ruoyi.workflow.controller.FlowSetMainConroller.add()', 'POST', 1, 'admin', NULL, '/flowSet', '127.0.0.1', '内网IP', '{\"flowKey\":\"1\",\"flowName\":\"测试1\"}', '{\"msg\":\"操作成功\",\"code\":200}', 0, NULL, '2022-07-27 11:17:21');
INSERT INTO `sys_oper_log` VALUES (105, '流程管理', 1, 'com.ruoyi.workflow.controller.FlowSetMainConroller.add()', 'POST', 1, 'admin', NULL, '/flowSet', '127.0.0.1', '内网IP', '{\"edges\":[{\"conditionKey\":\"Y\",\"conditionType\":\"1\",\"id\":\"Flow_0rogjpc\",\"sourceNodeId\":\"Event_0i6f548\",\"targetNodeId\":\"Activity_0f52hcm\",\"type\":\"bpmn:sequenceFlow\"},{\"conditionKey\":\"Y\",\"conditionType\":\"1\",\"id\":\"Flow_3up812g\",\"sourceNodeId\":\"Activity_0f52hcm\",\"targetNodeId\":\"Event_2ra9tn9\",\"type\":\"bpmn:sequenceFlow\"}],\"flowKey\":\"333\",\"flowName\":\"额223\",\"nodes\":[{\"coordinateX\":200,\"coordinateY\":90,\"id\":\"Event_0i6f548\",\"type\":\"bpmn:startEvent\"},{\"autoPassType\":\"2\",\"coordinateX\":400,\"coordinateY\":90,\"delayTime\":2,\"delayTimeUnit\":\"2\",\"flowInType\":\"1\",\"id\":\"Activity_0f52hcm\",\"moduleName\":\"の2323\",\"type\":\"bpmn:serviceTask\"},{\"coordinateX\":600,\"coordinateY\":90,\"id\":\"Event_2ra9tn9\",\"type\":\"bpmn:endEvent\"}]}', NULL, 1, '\r\n### Error querying database.  Cause: java.sql.SQLSyntaxErrorException: Unknown column \'start_flag\' in \'field list\'\r\n### The error may exist in com/ruoyi/workflow/mapper/FlowSetModuleMapper.java (best guess)\r\n### The error may involve defaultParameterMap\r\n### The error occurred while setting parameters\r\n### SQL: SELECT  id,type,flow_set_main_id,module_name,module_code,start_flag,role_ids,user_ids,apply_type,apply_scale,ref_type,current_flag,edition,coordinate_x,coordinate_y,del_flag,create_by,create_time,update_by,update_time,next_dept_type,next_dept_ids,flow_in_type,flow_in_ids,auto_pass_type,delay_time,delay_time_unit  FROM flow_set_module     WHERE (flow_set_main_id = ?)\r\n### Cause: java.sql.SQLSyntaxErrorException: Unknown column \'start_flag\' in \'field list\'\n; bad SQL grammar []; nested exception is java.sql.SQLSyntaxErrorException: Unknown column \'start_flag\' in \'field list\'', '2022-07-27 11:22:16');
INSERT INTO `sys_oper_log` VALUES (106, '流程管理', 1, 'com.ruoyi.workflow.controller.FlowSetMainConroller.add()', 'POST', 1, 'admin', NULL, '/flowSet', '127.0.0.1', '内网IP', '{\"edges\":[{\"conditionKey\":\"Y\",\"conditionType\":\"1\",\"id\":\"Flow_0rogjpc\",\"sourceNodeId\":\"Event_0i6f548\",\"targetNodeId\":\"Activity_0f52hcm\",\"type\":\"bpmn:sequenceFlow\"},{\"conditionKey\":\"Y\",\"conditionType\":\"1\",\"id\":\"Flow_3up812g\",\"sourceNodeId\":\"Activity_0f52hcm\",\"targetNodeId\":\"Event_2ra9tn9\",\"type\":\"bpmn:sequenceFlow\"}],\"flowKey\":\"333\",\"flowName\":\"额223\",\"nodes\":[{\"coordinateX\":200,\"coordinateY\":90,\"id\":\"Event_0i6f548\",\"type\":\"bpmn:startEvent\"},{\"autoPassType\":\"2\",\"coordinateX\":400,\"coordinateY\":90,\"delayTime\":2,\"delayTimeUnit\":\"2\",\"flowInType\":\"1\",\"id\":\"Activity_0f52hcm\",\"moduleName\":\"の2323\",\"type\":\"bpmn:serviceTask\"},{\"coordinateX\":600,\"coordinateY\":90,\"id\":\"Event_2ra9tn9\",\"type\":\"bpmn:endEvent\"}]}', NULL, 1, 'nested exception is org.apache.ibatis.exceptions.TooManyResultsException: Expected one result (or null) to be returned by selectOne(), but found: 2', '2022-07-27 11:22:40');
INSERT INTO `sys_oper_log` VALUES (107, '流程管理', 1, 'com.ruoyi.workflow.controller.FlowSetMainConroller.add()', 'POST', 1, 'admin', NULL, '/flowSet', '127.0.0.1', '内网IP', '{\"edges\":[{\"conditionKey\":\"Y\",\"conditionType\":\"1\",\"id\":\"Flow_0rogjpc\",\"sourceNodeId\":\"Event_0i6f548\",\"targetNodeId\":\"Activity_0f52hcm\",\"type\":\"bpmn:sequenceFlow\"},{\"conditionKey\":\"Y\",\"conditionType\":\"1\",\"id\":\"Flow_3up812g\",\"sourceNodeId\":\"Activity_0f52hcm\",\"targetNodeId\":\"Event_2ra9tn9\",\"type\":\"bpmn:sequenceFlow\"}],\"flowKey\":\"333\",\"flowName\":\"额223\",\"nodes\":[{\"coordinateX\":200,\"coordinateY\":90,\"id\":\"Event_0i6f548\",\"type\":\"bpmn:startEvent\"},{\"autoPassType\":\"2\",\"coordinateX\":400,\"coordinateY\":90,\"delayTime\":2,\"delayTimeUnit\":\"2\",\"flowInType\":\"1\",\"id\":\"Activity_0f52hcm\",\"moduleName\":\"の2323\",\"type\":\"bpmn:serviceTask\"},{\"coordinateX\":600,\"coordinateY\":90,\"id\":\"Event_2ra9tn9\",\"type\":\"bpmn:endEvent\"}]}', NULL, 1, 'nested exception is org.apache.ibatis.exceptions.TooManyResultsException: Expected one result (or null) to be returned by selectOne(), but found: 3', '2022-07-27 11:22:48');
INSERT INTO `sys_oper_log` VALUES (108, '流程管理', 1, 'com.ruoyi.workflow.controller.FlowSetMainConroller.add()', 'POST', 1, 'admin', NULL, '/flowSet', '127.0.0.1', '内网IP', '{\"edges\":[{\"conditionKey\":\"Y\",\"conditionType\":\"1\",\"id\":\"Flow_0rogjpc\",\"sourceNodeId\":\"Event_0i6f548\",\"targetNodeId\":\"Activity_0f52hcm\",\"type\":\"bpmn:sequenceFlow\"},{\"conditionKey\":\"Y\",\"conditionType\":\"1\",\"id\":\"Flow_3up812g\",\"sourceNodeId\":\"Activity_0f52hcm\",\"targetNodeId\":\"Event_2ra9tn9\",\"type\":\"bpmn:sequenceFlow\"}],\"flowKey\":\"333\",\"flowName\":\"额223\",\"nodes\":[{\"coordinateX\":200,\"coordinateY\":90,\"id\":\"Event_0i6f548\",\"type\":\"bpmn:startEvent\"},{\"autoPassType\":\"2\",\"coordinateX\":400,\"coordinateY\":90,\"delayTime\":2,\"delayTimeUnit\":\"2\",\"flowInType\":\"1\",\"id\":\"Activity_0f52hcm\",\"moduleName\":\"の2323\",\"type\":\"bpmn:serviceTask\"},{\"coordinateX\":600,\"coordinateY\":90,\"id\":\"Event_2ra9tn9\",\"type\":\"bpmn:endEvent\"}]}', NULL, 1, '\r\n### Error querying database.  Cause: java.sql.SQLSyntaxErrorException: Unknown column \'start_flag\' in \'field list\'\r\n### The error may exist in com/ruoyi/workflow/mapper/FlowSetModuleMapper.java (best guess)\r\n### The error may involve defaultParameterMap\r\n### The error occurred while setting parameters\r\n### SQL: SELECT  id,type,flow_set_main_id,module_name,module_code,start_flag,role_ids,user_ids,apply_type,apply_scale,ref_type,current_flag,edition,coordinate_x,coordinate_y,del_flag,create_by,create_time,update_by,update_time,next_dept_type,next_dept_ids,flow_in_type,flow_in_ids,auto_pass_type,delay_time,delay_time_unit  FROM flow_set_module     WHERE (flow_set_main_id = ?)\r\n### Cause: java.sql.SQLSyntaxErrorException: Unknown column \'start_flag\' in \'field list\'\n; bad SQL grammar []; nested exception is java.sql.SQLSyntaxErrorException: Unknown column \'start_flag\' in \'field list\'', '2022-07-27 11:23:22');
INSERT INTO `sys_oper_log` VALUES (109, '流程管理', 1, 'com.ruoyi.workflow.controller.FlowSetMainConroller.add()', 'POST', 1, 'admin', NULL, '/flowSet', '127.0.0.1', '内网IP', '{\"edges\":[{\"conditionKey\":\"Y\",\"conditionType\":\"1\",\"id\":\"Flow_0rogjpc\",\"sourceNodeId\":\"Event_0i6f548\",\"targetNodeId\":\"Activity_0f52hcm\",\"type\":\"bpmn:sequenceFlow\"},{\"conditionKey\":\"Y\",\"conditionType\":\"1\",\"id\":\"Flow_3up812g\",\"sourceNodeId\":\"Activity_0f52hcm\",\"targetNodeId\":\"Event_2ra9tn9\",\"type\":\"bpmn:sequenceFlow\"}],\"flowKey\":\"333\",\"flowName\":\"额223\",\"nodes\":[{\"coordinateX\":200,\"coordinateY\":90,\"id\":\"Event_0i6f548\",\"type\":\"bpmn:startEvent\"},{\"autoPassType\":\"2\",\"coordinateX\":400,\"coordinateY\":90,\"delayTime\":2,\"delayTimeUnit\":\"2\",\"flowInType\":\"1\",\"id\":\"Activity_0f52hcm\",\"moduleName\":\"の2323\",\"type\":\"bpmn:serviceTask\"},{\"coordinateX\":600,\"coordinateY\":90,\"id\":\"Event_2ra9tn9\",\"type\":\"bpmn:endEvent\"}]}', NULL, 1, 'nested exception is org.apache.ibatis.exceptions.TooManyResultsException: Expected one result (or null) to be returned by selectOne(), but found: 2', '2022-07-27 11:25:12');
INSERT INTO `sys_oper_log` VALUES (110, '流程管理', 1, 'com.ruoyi.workflow.controller.FlowSetMainConroller.add()', 'POST', 1, 'admin', NULL, '/flowSet', '127.0.0.1', '内网IP', '{\"edges\":[{\"conditionKey\":\"Y\",\"conditionType\":\"1\",\"id\":\"Flow_0rogjpc\",\"sourceNodeId\":\"Event_0i6f548\",\"targetNodeId\":\"Activity_0f52hcm\",\"type\":\"bpmn:sequenceFlow\"},{\"conditionKey\":\"Y\",\"conditionType\":\"1\",\"id\":\"Flow_3up812g\",\"sourceNodeId\":\"Activity_0f52hcm\",\"targetNodeId\":\"Event_2ra9tn9\",\"type\":\"bpmn:sequenceFlow\"}],\"flowKey\":\"333\",\"flowName\":\"额223\",\"nodes\":[{\"coordinateX\":200,\"coordinateY\":90,\"id\":\"Event_0i6f548\",\"type\":\"bpmn:startEvent\"},{\"autoPassType\":\"2\",\"coordinateX\":400,\"coordinateY\":90,\"delayTime\":2,\"delayTimeUnit\":\"2\",\"flowInType\":\"1\",\"id\":\"Activity_0f52hcm\",\"moduleName\":\"の2323\",\"type\":\"bpmn:serviceTask\"},{\"coordinateX\":600,\"coordinateY\":90,\"id\":\"Event_2ra9tn9\",\"type\":\"bpmn:endEvent\"}]}', NULL, 1, '\r\n### Error querying database.  Cause: java.sql.SQLSyntaxErrorException: Unknown column \'flow_in_ids\' in \'field list\'\r\n### The error may exist in com/ruoyi/workflow/mapper/FlowSetModuleMapper.java (best guess)\r\n### The error may involve defaultParameterMap\r\n### The error occurred while setting parameters\r\n### SQL: SELECT  id,type,flow_set_main_id,module_name,module_code,role_ids,user_ids,apply_type,apply_scale,ref_type,current_flag,edition,coordinate_x,coordinate_y,del_flag,create_by,create_time,update_by,update_time,next_dept_type,next_dept_ids,flow_in_type,flow_in_ids,auto_pass_type,delay_time,delay_time_unit  FROM flow_set_module     WHERE (flow_set_main_id = ?)\r\n### Cause: java.sql.SQLSyntaxErrorException: Unknown column \'flow_in_ids\' in \'field list\'\n; bad SQL grammar []; nested exception is java.sql.SQLSyntaxErrorException: Unknown column \'flow_in_ids\' in \'field list\'', '2022-07-27 11:25:23');
INSERT INTO `sys_oper_log` VALUES (111, '流程管理', 1, 'com.ruoyi.workflow.controller.FlowSetMainConroller.add()', 'POST', 1, 'admin', NULL, '/flowSet', '127.0.0.1', '内网IP', '{\"edges\":[{\"conditionKey\":\"Y\",\"conditionType\":\"1\",\"id\":\"Flow_0rogjpc\",\"sourceNodeId\":\"Event_0i6f548\",\"targetNodeId\":\"Activity_0f52hcm\",\"type\":\"bpmn:sequenceFlow\"},{\"conditionKey\":\"Y\",\"conditionType\":\"1\",\"id\":\"Flow_3up812g\",\"sourceNodeId\":\"Activity_0f52hcm\",\"targetNodeId\":\"Event_2ra9tn9\",\"type\":\"bpmn:sequenceFlow\"}],\"flowKey\":\"333\",\"flowName\":\"额223\",\"nodes\":[{\"coordinateX\":200,\"coordinateY\":90,\"id\":\"Event_0i6f548\",\"type\":\"bpmn:startEvent\"},{\"autoPassType\":\"2\",\"coordinateX\":400,\"coordinateY\":90,\"delayTime\":2,\"delayTimeUnit\":\"2\",\"flowInType\":\"1\",\"id\":\"Activity_0f52hcm\",\"moduleName\":\"の2323\",\"type\":\"bpmn:serviceTask\"},{\"coordinateX\":600,\"coordinateY\":90,\"id\":\"Event_2ra9tn9\",\"type\":\"bpmn:endEvent\"}]}', '{\"msg\":\"操作成功\",\"code\":200}', 0, NULL, '2022-07-27 11:26:43');
INSERT INTO `sys_oper_log` VALUES (112, '流程管理', 2, 'com.ruoyi.workflow.controller.FlowSetMainConroller.edit()', 'PUT', 1, 'admin', NULL, '/flowSet', '127.0.0.1', '内网IP', '{\"edges\":[{\"conditionKey\":\"Y\",\"conditionType\":\"1\",\"id\":\"1552133378924204034\",\"remark\":\"322323\",\"sourceNodeId\":\"1552133378907426817\",\"targetNodeId\":\"1552133378907426818\",\"type\":\"bpmn:sequenceFlow\"},{\"conditionKey\":\"N\",\"conditionType\":\"1\",\"id\":\"Flow_12h1bbu\",\"remark\":\"你\",\"sourceNodeId\":\"1552133378907426818\",\"targetNodeId\":\"Activity_2l43qb3\",\"type\":\"bpmn:sequenceFlow\"},{\"conditionKey\":\"Y\",\"conditionType\":\"1\",\"id\":\"Flow_2ppl26j\",\"remark\":\"3233\",\"sourceNodeId\":\"1552133378907426818\",\"targetNodeId\":\"Activity_0dbcauq\",\"type\":\"bpmn:sequenceFlow\"},{\"conditionKey\":\"Y\",\"conditionType\":\"1\",\"id\":\"Flow_3jlcf8u\",\"sourceNodeId\":\"Activity_2l43qb3\",\"targetNodeId\":\"Activity_2jq8tc1\",\"type\":\"bpmn:sequenceFlow\"},{\"conditionKey\":\"Y\",\"conditionType\":\"1\",\"id\":\"Flow_384f58h\",\"sourceNodeId\":\"Activity_0dbcauq\",\"targetNodeId\":\"Activity_2jq8tc1\",\"type\":\"bpmn:sequenceFlow\"},{\"conditionKey\":\"Y\",\"conditionType\":\"1\",\"id\":\"Flow_2q6ffhf\",\"remark\":\"2323\",\"sourceNodeId\":\"Activity_2jq8tc1\",\"targetNodeId\":\"Activity_1r5leen\",\"type\":\"bpmn:sequenceFlow\"},{\"conditionKey\":\"Y\",\"conditionType\":\"1\",\"id\":\"Flow_3ohm9i5\",\"remark\":\"4332\",\"sourceNodeId\":\"Activity_1r5leen\",\"targetNodeId\":\"Event_1sr0rir\",\"type\":\"bpmn:sequenceFlow\"}],\"flowKey\":\"333\",\"flowName\":\"额223\",\"id\":1552133378265698305,\"nodes\":[{\"coordinateX\":200,\"coordinateY\":90,\"id\":\"1552133378907426817\",\"type\":\"bpmn:startEvent\"},{\"autoPassType\":\"2\",\"coordinateX\":310,\"coordinateY\":160,\"delayTime\":2,\"delayTimeUnit\":\"2\",\"flowInType\":\"1\",\"id\":\"1552133378907426818\",\"moduleName\":\"の2323\",\"type\":\"bpmn:serviceTask\"},{\"applyType\":\"2\",\"coordinateX\":540,\"coordinateY\":130,\"flowInType\":\"1\",\"id\":\"Activity_2l43qb3\",\"moduleName\":\"32323\",\"refType\":\"1\",\"type\":\"bpmn:userTask\",\"userIds\":\"101,102\"},{\"autoPassType\":\"2\",\"coordinateX\":460,\"coordinateY\":280,\"delayTime\":2,\"delayTimeUnit\":\"1\",\"flowInType\":\"1\",\"id\":\"Activity_0dbcauq\",\"moduleName\":\"322323\",\"type\":\"bpmn:serviceTask\"},{\"autoPassType\":\"1\",\"coordinateX\":630,\"coordinateY\":350,\"flowInType\":\"1\",\"id\":\"Activity_2jq8tc1\",\"moduleName\":', '{\"msg\":\"操作成功\",\"code\":200}', 0, NULL, '2022-07-28 11:25:49');
INSERT INTO `sys_oper_log` VALUES (113, '字典类型', 1, 'com.ruoyi.web.controller.system.SysDictTypeController.add()', 'POST', 1, 'admin', NULL, '/system/dict/type', '127.0.0.1', '内网IP', '{\"createBy\":\"admin\",\"dictName\":\"流程审批意见\",\"dictType\":\"flow_apply_res\",\"params\":{},\"status\":\"0\"}', '{\"msg\":\"操作成功\",\"code\":200}', 0, NULL, '2022-07-28 14:26:12');
INSERT INTO `sys_oper_log` VALUES (114, '字典数据', 1, 'com.ruoyi.web.controller.system.SysDictDataController.add()', 'POST', 1, 'admin', NULL, '/system/dict/data', '127.0.0.1', '内网IP', '{\"createBy\":\"admin\",\"dictLabel\":\"通过\",\"dictSort\":0,\"dictType\":\"flow_apply_res\",\"dictValue\":\"Y\",\"listClass\":\"default\",\"params\":{},\"status\":\"0\"}', '{\"msg\":\"操作成功\",\"code\":200}', 0, NULL, '2022-07-28 14:26:23');
INSERT INTO `sys_oper_log` VALUES (115, '字典数据', 1, 'com.ruoyi.web.controller.system.SysDictDataController.add()', 'POST', 1, 'admin', NULL, '/system/dict/data', '127.0.0.1', '内网IP', '{\"createBy\":\"admin\",\"dictLabel\":\"拒绝\",\"dictSort\":0,\"dictType\":\"flow_apply_res\",\"dictValue\":\"N\",\"listClass\":\"default\",\"params\":{},\"status\":\"0\"}', '{\"msg\":\"操作成功\",\"code\":200}', 0, NULL, '2022-07-28 14:26:33');
INSERT INTO `sys_oper_log` VALUES (116, '流程管理', 2, 'com.ruoyi.workflow.controller.FlowSetMainConroller.edit()', 'PUT', 1, 'admin', NULL, '/flowSet', '127.0.0.1', '内网IP', '{\"edges\":[{\"conditionKey\":\"Y\",\"conditionType\":\"1\",\"id\":\"1552495549084438530\",\"remark\":\"322323\",\"sourceNodeId\":\"1552495549055078402\",\"targetNodeId\":\"1552495549055078403\",\"type\":\"bpmn:sequenceFlow\"},{\"conditionKey\":\"N\",\"conditionType\":\"1\",\"id\":\"1552495549084438531\",\"remark\":\"你\",\"sourceNodeId\":\"1552495549055078403\",\"targetNodeId\":\"1552495549055078404\",\"type\":\"bpmn:sequenceFlow\"},{\"conditionKey\":\"Y\",\"conditionType\":\"1\",\"id\":\"1552495549084438532\",\"remark\":\"3233\",\"sourceNodeId\":\"1552495549055078403\",\"targetNodeId\":\"1552495549055078405\",\"type\":\"bpmn:sequenceFlow\"},{\"conditionKey\":\"Y\",\"conditionType\":\"1\",\"id\":\"1552495549084438533\",\"sourceNodeId\":\"1552495549055078404\",\"targetNodeId\":\"1552495549055078406\",\"type\":\"bpmn:sequenceFlow\"},{\"conditionKey\":\"Y\",\"conditionType\":\"1\",\"id\":\"1552495549084438534\",\"sourceNodeId\":\"1552495549055078405\",\"targetNodeId\":\"1552495549055078406\",\"type\":\"bpmn:sequenceFlow\"},{\"conditionKey\":\"Y\",\"conditionType\":\"1\",\"id\":\"1552495549084438535\",\"remark\":\"2323\",\"sourceNodeId\":\"1552495549055078406\",\"targetNodeId\":\"1552495549055078407\",\"type\":\"bpmn:sequenceFlow\"},{\"conditionKey\":\"Y\",\"conditionType\":\"1\",\"id\":\"1552495549084438536\",\"remark\":\"4332\",\"sourceNodeId\":\"1552495549055078407\",\"targetNodeId\":\"1552495549055078408\",\"type\":\"bpmn:sequenceFlow\"}],\"flowKey\":\"333\",\"flowName\":\"额223\",\"id\":1552133378265698305,\"nodes\":[{\"coordinateX\":200,\"coordinateY\":90,\"id\":\"1552495549055078402\",\"type\":\"bpmn:startEvent\"},{\"autoPassType\":\"1\",\"coordinateX\":310,\"coordinateY\":160,\"delayTime\":2,\"delayTimeUnit\":\"2\",\"flowInType\":\"1\",\"id\":\"1552495549055078403\",\"moduleName\":\"の2323\",\"type\":\"bpmn:serviceTask\"},{\"applyType\":\"2\",\"coordinateX\":540,\"coordinateY\":130,\"flowInType\":\"1\",\"id\":\"1552495549055078404\",\"moduleName\":\"32323\",\"refType\":\"1\",\"type\":\"bpmn:userTask\"},{\"autoPassType\":\"2\",\"coordinateX\":460,\"coordinateY\":280,\"delayTime\":2,\"delayTimeUnit\":\"1\",\"flowInType\":\"1\",\"id\":\"1552495549055078405\",\"moduleName\":\"322323\",\"type\":\"bpmn:serviceTask\"},{\"autoPassType\":\"1\",\"coordinateX\":630,\"coordinate', '{\"msg\":\"操作成功\",\"code\":200}', 0, NULL, '2022-07-28 15:29:37');
INSERT INTO `sys_oper_log` VALUES (117, '流程管理', 2, 'com.ruoyi.workflow.controller.FlowSetMainConroller.edit()', 'PUT', 1, 'admin', NULL, '/flowSet', '127.0.0.1', '内网IP', '{\"edges\":[{\"conditionKey\":\"Y\",\"conditionType\":\"1\",\"id\":\"1552556893477400577\",\"remark\":\"322323\",\"sourceNodeId\":\"1552556893448040449\",\"targetNodeId\":\"1552556893448040450\",\"type\":\"bpmn:sequenceFlow\"},{\"conditionKey\":\"N\",\"conditionType\":\"1\",\"id\":\"1552556893477400578\",\"remark\":\"你\",\"sourceNodeId\":\"1552556893448040450\",\"targetNodeId\":\"1552556893448040451\",\"type\":\"bpmn:sequenceFlow\"},{\"conditionKey\":\"Y\",\"conditionType\":\"1\",\"id\":\"1552556893477400580\",\"sourceNodeId\":\"1552556893448040451\",\"targetNodeId\":\"1552556893448040453\",\"type\":\"bpmn:sequenceFlow\"},{\"conditionKey\":\"Y\",\"conditionType\":\"1\",\"id\":\"1552556893477400582\",\"remark\":\"2323\",\"sourceNodeId\":\"1552556893448040453\",\"targetNodeId\":\"1552556893448040454\",\"type\":\"bpmn:sequenceFlow\"},{\"conditionKey\":\"Y\",\"conditionType\":\"1\",\"id\":\"1552556893477400583\",\"remark\":\"4332\",\"sourceNodeId\":\"1552556893448040454\",\"targetNodeId\":\"1552556893456429058\",\"type\":\"bpmn:sequenceFlow\"},{\"conditionKey\":\"Y\",\"conditionType\":\"1\",\"id\":\"Flow_2gq653j\",\"sourceNodeId\":\"1552556893448040450\",\"targetNodeId\":\"Activity_3ql5u80\",\"type\":\"bpmn:sequenceFlow\"},{\"conditionKey\":\"Y\",\"conditionType\":\"1\",\"id\":\"Flow_23s74tl\",\"sourceNodeId\":\"Activity_3ql5u80\",\"targetNodeId\":\"1552556893448040454\",\"type\":\"bpmn:sequenceFlow\"}],\"flowKey\":\"333\",\"flowName\":\"额223\",\"id\":1552133378265698305,\"nodes\":[{\"applyType\":\"1\",\"coordinateX\":120,\"coordinateY\":50,\"flowInType\":\"1\",\"id\":\"1552556893448040449\",\"type\":\"bpmn:startEvent\"},{\"applyType\":\"1\",\"autoPassType\":\"1\",\"coordinateX\":310,\"coordinateY\":160,\"delayTime\":2,\"delayTimeUnit\":\"2\",\"flowInType\":\"1\",\"id\":\"1552556893448040450\",\"moduleName\":\"の2323\",\"type\":\"bpmn:serviceTask\"},{\"applyType\":\"2\",\"coordinateX\":600,\"coordinateY\":90,\"flowInType\":\"1\",\"id\":\"1552556893448040451\",\"moduleName\":\"32323\",\"refType\":\"2\",\"roleIds\":\"2\",\"type\":\"bpmn:userTask\"},{\"applyType\":\"1\",\"autoPassType\":\"1\",\"coordinateX\":630,\"coordinateY\":350,\"flowInType\":\"1\",\"id\":\"1552556893448040453\",\"moduleName\":\"3323\",\"type\":\"bpmn:serviceTask\"},{\"applyType\":\"1\",\"coordinateX\":500,\"coordin', '{\"msg\":\"操作成功\",\"code\":200}', 0, NULL, '2022-07-28 15:32:14');
INSERT INTO `sys_oper_log` VALUES (118, '流程管理', 1, 'com.ruoyi.workflow.controller.FlowSetMainConroller.add()', 'POST', 1, 'admin', NULL, '/flowSet', '127.0.0.1', '内网IP', '{\"edges\":[{\"conditionKey\":\"Y\",\"conditionType\":\"1\",\"id\":\"Flow_3buthv1\",\"sourceNodeId\":\"Event_236ihg8\",\"targetNodeId\":\"Activity_05se2nq\",\"type\":\"bpmn:sequenceFlow\"},{\"conditionKey\":\"Y\",\"conditionType\":\"1\",\"id\":\"Flow_2bove7b\",\"sourceNodeId\":\"Activity_05se2nq\",\"targetNodeId\":\"Activity_0su9c9s\",\"type\":\"bpmn:sequenceFlow\"},{\"conditionKey\":\"Y\",\"conditionType\":\"1\",\"id\":\"Flow_167c1qm\",\"sourceNodeId\":\"Activity_0su9c9s\",\"targetNodeId\":\"Activity_0mlj7vi\",\"type\":\"bpmn:sequenceFlow\"},{\"conditionKey\":\"Y\",\"conditionType\":\"1\",\"id\":\"Flow_1vcqe66\",\"sourceNodeId\":\"Activity_0mlj7vi\",\"targetNodeId\":\"Event_0r1cfea\",\"type\":\"bpmn:sequenceFlow\"}],\"flowKey\":\"342323\",\"flowName\":\"测试1\",\"nodes\":[{\"coordinateX\":160,\"coordinateY\":80,\"id\":\"Event_236ihg8\",\"type\":\"bpmn:startEvent\"},{\"autoPassType\":\"2\",\"coordinateX\":360,\"coordinateY\":80,\"delayTime\":2,\"delayTimeUnit\":\"1\",\"flowInType\":\"1\",\"id\":\"Activity_05se2nq\",\"moduleName\":\"称谓是\",\"type\":\"bpmn:serviceTask\"},{\"autoPassType\":\"1\",\"coordinateX\":560,\"coordinateY\":80,\"flowInType\":\"1\",\"id\":\"Activity_0su9c9s\",\"moduleName\":\"封3233\",\"type\":\"bpmn:serviceTask\"},{\"autoPassType\":\"2\",\"coordinateX\":510,\"coordinateY\":290,\"delayTime\":5,\"delayTimeUnit\":\"1\",\"flowInType\":\"1\",\"id\":\"Activity_0mlj7vi\",\"moduleName\":\"2323\",\"type\":\"bpmn:serviceTask\"},{\"coordinateX\":710,\"coordinateY\":290,\"id\":\"Event_0r1cfea\",\"type\":\"bpmn:endEvent\"}]}', '{\"msg\":\"操作成功\",\"code\":200}', 0, NULL, '2022-07-28 16:48:34');
INSERT INTO `sys_oper_log` VALUES (119, '流程管理', 2, 'com.ruoyi.workflow.controller.FlowSetMainConroller.edit()', 'PUT', 1, 'admin', NULL, '/flowSet', '127.0.0.1', '内网IP', '{\"edges\":[{\"conditionKey\":\"Y\",\"conditionType\":\"1\",\"id\":\"1552557560094912520\",\"sourceNodeId\":\"1552557560094912513\",\"targetNodeId\":\"1552557560094912514\",\"type\":\"bpmn:sequenceFlow\"},{\"conditionKey\":\"Y\",\"conditionType\":\"1\",\"id\":\"1552557560094912521\",\"remark\":\"2323\",\"sourceNodeId\":\"1552557560094912514\",\"targetNodeId\":\"1552557560094912515\",\"type\":\"bpmn:sequenceFlow\"},{\"conditionKey\":\"Y\",\"conditionType\":\"1\",\"id\":\"1552557560094912522\",\"remark\":\"4332\",\"sourceNodeId\":\"1552557560094912515\",\"targetNodeId\":\"1552557560094912516\",\"type\":\"bpmn:sequenceFlow\"},{\"conditionKey\":\"Y\",\"conditionType\":\"1\",\"id\":\"1552557560094912524\",\"sourceNodeId\":\"1552557560094912517\",\"targetNodeId\":\"1552557560094912515\",\"type\":\"bpmn:sequenceFlow\"},{\"conditionKey\":\"Y\",\"conditionType\":\"1\",\"id\":\"Flow_3vpvtng\",\"sourceNodeId\":\"1552557560086523906\",\"targetNodeId\":\"Activity_2brdok0\",\"type\":\"bpmn:sequenceFlow\"},{\"conditionKey\":\"N\",\"conditionType\":\"1\",\"id\":\"Flow_2j9hf33\",\"remark\":\"拒绝\",\"sourceNodeId\":\"Activity_2brdok0\",\"targetNodeId\":\"1552557560094912513\",\"type\":\"bpmn:sequenceFlow\"},{\"conditionKey\":\"Y\",\"conditionType\":\"1\",\"id\":\"Flow_25pf61h\",\"remark\":\"同意\",\"sourceNodeId\":\"Activity_2brdok0\",\"targetNodeId\":\"1552557560094912517\",\"type\":\"bpmn:sequenceFlow\"}],\"flowKey\":\"333\",\"flowName\":\"额223\",\"id\":1552133378265698305,\"nodes\":[{\"applyType\":\"1\",\"coordinateX\":120,\"coordinateY\":50,\"flowInType\":\"1\",\"id\":\"1552557560086523906\",\"roleIds\":\"\",\"type\":\"bpmn:startEvent\"},{\"applyType\":\"2\",\"coordinateX\":600,\"coordinateY\":90,\"flowInType\":\"1\",\"id\":\"1552557560094912513\",\"moduleName\":\"32323\",\"refType\":\"2\",\"roleIds\":\"2\",\"type\":\"bpmn:userTask\"},{\"applyType\":\"1\",\"autoPassType\":\"1\",\"coordinateX\":630,\"coordinateY\":350,\"flowInType\":\"1\",\"id\":\"1552557560094912514\",\"moduleName\":\"3323\",\"roleIds\":\"\",\"type\":\"bpmn:serviceTask\"},{\"applyType\":\"1\",\"coordinateX\":500,\"coordinateY\":460,\"flowInType\":\"1\",\"id\":\"1552557560094912515\",\"moduleName\":\"34232323\",\"nextDeptType\":\"1\",\"refType\":\"3\",\"roleIds\":\"2\",\"type\":\"bpmn:userTask\"},{\"applyType\":\"1\",\"coordinateX\":700,\"', '{\"msg\":\"操作成功\",\"code\":200}', 0, NULL, '2022-07-29 10:40:11');
INSERT INTO `sys_oper_log` VALUES (120, '字典类型', 1, 'com.ruoyi.web.controller.system.SysDictTypeController.add()', 'POST', 1, 'admin', NULL, '/system/dict/type', '127.0.0.1', '内网IP', '{\"createBy\":\"admin\",\"dictName\":\"部门类型\",\"dictType\":\"dept_type\",\"params\":{},\"status\":\"0\"}', '{\"msg\":\"操作成功\",\"code\":200}', 0, NULL, '2022-07-29 16:01:37');
INSERT INTO `sys_oper_log` VALUES (121, '字典数据', 1, 'com.ruoyi.web.controller.system.SysDictDataController.add()', 'POST', 1, 'admin', NULL, '/system/dict/data', '127.0.0.1', '内网IP', '{\"createBy\":\"admin\",\"dictLabel\":\"总平台\",\"dictSort\":0,\"dictType\":\"dept_type\",\"dictValue\":\"main_platform\",\"listClass\":\"default\",\"params\":{},\"status\":\"0\"}', '{\"msg\":\"操作成功\",\"code\":200}', 0, NULL, '2022-07-29 16:02:35');
INSERT INTO `sys_oper_log` VALUES (122, '字典数据', 1, 'com.ruoyi.web.controller.system.SysDictDataController.add()', 'POST', 1, 'admin', NULL, '/system/dict/data', '127.0.0.1', '内网IP', '{\"createBy\":\"admin\",\"dictLabel\":\"分公司\",\"dictSort\":1,\"dictType\":\"dept_type\",\"dictValue\":\"sub_platform\",\"listClass\":\"default\",\"params\":{},\"status\":\"0\"}', '{\"msg\":\"操作成功\",\"code\":200}', 0, NULL, '2022-07-29 16:03:12');
INSERT INTO `sys_oper_log` VALUES (123, '部门管理', 2, 'com.ruoyi.web.controller.system.SysDeptController.edit()', 'PUT', 1, 'admin', NULL, '/system/dept', '127.0.0.1', '内网IP', '{\"ancestors\":\"0\",\"children\":[],\"createBy\":\"admin\",\"createTime\":\"2022-06-01 11:02:24\",\"delFlag\":\"0\",\"deptId\":100,\"deptName\":\"若依科技\",\"deptType\":\"main_platform\",\"email\":\"ry@qq.com\",\"fullPath\":\"100\",\"leader\":\"若依\",\"orderNum\":0,\"params\":{},\"parentId\":0,\"phone\":\"15888888888\",\"status\":\"0\",\"updateBy\":\"admin\"}', '{\"msg\":\"操作成功\",\"code\":200}', 0, NULL, '2022-07-29 16:04:21');
INSERT INTO `sys_oper_log` VALUES (124, '部门管理', 2, 'com.ruoyi.web.controller.system.SysDeptController.edit()', 'PUT', 1, 'admin', NULL, '/system/dept', '127.0.0.1', '内网IP', '{\"ancestors\":\"0,100\",\"children\":[],\"createBy\":\"admin\",\"createTime\":\"2022-06-01 11:02:24\",\"delFlag\":\"0\",\"deptId\":101,\"deptName\":\"深圳总公司\",\"deptType\":\"sub_platform\",\"email\":\"ry@qq.com\",\"fullPath\":\"100,101\",\"leader\":\"若依\",\"orderNum\":1,\"params\":{},\"parentId\":100,\"phone\":\"15888888888\",\"status\":\"0\",\"updateBy\":\"admin\"}', '{\"msg\":\"操作成功\",\"code\":200}', 0, NULL, '2022-07-29 16:04:24');
INSERT INTO `sys_oper_log` VALUES (125, '部门管理', 2, 'com.ruoyi.web.controller.system.SysDeptController.edit()', 'PUT', 1, 'admin', NULL, '/system/dept', '127.0.0.1', '内网IP', '{\"ancestors\":\"0,100\",\"children\":[],\"createBy\":\"admin\",\"createTime\":\"2022-06-01 11:02:24\",\"delFlag\":\"0\",\"deptId\":102,\"deptName\":\"长沙分公司\",\"deptType\":\"sub_platform\",\"email\":\"ry@qq.com\",\"fullPath\":\"100,102\",\"leader\":\"若依\",\"orderNum\":2,\"params\":{},\"parentId\":100,\"phone\":\"15888888888\",\"status\":\"0\",\"updateBy\":\"admin\"}', '{\"msg\":\"操作成功\",\"code\":200}', 0, NULL, '2022-07-29 16:04:28');
INSERT INTO `sys_oper_log` VALUES (126, '字典数据', 1, 'com.ruoyi.web.controller.system.SysDictDataController.add()', 'POST', 1, 'admin', NULL, '/system/dict/data', '127.0.0.1', '内网IP', '{\"createBy\":\"admin\",\"dictLabel\":\"普通部门\",\"dictSort\":2,\"dictType\":\"dept_type\",\"dictValue\":\"normal_dept\",\"listClass\":\"default\",\"params\":{},\"status\":\"0\"}', '{\"msg\":\"操作成功\",\"code\":200}', 0, NULL, '2022-07-29 16:05:12');
INSERT INTO `sys_oper_log` VALUES (127, '部门管理', 2, 'com.ruoyi.web.controller.system.SysDeptController.edit()', 'PUT', 1, 'admin', NULL, '/system/dept', '127.0.0.1', '内网IP', '{\"ancestors\":\"0,100,102,101\",\"children\":[],\"createBy\":\"admin\",\"createTime\":\"2022-06-01 11:02:24\",\"delFlag\":\"0\",\"deptId\":103,\"deptName\":\"研发部门\",\"deptType\":\"normal_dept\",\"email\":\"ry@qq.com\",\"fullPath\":\"100,101,103\",\"leader\":\"若依\",\"orderNum\":1,\"params\":{},\"parentId\":101,\"phone\":\"15888888888\",\"status\":\"0\",\"updateBy\":\"admin\"}', '{\"msg\":\"操作成功\",\"code\":200}', 0, NULL, '2022-07-29 16:05:29');
INSERT INTO `sys_oper_log` VALUES (128, '部门管理', 2, 'com.ruoyi.web.controller.system.SysDeptController.edit()', 'PUT', 1, 'admin', NULL, '/system/dept', '127.0.0.1', '内网IP', '{\"ancestors\":\"0,100,101,103,102,101\",\"children\":[],\"createBy\":\"admin\",\"createTime\":\"2022-06-01 11:02:24\",\"delFlag\":\"0\",\"deptId\":104,\"deptName\":\"市场部门\",\"deptType\":\"normal_dept\",\"email\":\"ry@qq.com\",\"fullPath\":\"100,101,104\",\"leader\":\"若依\",\"orderNum\":2,\"params\":{},\"parentId\":101,\"phone\":\"15888888888\",\"status\":\"0\",\"updateBy\":\"admin\"}', '{\"msg\":\"操作成功\",\"code\":200}', 0, NULL, '2022-07-29 16:05:34');
INSERT INTO `sys_oper_log` VALUES (129, '部门管理', 2, 'com.ruoyi.web.controller.system.SysDeptController.edit()', 'PUT', 1, 'admin', NULL, '/system/dept', '127.0.0.1', '内网IP', '{\"ancestors\":\"0,100,101,104,101,103,102,101\",\"children\":[],\"createBy\":\"admin\",\"createTime\":\"2022-06-01 11:02:24\",\"delFlag\":\"0\",\"deptId\":105,\"deptName\":\"测试部门\",\"deptType\":\"normal_dept\",\"email\":\"ry@qq.com\",\"fullPath\":\"100,101,105\",\"leader\":\"若依\",\"orderNum\":3,\"params\":{},\"parentId\":101,\"phone\":\"15888888888\",\"status\":\"0\",\"updateBy\":\"admin\"}', '{\"msg\":\"操作成功\",\"code\":200}', 0, NULL, '2022-07-29 16:05:37');
INSERT INTO `sys_oper_log` VALUES (130, '部门管理', 2, 'com.ruoyi.web.controller.system.SysDeptController.edit()', 'PUT', 1, 'admin', NULL, '/system/dept', '127.0.0.1', '内网IP', '{\"ancestors\":\"0,100,101,105,101,104,101,103,102,101\",\"children\":[],\"createBy\":\"admin\",\"createTime\":\"2022-06-01 11:02:24\",\"delFlag\":\"0\",\"deptId\":106,\"deptName\":\"财务部门\",\"deptType\":\"normal_dept\",\"email\":\"ry@qq.com\",\"fullPath\":\"100,101,106\",\"leader\":\"若依\",\"orderNum\":4,\"params\":{},\"parentId\":101,\"phone\":\"15888888888\",\"status\":\"0\",\"updateBy\":\"admin\"}', '{\"msg\":\"操作成功\",\"code\":200}', 0, NULL, '2022-07-29 16:05:40');
INSERT INTO `sys_oper_log` VALUES (131, '部门管理', 2, 'com.ruoyi.web.controller.system.SysDeptController.edit()', 'PUT', 1, 'admin', NULL, '/system/dept', '127.0.0.1', '内网IP', '{\"ancestors\":\"0,100,101,106,101,105,101,104,101,103,102,101\",\"children\":[],\"createBy\":\"admin\",\"createTime\":\"2022-06-01 11:02:24\",\"delFlag\":\"0\",\"deptId\":107,\"deptName\":\"运维部门\",\"deptType\":\"normal_dept\",\"email\":\"ry@qq.com\",\"fullPath\":\"100,101,107\",\"leader\":\"若依\",\"orderNum\":5,\"params\":{},\"parentId\":101,\"phone\":\"15888888888\",\"status\":\"0\",\"updateBy\":\"admin\"}', NULL, 1, '\r\n### Error updating database.  Cause: com.mysql.cj.jdbc.exceptions.MysqlDataTruncation: Data truncation: Data too long for column \'ancestors\' at row 8\r\n### The error may exist in file [D:\\work\\ck_flow_backgroud\\ruoyi-system\\target\\classes\\mapper\\system\\SysDeptMapper.xml]\r\n### The error may involve com.ruoyi.system.mapper.SysDeptMapper.updateDeptChildren-Inline\r\n### The error occurred while setting parameters\r\n### SQL: update sys_dept set ancestors = replace(ancestors, ?, ?),         full_path = replace(full_path, ?, ?)         where full_path like concat(?,\'%\')\r\n### Cause: com.mysql.cj.jdbc.exceptions.MysqlDataTruncation: Data truncation: Data too long for column \'ancestors\' at row 8\n; Data truncation: Data too long for column \'ancestors\' at row 8; nested exception is com.mysql.cj.jdbc.exceptions.MysqlDataTruncation: Data truncation: Data too long for column \'ancestors\' at row 8', '2022-07-29 16:05:44');
INSERT INTO `sys_oper_log` VALUES (132, '部门管理', 2, 'com.ruoyi.web.controller.system.SysDeptController.edit()', 'PUT', 1, 'admin', NULL, '/system/dept', '127.0.0.1', '内网IP', '{\"ancestors\":\"0,100,101,106,101,105,101,104,101,103,102\",\"children\":[],\"createBy\":\"admin\",\"createTime\":\"2022-06-01 11:02:24\",\"delFlag\":\"0\",\"deptId\":108,\"deptName\":\"市场部门\",\"deptType\":\"normal_dept\",\"email\":\"ry@qq.com\",\"fullPath\":\"100,102,108\",\"leader\":\"若依\",\"orderNum\":1,\"params\":{},\"parentId\":102,\"phone\":\"15888888888\",\"status\":\"0\",\"updateBy\":\"admin\"}', NULL, 1, '\r\n### Error updating database.  Cause: com.mysql.cj.jdbc.exceptions.MysqlDataTruncation: Data truncation: Data too long for column \'ancestors\' at row 8\r\n### The error may exist in file [D:\\work\\ck_flow_backgroud\\ruoyi-system\\target\\classes\\mapper\\system\\SysDeptMapper.xml]\r\n### The error may involve com.ruoyi.system.mapper.SysDeptMapper.updateDeptChildren-Inline\r\n### The error occurred while setting parameters\r\n### SQL: update sys_dept set ancestors = replace(ancestors, ?, ?),         full_path = replace(full_path, ?, ?)         where full_path like concat(?,\'%\')\r\n### Cause: com.mysql.cj.jdbc.exceptions.MysqlDataTruncation: Data truncation: Data too long for column \'ancestors\' at row 8\n; Data truncation: Data too long for column \'ancestors\' at row 8; nested exception is com.mysql.cj.jdbc.exceptions.MysqlDataTruncation: Data truncation: Data too long for column \'ancestors\' at row 8', '2022-07-29 16:05:54');
INSERT INTO `sys_oper_log` VALUES (133, '部门管理', 2, 'com.ruoyi.web.controller.system.SysDeptController.edit()', 'PUT', 1, 'admin', NULL, '/system/dept', '127.0.0.1', '内网IP', '{\"ancestors\":\"0,100,101,106,101,105,101,104,101,103,102\",\"children\":[],\"createBy\":\"admin\",\"createTime\":\"2022-06-01 11:02:24\",\"delFlag\":\"0\",\"deptId\":109,\"deptName\":\"财务部门\",\"deptType\":\"normal_dept\",\"email\":\"ry@qq.com\",\"fullPath\":\"100,102,109\",\"leader\":\"若依\",\"orderNum\":2,\"params\":{},\"parentId\":102,\"phone\":\"15888888888\",\"status\":\"0\",\"updateBy\":\"admin\"}', NULL, 1, '\r\n### Error updating database.  Cause: com.mysql.cj.jdbc.exceptions.MysqlDataTruncation: Data truncation: Data too long for column \'ancestors\' at row 8\r\n### The error may exist in file [D:\\work\\ck_flow_backgroud\\ruoyi-system\\target\\classes\\mapper\\system\\SysDeptMapper.xml]\r\n### The error may involve com.ruoyi.system.mapper.SysDeptMapper.updateDeptChildren-Inline\r\n### The error occurred while setting parameters\r\n### SQL: update sys_dept set ancestors = replace(ancestors, ?, ?),         full_path = replace(full_path, ?, ?)         where full_path like concat(?,\'%\')\r\n### Cause: com.mysql.cj.jdbc.exceptions.MysqlDataTruncation: Data truncation: Data too long for column \'ancestors\' at row 8\n; Data truncation: Data too long for column \'ancestors\' at row 8; nested exception is com.mysql.cj.jdbc.exceptions.MysqlDataTruncation: Data truncation: Data too long for column \'ancestors\' at row 8', '2022-07-29 16:06:11');
INSERT INTO `sys_oper_log` VALUES (134, '部门管理', 2, 'com.ruoyi.web.controller.system.SysDeptController.edit()', 'PUT', 1, 'admin', NULL, '/system/dept', '127.0.0.1', '内网IP', '{\"ancestors\":\"0,100,101,106,101,105,101,104,101,103,102\",\"children\":[],\"createBy\":\"admin\",\"createTime\":\"2022-06-01 11:02:24\",\"delFlag\":\"0\",\"deptId\":109,\"deptName\":\"财务部门\",\"deptType\":\"normal_dept\",\"email\":\"ry@qq.com\",\"fullPath\":\"100,102,109\",\"leader\":\"若依\",\"orderNum\":2,\"params\":{},\"parentId\":102,\"phone\":\"15888888888\",\"status\":\"0\",\"updateBy\":\"admin\"}', NULL, 1, '\r\n### Error updating database.  Cause: com.mysql.cj.jdbc.exceptions.MysqlDataTruncation: Data truncation: Data too long for column \'ancestors\' at row 8\r\n### The error may exist in file [D:\\work\\ck_flow_backgroud\\ruoyi-system\\target\\classes\\mapper\\system\\SysDeptMapper.xml]\r\n### The error may involve com.ruoyi.system.mapper.SysDeptMapper.updateDeptChildren-Inline\r\n### The error occurred while setting parameters\r\n### SQL: update sys_dept set ancestors = replace(ancestors, ?, ?),         full_path = replace(full_path, ?, ?)         where full_path like concat(?,\'%\')\r\n### Cause: com.mysql.cj.jdbc.exceptions.MysqlDataTruncation: Data truncation: Data too long for column \'ancestors\' at row 8\n; Data truncation: Data too long for column \'ancestors\' at row 8; nested exception is com.mysql.cj.jdbc.exceptions.MysqlDataTruncation: Data truncation: Data too long for column \'ancestors\' at row 8', '2022-07-29 16:07:05');
INSERT INTO `sys_oper_log` VALUES (135, '部门管理', 2, 'com.ruoyi.web.controller.system.SysDeptController.edit()', 'PUT', 1, 'admin', NULL, '/system/dept', '127.0.0.1', '内网IP', '{\"ancestors\":\"0,100\",\"children\":[],\"createBy\":\"admin\",\"createTime\":\"2022-06-01 11:02:24\",\"delFlag\":\"0\",\"deptId\":101,\"deptName\":\"深圳总公司\",\"deptType\":\"sub_platform\",\"email\":\"ry@qq.com\",\"fullPath\":\"100,101\",\"leader\":\"若依\",\"orderNum\":1,\"params\":{},\"parentId\":100,\"phone\":\"15888888888\",\"status\":\"0\",\"updateBy\":\"admin\"}', '{\"msg\":\"操作成功\",\"code\":200}', 0, NULL, '2022-07-29 16:07:12');
INSERT INTO `sys_oper_log` VALUES (136, '部门管理', 2, 'com.ruoyi.web.controller.system.SysDeptController.edit()', 'PUT', 1, 'admin', NULL, '/system/dept', '127.0.0.1', '内网IP', '{\"ancestors\":\"0,100\",\"children\":[],\"createBy\":\"admin\",\"createTime\":\"2022-06-01 11:02:24\",\"delFlag\":\"0\",\"deptId\":102,\"deptName\":\"长沙分公司\",\"deptType\":\"sub_platform\",\"email\":\"ry@qq.com\",\"fullPath\":\"100,102\",\"leader\":\"若依\",\"orderNum\":2,\"params\":{},\"parentId\":100,\"phone\":\"15888888888\",\"status\":\"0\",\"updateBy\":\"admin\"}', '{\"msg\":\"操作成功\",\"code\":200}', 0, NULL, '2022-07-29 16:07:30');
INSERT INTO `sys_oper_log` VALUES (137, '部门管理', 2, 'com.ruoyi.web.controller.system.SysDeptController.edit()', 'PUT', 1, 'admin', NULL, '/system/dept', '127.0.0.1', '内网IP', '{\"ancestors\":\"0,100,101\",\"children\":[],\"createBy\":\"admin\",\"createTime\":\"2022-06-01 11:02:24\",\"delFlag\":\"0\",\"deptId\":106,\"deptName\":\"财务部门\",\"deptType\":\"normal_dept\",\"email\":\"ry@qq.com\",\"fullPath\":\"100,101,106\",\"leader\":\"若依\",\"orderNum\":4,\"params\":{},\"parentId\":101,\"phone\":\"15888888888\",\"status\":\"0\",\"updateBy\":\"admin\"}', '{\"msg\":\"操作成功\",\"code\":200}', 0, NULL, '2022-07-29 16:07:50');
INSERT INTO `sys_oper_log` VALUES (138, '部门管理', 2, 'com.ruoyi.web.controller.system.SysDeptController.edit()', 'PUT', 1, 'admin', NULL, '/system/dept', '127.0.0.1', '内网IP', '{\"ancestors\":\"0,100,101\",\"children\":[],\"createBy\":\"admin\",\"createTime\":\"2022-06-01 11:02:24\",\"delFlag\":\"0\",\"deptId\":107,\"deptName\":\"运维部门\",\"deptType\":\"normal_dept\",\"email\":\"ry@qq.com\",\"fullPath\":\"100,101,107\",\"leader\":\"若依\",\"orderNum\":5,\"params\":{},\"parentId\":101,\"phone\":\"15888888888\",\"status\":\"0\",\"updateBy\":\"admin\"}', '{\"msg\":\"操作成功\",\"code\":200}', 0, NULL, '2022-07-29 16:07:55');
INSERT INTO `sys_oper_log` VALUES (139, '部门管理', 2, 'com.ruoyi.web.controller.system.SysDeptController.edit()', 'PUT', 1, 'admin', NULL, '/system/dept', '127.0.0.1', '内网IP', '{\"ancestors\":\"0,100,101,107,102\",\"children\":[],\"createBy\":\"admin\",\"createTime\":\"2022-06-01 11:02:24\",\"delFlag\":\"0\",\"deptId\":108,\"deptName\":\"市场部门\",\"deptType\":\"normal_dept\",\"email\":\"ry@qq.com\",\"fullPath\":\"null,108\",\"leader\":\"若依\",\"orderNum\":1,\"params\":{},\"parentId\":102,\"phone\":\"15888888888\",\"status\":\"0\",\"updateBy\":\"admin\"}', '{\"msg\":\"操作成功\",\"code\":200}', 0, NULL, '2022-07-29 16:07:58');
INSERT INTO `sys_oper_log` VALUES (140, '部门管理', 2, 'com.ruoyi.web.controller.system.SysDeptController.edit()', 'PUT', 1, 'admin', NULL, '/system/dept', '127.0.0.1', '内网IP', '{\"ancestors\":\"0,100,101,107,102\",\"children\":[],\"createBy\":\"admin\",\"createTime\":\"2022-06-01 11:02:24\",\"delFlag\":\"0\",\"deptId\":109,\"deptName\":\"财务部门\",\"deptType\":\"normal_dept\",\"email\":\"ry@qq.com\",\"fullPath\":\"null,109\",\"leader\":\"若依\",\"orderNum\":2,\"params\":{},\"parentId\":102,\"phone\":\"15888888888\",\"status\":\"0\",\"updateBy\":\"admin\"}', '{\"msg\":\"操作成功\",\"code\":200}', 0, NULL, '2022-07-29 16:08:00');
INSERT INTO `sys_oper_log` VALUES (141, '部门管理', 2, 'com.ruoyi.web.controller.system.SysDeptController.edit()', 'PUT', 1, 'admin', NULL, '/system/dept', '127.0.0.1', '内网IP', '{\"ancestors\":\"0,100,101,107,101\",\"children\":[],\"createBy\":\"admin\",\"createTime\":\"2022-06-01 11:02:24\",\"delFlag\":\"0\",\"deptId\":103,\"deptName\":\"研发部门\",\"deptType\":\"normal_dept\",\"email\":\"ry@qq.com\",\"fullPath\":\"null,103\",\"leader\":\"若依\",\"orderNum\":1,\"params\":{},\"parentId\":101,\"phone\":\"15888888888\",\"status\":\"0\",\"updateBy\":\"admin\"}', '{\"msg\":\"操作成功\",\"code\":200}', 0, NULL, '2022-07-29 16:08:12');
INSERT INTO `sys_oper_log` VALUES (142, '部门管理', 2, 'com.ruoyi.web.controller.system.SysDeptController.edit()', 'PUT', 1, 'admin', NULL, '/system/dept', '127.0.0.1', '内网IP', '{\"ancestors\":\"0,100,101,107,101\",\"children\":[],\"createBy\":\"admin\",\"createTime\":\"2022-06-01 11:02:24\",\"delFlag\":\"0\",\"deptId\":104,\"deptName\":\"市场部门\",\"deptType\":\"normal_dept\",\"email\":\"ry@qq.com\",\"fullPath\":\"null,104\",\"leader\":\"若依\",\"orderNum\":2,\"params\":{},\"parentId\":101,\"phone\":\"15888888888\",\"status\":\"0\",\"updateBy\":\"admin\"}', '{\"msg\":\"操作成功\",\"code\":200}', 0, NULL, '2022-07-29 16:08:13');
INSERT INTO `sys_oper_log` VALUES (143, '部门管理', 2, 'com.ruoyi.web.controller.system.SysDeptController.edit()', 'PUT', 1, 'admin', NULL, '/system/dept', '127.0.0.1', '内网IP', '{\"ancestors\":\"0,100,101,107,101\",\"children\":[],\"createBy\":\"admin\",\"createTime\":\"2022-06-01 11:02:24\",\"delFlag\":\"0\",\"deptId\":105,\"deptName\":\"测试部门\",\"deptType\":\"normal_dept\",\"email\":\"ry@qq.com\",\"fullPath\":\"null,105\",\"leader\":\"若依\",\"orderNum\":3,\"params\":{},\"parentId\":101,\"phone\":\"15888888888\",\"status\":\"0\",\"updateBy\":\"admin\"}', '{\"msg\":\"操作成功\",\"code\":200}', 0, NULL, '2022-07-29 16:08:15');
INSERT INTO `sys_oper_log` VALUES (144, '部门管理', 2, 'com.ruoyi.web.controller.system.SysDeptController.edit()', 'PUT', 1, 'admin', NULL, '/system/dept', '127.0.0.1', '内网IP', '{\"ancestors\":\"0,100,101,107,101\",\"children\":[],\"createBy\":\"admin\",\"createTime\":\"2022-06-01 11:02:24\",\"delFlag\":\"0\",\"deptId\":102,\"deptName\":\"长沙分公司\",\"deptType\":\"sub_platform\",\"email\":\"ry@qq.com\",\"fullPath\":\"null,102\",\"leader\":\"若依\",\"orderNum\":2,\"params\":{},\"parentId\":101,\"phone\":\"15888888888\",\"status\":\"0\",\"updateBy\":\"admin\"}', '{\"msg\":\"操作成功\",\"code\":200}', 0, NULL, '2022-07-29 16:08:24');
INSERT INTO `sys_oper_log` VALUES (145, '部门管理', 2, 'com.ruoyi.web.controller.system.SysDeptController.edit()', 'PUT', 1, 'admin', NULL, '/system/dept', '127.0.0.1', '内网IP', '{\"ancestors\":\"0,100\",\"children\":[],\"createBy\":\"admin\",\"createTime\":\"2022-06-01 11:02:24\",\"delFlag\":\"0\",\"deptId\":101,\"deptName\":\"深圳总公司\",\"deptType\":\"sub_platform\",\"email\":\"ry@qq.com\",\"fullPath\":\"100,101\",\"leader\":\"若依\",\"orderNum\":1,\"params\":{},\"parentId\":100,\"phone\":\"15888888888\",\"status\":\"0\",\"updateBy\":\"admin\"}', '{\"msg\":\"操作成功\",\"code\":200}', 0, NULL, '2022-07-29 16:08:47');
INSERT INTO `sys_oper_log` VALUES (146, '部门管理', 2, 'com.ruoyi.web.controller.system.SysDeptController.edit()', 'PUT', 1, 'admin', NULL, '/system/dept', '127.0.0.1', '内网IP', '{\"ancestors\":\"0,100,101\",\"children\":[],\"createBy\":\"admin\",\"createTime\":\"2022-06-01 11:02:24\",\"delFlag\":\"0\",\"deptId\":103,\"deptName\":\"研发部门\",\"deptType\":\"normal_dept\",\"email\":\"ry@qq.com\",\"fullPath\":\"100,101,103\",\"leader\":\"若依\",\"orderNum\":1,\"params\":{},\"parentId\":101,\"phone\":\"15888888888\",\"status\":\"0\",\"updateBy\":\"admin\"}', '{\"msg\":\"操作成功\",\"code\":200}', 0, NULL, '2022-07-29 16:08:54');
INSERT INTO `sys_oper_log` VALUES (147, '部门管理', 2, 'com.ruoyi.web.controller.system.SysDeptController.edit()', 'PUT', 1, 'admin', NULL, '/system/dept', '127.0.0.1', '内网IP', '{\"ancestors\":\"0,100,101\",\"children\":[],\"createBy\":\"admin\",\"createTime\":\"2022-06-01 11:02:24\",\"delFlag\":\"0\",\"deptId\":102,\"deptName\":\"长沙分公司\",\"deptType\":\"sub_platform\",\"email\":\"ry@qq.com\",\"fullPath\":\"100,101,102\",\"leader\":\"若依\",\"orderNum\":2,\"params\":{},\"parentId\":101,\"phone\":\"15888888888\",\"status\":\"0\",\"updateBy\":\"admin\"}', '{\"msg\":\"操作成功\",\"code\":200}', 0, NULL, '2022-07-29 16:08:56');
INSERT INTO `sys_oper_log` VALUES (148, '部门管理', 2, 'com.ruoyi.web.controller.system.SysDeptController.edit()', 'PUT', 1, 'admin', NULL, '/system/dept', '127.0.0.1', '内网IP', '{\"ancestors\":\"0,100,101\",\"children\":[],\"createBy\":\"admin\",\"createTime\":\"2022-06-01 11:02:24\",\"delFlag\":\"0\",\"deptId\":104,\"deptName\":\"市场部门\",\"deptType\":\"normal_dept\",\"email\":\"ry@qq.com\",\"fullPath\":\"100,101,104\",\"leader\":\"若依\",\"orderNum\":2,\"params\":{},\"parentId\":101,\"phone\":\"15888888888\",\"status\":\"0\",\"updateBy\":\"admin\"}', '{\"msg\":\"操作成功\",\"code\":200}', 0, NULL, '2022-07-29 16:08:58');
INSERT INTO `sys_oper_log` VALUES (149, '部门管理', 2, 'com.ruoyi.web.controller.system.SysDeptController.edit()', 'PUT', 1, 'admin', NULL, '/system/dept', '127.0.0.1', '内网IP', '{\"ancestors\":\"0,100,101\",\"children\":[],\"createBy\":\"admin\",\"createTime\":\"2022-06-01 11:02:24\",\"delFlag\":\"0\",\"deptId\":105,\"deptName\":\"测试部门\",\"deptType\":\"normal_dept\",\"email\":\"ry@qq.com\",\"fullPath\":\"100,101,105\",\"leader\":\"若依\",\"orderNum\":3,\"params\":{},\"parentId\":101,\"phone\":\"15888888888\",\"status\":\"0\",\"updateBy\":\"admin\"}', '{\"msg\":\"操作成功\",\"code\":200}', 0, NULL, '2022-07-29 16:09:00');
INSERT INTO `sys_oper_log` VALUES (150, '部门管理', 2, 'com.ruoyi.web.controller.system.SysDeptController.edit()', 'PUT', 1, 'admin', NULL, '/system/dept', '127.0.0.1', '内网IP', '{\"ancestors\":\"0,100,101\",\"children\":[],\"createBy\":\"admin\",\"createTime\":\"2022-06-01 11:02:24\",\"delFlag\":\"0\",\"deptId\":106,\"deptName\":\"财务部门\",\"deptType\":\"normal_dept\",\"email\":\"ry@qq.com\",\"fullPath\":\"100,101,106\",\"leader\":\"若依\",\"orderNum\":4,\"params\":{},\"parentId\":101,\"phone\":\"15888888888\",\"status\":\"0\",\"updateBy\":\"admin\"}', '{\"msg\":\"操作成功\",\"code\":200}', 0, NULL, '2022-07-29 16:09:01');
INSERT INTO `sys_oper_log` VALUES (151, '部门管理', 2, 'com.ruoyi.web.controller.system.SysDeptController.edit()', 'PUT', 1, 'admin', NULL, '/system/dept', '127.0.0.1', '内网IP', '{\"ancestors\":\"0,100,101\",\"children\":[],\"createBy\":\"admin\",\"createTime\":\"2022-06-01 11:02:24\",\"delFlag\":\"0\",\"deptId\":107,\"deptName\":\"运维部门\",\"deptType\":\"normal_dept\",\"email\":\"ry@qq.com\",\"fullPath\":\"100,101,107\",\"leader\":\"若依\",\"orderNum\":5,\"params\":{},\"parentId\":101,\"phone\":\"15888888888\",\"status\":\"0\",\"updateBy\":\"admin\"}', '{\"msg\":\"操作成功\",\"code\":200}', 0, NULL, '2022-07-29 16:09:03');
INSERT INTO `sys_oper_log` VALUES (152, '部门管理', 2, 'com.ruoyi.web.controller.system.SysDeptController.edit()', 'PUT', 1, 'admin', NULL, '/system/dept', '127.0.0.1', '内网IP', '{\"ancestors\":\"0,100,101,102\",\"children\":[],\"createBy\":\"admin\",\"createTime\":\"2022-06-01 11:02:24\",\"delFlag\":\"0\",\"deptId\":108,\"deptName\":\"市场部门\",\"deptType\":\"normal_dept\",\"email\":\"ry@qq.com\",\"fullPath\":\"100,101,102,108\",\"leader\":\"若依\",\"orderNum\":1,\"params\":{},\"parentId\":102,\"phone\":\"15888888888\",\"status\":\"0\",\"updateBy\":\"admin\"}', '{\"msg\":\"操作成功\",\"code\":200}', 0, NULL, '2022-07-29 16:09:09');
INSERT INTO `sys_oper_log` VALUES (153, '部门管理', 2, 'com.ruoyi.web.controller.system.SysDeptController.edit()', 'PUT', 1, 'admin', NULL, '/system/dept', '127.0.0.1', '内网IP', '{\"ancestors\":\"0,100,101,102\",\"children\":[],\"createBy\":\"admin\",\"createTime\":\"2022-06-01 11:02:24\",\"delFlag\":\"0\",\"deptId\":109,\"deptName\":\"财务部门\",\"deptType\":\"normal_dept\",\"email\":\"ry@qq.com\",\"fullPath\":\"100,101,102,109\",\"leader\":\"若依\",\"orderNum\":2,\"params\":{},\"parentId\":102,\"phone\":\"15888888888\",\"status\":\"0\",\"updateBy\":\"admin\"}', '{\"msg\":\"操作成功\",\"code\":200}', 0, NULL, '2022-07-29 16:09:11');
INSERT INTO `sys_oper_log` VALUES (154, '部门管理', 2, 'com.ruoyi.web.controller.system.SysDeptController.edit()', 'PUT', 1, 'admin', NULL, '/system/dept', '127.0.0.1', '内网IP', '{\"ancestors\":\"0,100\",\"children\":[],\"createBy\":\"admin\",\"createTime\":\"2022-06-01 11:02:24\",\"delFlag\":\"0\",\"deptId\":102,\"deptName\":\"长沙分公司\",\"deptType\":\"sub_platform\",\"email\":\"ry@qq.com\",\"fullPath\":\"100,102\",\"leader\":\"若依\",\"orderNum\":2,\"params\":{},\"parentId\":100,\"phone\":\"15888888888\",\"status\":\"0\",\"updateBy\":\"admin\"}', '{\"msg\":\"操作成功\",\"code\":200}', 0, NULL, '2022-07-29 16:09:27');
INSERT INTO `sys_oper_log` VALUES (155, '代码生成', 6, 'com.ruoyi.generator.controller.GenController.importTableSave()', 'POST', 1, 'admin', NULL, '/tool/gen/importTable', '127.0.0.1', '内网IP', 'form_item', '{\"msg\":\"操作成功\",\"code\":200}', 0, NULL, '2022-08-02 11:12:31');
INSERT INTO `sys_oper_log` VALUES (156, '代码生成', 2, 'com.ruoyi.generator.controller.GenController.synchDb()', 'GET', 1, 'admin', NULL, '/tool/gen/synchDb/form_item', '127.0.0.1', '内网IP', '{tableName=form_item}', '{\"msg\":\"操作成功\",\"code\":200}', 0, NULL, '2022-08-02 11:12:52');
INSERT INTO `sys_oper_log` VALUES (157, '代码生成', 6, 'com.ruoyi.generator.controller.GenController.importTableSave()', 'POST', 1, 'admin', NULL, '/tool/gen/importTable', '127.0.0.1', '内网IP', 'form_main', '{\"msg\":\"操作成功\",\"code\":200}', 0, NULL, '2022-08-02 11:14:34');
INSERT INTO `sys_oper_log` VALUES (158, '流程管理', 1, 'com.ruoyi.workflow.controller.FormMainConroller.add()', 'POST', 1, 'admin', NULL, '/formMain', '127.0.0.1', '内网IP', '{}', NULL, 1, '', '2022-08-02 14:37:49');
INSERT INTO `sys_oper_log` VALUES (159, '流程管理', 1, 'com.ruoyi.workflow.controller.FormMainConroller.add()', 'POST', 1, 'admin', NULL, '/formMain', '127.0.0.1', '内网IP', '{}', NULL, 1, '', '2022-08-02 14:37:49');
INSERT INTO `sys_oper_log` VALUES (160, '流程管理', 1, 'com.ruoyi.workflow.controller.FormMainConroller.add()', 'POST', 1, 'admin', NULL, '/formMain', '127.0.0.1', '内网IP', '{}', NULL, 1, '', '2022-08-02 14:38:48');
INSERT INTO `sys_oper_log` VALUES (161, '流程管理', 1, 'com.ruoyi.workflow.controller.FormMainConroller.add()', 'POST', 1, 'admin', NULL, '/formMain', '127.0.0.1', '内网IP', '{}', NULL, 1, '', '2022-08-02 14:39:13');
INSERT INTO `sys_oper_log` VALUES (162, '流程管理', 1, 'com.ruoyi.workflow.controller.FormMainConroller.add()', 'POST', 1, 'admin', NULL, '/formMain', '127.0.0.1', '内网IP', '{}', NULL, 1, '', '2022-08-02 14:39:24');
INSERT INTO `sys_oper_log` VALUES (163, '流程管理', 1, 'com.ruoyi.workflow.controller.FormMainConroller.add()', 'POST', 1, 'admin', NULL, '/formMain', '127.0.0.1', '内网IP', '{}', NULL, 1, '', '2022-08-02 14:39:40');
INSERT INTO `sys_oper_log` VALUES (164, '流程管理', 1, 'com.ruoyi.workflow.controller.FormMainConroller.add()', 'POST', 1, 'admin', NULL, '/formMain', '127.0.0.1', '内网IP', '{}', NULL, 1, '', '2022-08-02 14:40:00');
INSERT INTO `sys_oper_log` VALUES (165, '流程管理', 1, 'com.ruoyi.workflow.controller.FormMainConroller.add()', 'POST', 1, 'admin', NULL, '/formMain', '127.0.0.1', '内网IP', '{\"createBy\":\"admin\",\"createTime\":\"2022-08-02T14:41:43.356+08:00\",\"delFlag\":\"0\",\"disableFlag\":\"N\",\"formCode\":\"formData\",\"formDesc\":\"\",\"formName\":\"elForm\",\"formSize\":\"medium\",\"gridSize\":15,\"items\":[{\"children\":[{\"children\":[],\"configJson\":\"{\\\"label\\\":\\\"多行文本\\\",\\\"tag\\\":\\\"el-input\\\",\\\"tagIcon\\\":\\\"textarea\\\",\\\"type\\\":\\\"textarea\\\",\\\"placeholder\\\":\\\"请输入多行文本\\\",\\\"span\\\":24,\\\"labelWidth\\\":null,\\\"autosize\\\":{\\\"minRows\\\":4,\\\"maxRows\\\":4},\\\"style\\\":{\\\"width\\\":\\\"100%\\\"},\\\"maxlength\\\":null,\\\"show-word-limit\\\":false,\\\"readonly\\\":false,\\\"disabled\\\":false,\\\"required\\\":true,\\\"regList\\\":[],\\\"changeTag\\\":true,\\\"document\\\":\\\"https://element.eleme.cn/#/zh-CN/component/input\\\",\\\"formId\\\":105,\\\"renderKey\\\":1659422133325,\\\"layout\\\":\\\"colFormItem\\\",\\\"vModel\\\":\\\"field105\\\"}\",\"itemName\":\"field105\",\"itemSort\":0,\"itemType\":\"textarea\"}],\"configJson\":\"{\\\"layout\\\":\\\"rowFormItem\\\",\\\"tagIcon\\\":\\\"row\\\",\\\"type\\\":\\\"default\\\",\\\"justify\\\":\\\"start\\\",\\\"align\\\":\\\"top\\\",\\\"layoutTree\\\":true,\\\"children\\\":[{\\\"label\\\":\\\"多行文本\\\",\\\"tag\\\":\\\"el-input\\\",\\\"tagIcon\\\":\\\"textarea\\\",\\\"type\\\":\\\"textarea\\\",\\\"placeholder\\\":\\\"请输入多行文本\\\",\\\"span\\\":24,\\\"labelWidth\\\":null,\\\"autosize\\\":{\\\"minRows\\\":4,\\\"maxRows\\\":4},\\\"style\\\":{\\\"width\\\":\\\"100%\\\"},\\\"maxlength\\\":null,\\\"show-word-limit\\\":false,\\\"readonly\\\":false,\\\"disabled\\\":false,\\\"required\\\":true,\\\"regList\\\":[],\\\"changeTag\\\":true,\\\"document\\\":\\\"https://element.eleme.cn/#/zh-CN/component/input\\\",\\\"formId\\\":105,\\\"renderKey\\\":1659422133325,\\\"layout\\\":\\\"colFormItem\\\",\\\"vModel\\\":\\\"field105\\\"}],\\\"document\\\":\\\"https://element.eleme.cn/#/zh-CN/component/layout\\\",\\\"formId\\\":101,\\\"span\\\":12,\\\"renderKey\\\":1659422126913,\\\"componentName\\\":\\\"row101\\\",\\\"gutter\\\":15}\",\"itemSort\":0,\"itemType\":\"row\"},{\"children\":[{\"children\":[],\"configJson\":\"{\\\"label\\\":\\\"计数器\\\",\\\"tag\\\":\\\"el-input-number\\\",\\\"tagIcon\\\":\\\"number\\\",\\\"placeholder\\\":\\\"计数器\\\",\\\"span\\\":12,\\\"labelWidth\\\":null,\\\"step-strictly\\\":false,\\\"controls-position\\\":\\\"\\\",\\\"disabled\\\":false,\\\"required\\\":true,\\\"regList\\\":[],\\\"changeTag\\\":true,\\\"document\\\":\\\"https', NULL, 1, '\r\n### Error updating database.  Cause: java.sql.SQLIntegrityConstraintViolationException: Duplicate entry \'formData\' for key \'form_main.form_code\'\r\n### The error may exist in com/ruoyi/workflow/mapper/FormMainMapper.java (best guess)\r\n### The error may involve com.ruoyi.workflow.mapper.FormMainMapper.insert-Inline\r\n### The error occurred while setting parameters\r\n### SQL: INSERT INTO form_main  ( id, form_name, form_code, form_desc,  form_size, label_width, grid_size, disable_flag,   del_flag, create_by, create_time )  VALUES  ( ?, ?, ?, ?,  ?, ?, ?, ?,   ?, ?, ? )\r\n### Cause: java.sql.SQLIntegrityConstraintViolationException: Duplicate entry \'formData\' for key \'form_main.form_code\'\n; Duplicate entry \'formData\' for key \'form_main.form_code\'; nested exception is java.sql.SQLIntegrityConstraintViolationException: Duplicate entry \'formData\' for key \'form_main.form_code\'', '2022-08-02 14:41:30');
INSERT INTO `sys_oper_log` VALUES (166, '流程管理', 1, 'com.ruoyi.workflow.controller.FormMainConroller.add()', 'POST', 1, 'admin', NULL, '/formMain', '127.0.0.1', '内网IP', '{\"createBy\":\"admin\",\"createTime\":\"2022-08-02T14:45:39.321+08:00\",\"delFlag\":\"0\",\"disableFlag\":\"N\",\"formCode\":\"formData\",\"formDesc\":\"\",\"formName\":\"elForm\",\"formSize\":\"medium\",\"gridSize\":15,\"items\":[{\"children\":[{\"children\":[],\"configJson\":\"{\\\"label\\\":\\\"多行文本\\\",\\\"tag\\\":\\\"el-input\\\",\\\"tagIcon\\\":\\\"textarea\\\",\\\"type\\\":\\\"textarea\\\",\\\"placeholder\\\":\\\"请输入多行文本\\\",\\\"span\\\":24,\\\"labelWidth\\\":null,\\\"autosize\\\":{\\\"minRows\\\":4,\\\"maxRows\\\":4},\\\"style\\\":{\\\"width\\\":\\\"100%\\\"},\\\"maxlength\\\":null,\\\"show-word-limit\\\":false,\\\"readonly\\\":false,\\\"disabled\\\":false,\\\"required\\\":true,\\\"regList\\\":[],\\\"changeTag\\\":true,\\\"document\\\":\\\"https://element.eleme.cn/#/zh-CN/component/input\\\",\\\"formId\\\":105,\\\"renderKey\\\":1659422133325,\\\"layout\\\":\\\"colFormItem\\\",\\\"vModel\\\":\\\"field105\\\"}\",\"formId\":1554357743777755138,\"id\":1554357749624614914,\"itemName\":\"field105\",\"itemSort\":0,\"itemType\":\"textarea\",\"pid\":1554357745010880513}],\"configJson\":\"{\\\"layout\\\":\\\"rowFormItem\\\",\\\"tagIcon\\\":\\\"row\\\",\\\"type\\\":\\\"default\\\",\\\"justify\\\":\\\"start\\\",\\\"align\\\":\\\"top\\\",\\\"layoutTree\\\":true,\\\"children\\\":[{\\\"label\\\":\\\"多行文本\\\",\\\"tag\\\":\\\"el-input\\\",\\\"tagIcon\\\":\\\"textarea\\\",\\\"type\\\":\\\"textarea\\\",\\\"placeholder\\\":\\\"请输入多行文本\\\",\\\"span\\\":24,\\\"labelWidth\\\":null,\\\"autosize\\\":{\\\"minRows\\\":4,\\\"maxRows\\\":4},\\\"style\\\":{\\\"width\\\":\\\"100%\\\"},\\\"maxlength\\\":null,\\\"show-word-limit\\\":false,\\\"readonly\\\":false,\\\"disabled\\\":false,\\\"required\\\":true,\\\"regList\\\":[],\\\"changeTag\\\":true,\\\"document\\\":\\\"https://element.eleme.cn/#/zh-CN/component/input\\\",\\\"formId\\\":105,\\\"renderKey\\\":1659422133325,\\\"layout\\\":\\\"colFormItem\\\",\\\"vModel\\\":\\\"field105\\\"}],\\\"document\\\":\\\"https://element.eleme.cn/#/zh-CN/component/layout\\\",\\\"formId\\\":101,\\\"span\\\":12,\\\"renderKey\\\":1659422126913,\\\"componentName\\\":\\\"row101\\\",\\\"gutter\\\":15}\",\"formId\":1554357743777755138,\"id\":1554357745010880513,\"itemSort\":0,\"itemType\":\"row\"},{\"children\":[{\"children\":[],\"configJson\":\"{\\\"label\\\":\\\"计数器\\\",\\\"tag\\\":\\\"el-input-number\\\",\\\"tagIcon\\\":\\\"number\\\",\\\"placeholder\\\":\\\"计数器\\\",\\\"span\\\":12,\\\"labelWidth\\\":null,\\\"step-s', '{\"msg\":\"操作成功\",\"code\":200}', 0, NULL, '2022-08-02 14:45:36');
INSERT INTO `sys_oper_log` VALUES (167, '菜单管理', 1, 'com.ruoyi.web.controller.system.SysMenuController.add()', 'POST', 1, 'admin', NULL, '/system/menu', '127.0.0.1', '内网IP', '{\"children\":[],\"component\":\"tool/build/test\",\"createBy\":\"admin\",\"icon\":\"404\",\"isCache\":\"0\",\"isFrame\":\"1\",\"menuName\":\"测试\",\"menuType\":\"C\",\"orderNum\":1,\"params\":{},\"parentId\":2000,\"path\":\"cesi\",\"status\":\"0\",\"visible\":\"0\"}', '{\"msg\":\"操作成功\",\"code\":200}', 0, NULL, '2022-08-02 15:03:11');
INSERT INTO `sys_oper_log` VALUES (168, '流程管理', 1, 'com.ruoyi.workflow.controller.FormMainConroller.add()', 'POST', 1, 'admin', NULL, '/formMain', '127.0.0.1', '内网IP', '{\"createBy\":\"admin\",\"createTime\":\"2022-08-02T15:16:52.14+08:00\",\"delFlag\":\"0\",\"disableFlag\":\"N\",\"formCode\":\"formData\",\"formDesc\":\"\",\"formName\":\"elForm\",\"formSize\":\"medium\",\"gridSize\":15,\"items\":[{\"children\":[],\"configJson\":\"{\\\"layout\\\":\\\"colFormItem\\\",\\\"tagIcon\\\":\\\"input\\\",\\\"label\\\":\\\"手机号\\\",\\\"vModel\\\":\\\"mobile\\\",\\\"formId\\\":6,\\\"tag\\\":\\\"el-input\\\",\\\"placeholder\\\":\\\"请输入手机号\\\",\\\"defaultValue\\\":\\\"\\\",\\\"span\\\":24,\\\"style\\\":{\\\"width\\\":\\\"100%\\\"},\\\"clearable\\\":true,\\\"prepend\\\":\\\"\\\",\\\"append\\\":\\\"\\\",\\\"prefix-icon\\\":\\\"el-icon-mobile\\\",\\\"suffix-icon\\\":\\\"\\\",\\\"maxlength\\\":11,\\\"show-word-limit\\\":true,\\\"readonly\\\":false,\\\"disabled\\\":false,\\\"required\\\":true,\\\"changeTag\\\":true,\\\"regList\\\":[{\\\"pattern\\\":\\\"/^1(3|4|5|7|8|9)\\\\\\\\d{9}$/\\\",\\\"message\\\":\\\"手机号格式错误\\\"}]}\",\"itemName\":\"mobile\",\"itemSort\":0,\"itemType\":\"input\"},{\"children\":[],\"configJson\":\"{\\\"label\\\":\\\"计数器\\\",\\\"tag\\\":\\\"el-input-number\\\",\\\"tagIcon\\\":\\\"number\\\",\\\"placeholder\\\":\\\"计数器\\\",\\\"span\\\":24,\\\"labelWidth\\\":null,\\\"step-strictly\\\":false,\\\"controls-position\\\":\\\"\\\",\\\"disabled\\\":false,\\\"required\\\":true,\\\"regList\\\":[],\\\"changeTag\\\":true,\\\"document\\\":\\\"https://element.eleme.cn/#/zh-CN/component/input-number\\\",\\\"formId\\\":101,\\\"renderKey\\\":1659424607119,\\\"layout\\\":\\\"colFormItem\\\",\\\"vModel\\\":\\\"field101\\\"}\",\"itemName\":\"field101\",\"itemSort\":1,\"itemType\":\"number\"}],\"labelWidth\":100}', NULL, 1, '\r\n### Error updating database.  Cause: java.sql.SQLIntegrityConstraintViolationException: Duplicate entry \'formData\' for key \'form_main.form_code\'\r\n### The error may exist in com/ruoyi/workflow/mapper/FormMainMapper.java (best guess)\r\n### The error may involve com.ruoyi.workflow.mapper.FormMainMapper.insert-Inline\r\n### The error occurred while setting parameters\r\n### SQL: INSERT INTO form_main  ( id, form_name, form_code, form_desc,  form_size, label_width, grid_size, disable_flag,   del_flag, create_by, create_time )  VALUES  ( ?, ?, ?, ?,  ?, ?, ?, ?,   ?, ?, ? )\r\n### Cause: java.sql.SQLIntegrityConstraintViolationException: Duplicate entry \'formData\' for key \'form_main.form_code\'\n; Duplicate entry \'formData\' for key \'form_main.form_code\'; nested exception is java.sql.SQLIntegrityConstraintViolationException: Duplicate entry \'formData\' for key \'form_main.form_code\'', '2022-08-02 15:16:39');
INSERT INTO `sys_oper_log` VALUES (169, '菜单管理', 1, 'com.ruoyi.web.controller.system.SysMenuController.add()', 'POST', 1, 'admin', NULL, '/system/menu', '127.0.0.1', '内网IP', '{\"children\":[],\"component\":\"tool/build/test2\",\"createBy\":\"admin\",\"icon\":\"404\",\"isCache\":\"0\",\"isFrame\":\"1\",\"menuName\":\"ces2\",\"menuType\":\"C\",\"orderNum\":2,\"params\":{},\"parentId\":2000,\"path\":\"ces2\",\"status\":\"0\",\"visible\":\"0\"}', '{\"msg\":\"操作成功\",\"code\":200}', 0, NULL, '2022-08-03 15:05:00');
INSERT INTO `sys_oper_log` VALUES (170, '菜单管理', 1, 'com.ruoyi.web.controller.system.SysMenuController.add()', 'POST', 1, 'admin', NULL, '/system/menu', '127.0.0.1', '内网IP', '{\"children\":[],\"component\":\"formdesign/drawform\",\"createBy\":\"admin\",\"icon\":\"checkbox\",\"isCache\":\"0\",\"isFrame\":\"1\",\"menuName\":\"表单\",\"menuType\":\"C\",\"orderNum\":4,\"params\":{},\"parentId\":2000,\"path\":\"drawform\",\"status\":\"0\",\"visible\":\"0\"}', '{\"msg\":\"操作成功\",\"code\":200}', 0, NULL, '2022-08-03 17:00:11');
INSERT INTO `sys_oper_log` VALUES (171, '菜单管理', 1, 'com.ruoyi.web.controller.system.SysMenuController.add()', 'POST', 1, 'admin', NULL, '/system/menu', '127.0.0.1', '内网IP', '{\"children\":[],\"component\":\"formdesign/index\",\"createBy\":\"admin\",\"icon\":\"button\",\"isCache\":\"0\",\"isFrame\":\"1\",\"menuName\":\"表单管理\",\"menuType\":\"C\",\"orderNum\":4,\"params\":{},\"parentId\":2000,\"path\":\"formManager\",\"status\":\"0\",\"visible\":\"0\"}', '{\"msg\":\"操作成功\",\"code\":200}', 0, NULL, '2022-08-05 15:34:02');
INSERT INTO `sys_oper_log` VALUES (172, '流程管理', 1, 'com.ruoyi.workflow.controller.FormMainConroller.add()', 'POST', 1, 'admin', NULL, '/formMain', '127.0.0.1', '内网IP', '{\"createBy\":\"admin\",\"createTime\":\"2022-08-08T09:57:30.687+08:00\",\"delFlag\":\"0\",\"formCode\":\"\",\"formDesc\":\"\",\"formName\":\"\",\"items\":[{\"configJson\":\"{\\\"type\\\":\\\"tabs\\\",\\\"name\\\":\\\"标签页\\\",\\\"icon\\\":\\\"el-icon-collection-tag\\\",\\\"layout\\\":\\\"inline\\\",\\\"isShowSpanSetting\\\":true,\\\"options\\\":{\\\"idPrefix\\\":\\\"tabs_\\\",\\\"describe\\\":\\\"\\\",\\\"type\\\":\\\"\\\",\\\"tabPosition\\\":\\\"top\\\",\\\"panelist\\\":[{\\\"name\\\":\\\"tab1\\\",\\\"title\\\":\\\"用户管理22\\\",\\\"columns\\\":[{\\\"span\\\":24,\\\"list\\\":[]}]},{\\\"name\\\":\\\"tab2\\\",\\\"title\\\":\\\"用户管理2\\\",\\\"columns\\\":[{\\\"span\\\":24,\\\"list\\\":[{\\\"type\\\":\\\"input\\\",\\\"name\\\":\\\"单行文本\\\",\\\"dragType\\\":\\\"control\\\",\\\"icon\\\":\\\"el-icon-postcard\\\",\\\"isShowCheck\\\":true,\\\"isShowSpanSetting\\\":true,\\\"layout\\\":\\\"inline\\\",\\\"eventlist\\\":[],\\\"options\\\":{\\\"labelTitle\\\":\\\"单行文本\\\",\\\"defaultValue\\\":\\\"\\\",\\\"placeholder\\\":\\\"\\\",\\\"required\\\":false,\\\"dataType\\\":\\\"string\\\",\\\"dataLength\\\":50,\\\"ctrlSpan\\\":12,\\\"filed\\\":\\\"filed165992384789877\\\",\\\"tagattr\\\":\\\"\\\",\\\"remoteFunc\\\":\\\"func_1659923847000_31669\\\"},\\\"key\\\":\\\"1659923847000_31669\\\",\\\"model\\\":\\\"input_1659923847000_31669\\\",\\\"rules\\\":[]},{\\\"type\\\":\\\"radio\\\",\\\"name\\\":\\\"单选控件\\\",\\\"icon\\\":\\\"el-icon-thumb\\\",\\\"dragType\\\":\\\"control\\\",\\\"isShowCheck\\\":true,\\\"isShowSpanSetting\\\":true,\\\"layout\\\":\\\"inline\\\",\\\"eventlist\\\":[],\\\"options\\\":{\\\"labelTitle\\\":\\\"单选项\\\",\\\"ctrlSpan\\\":12,\\\"options\\\":[{\\\"label\\\":\\\"选项1\\\",\\\"value\\\":\\\"1\\\"}],\\\"defaultValue\\\":\\\"\\\",\\\"filed\\\":\\\"filed165992384828305\\\",\\\"required\\\":true,\\\"tagattr\\\":\\\"\\\",\\\"remoteFunc\\\":\\\"func_1659923848000_53863\\\"},\\\"key\\\":\\\"1659923848000_53863\\\",\\\"model\\\":\\\"radio_1659923848000_53863\\\",\\\"rules\\\":[]}]}]}],\\\"tagattr\\\":\\\"\\\",\\\"remoteFunc\\\":\\\"func_1659923840000_73169\\\"},\\\"key\\\":\\\"1659923840000_73169\\\",\\\"model\\\":\\\"tabs_1659923840000_73169\\\",\\\"rules\\\":[]}\",\"formId\":1556459557160329217,\"id\":1556459557374238721,\"itemSort\":0,\"itemType\":\"tabs\",\"key\":\"1659923840000_73169\"},{\"configJson\":\"{\\\"name\\\":\\\"tab1\\\",\\\"title\\\":\\\"用户管理22\\\",\\\"columns\\\":[{\\\"span\\\":24,\\\"list\\\":[]}]}\",\"formId\":1556459557160329217,\"id\":1556459557374238722,\"itemSort\":0,\"itemType\":\"tabs_pa', NULL, 1, '\r\n### Error querying database.  Cause: java.sql.SQLSyntaxErrorException: You have an error in your SQL syntax; check the manual that corresponds to your MySQL server version for the right syntax to use near \'key,pkey  FROM form_item \n \n WHERE (form_id = 1556459557160329217 AND del_flag =\' at line 1\r\n### The error may exist in com/ruoyi/workflow/mapper/FormItemMapper.java (best guess)\r\n### The error may involve defaultParameterMap\r\n### The error occurred while setting parameters\r\n### SQL: SELECT  id,form_id,pid,item_icon,item_tag,item_type,item_name,config_json,item_sort,del_flag,key,pkey  FROM form_item     WHERE (form_id = ? AND del_flag = ?)\r\n### Cause: java.sql.SQLSyntaxErrorException: You have an error in your SQL syntax; check the manual that corresponds to your MySQL server version for the right syntax to use near \'key,pkey  FROM form_item \n \n WHERE (form_id = 1556459557160329217 AND del_flag =\' at line 1\n; bad SQL grammar []; nested exception is java.sql.SQLSyntaxErrorException: You have an error in your SQL syntax; check the manual that corresponds to your MySQL server version for the right syntax to use near \'key,pkey  FROM form_item \n \n WHERE (form_id = 1556459557160329217 AND del_flag =\' at line 1', '2022-08-08 09:57:30');
INSERT INTO `sys_oper_log` VALUES (173, '流程管理', 1, 'com.ruoyi.workflow.controller.FormMainConroller.add()', 'POST', 1, 'admin', NULL, '/formMain', '127.0.0.1', '内网IP', '{\"createBy\":\"admin\",\"createTime\":\"2022-08-08T09:58:06.679+08:00\",\"delFlag\":\"0\",\"formCode\":\"\",\"formDesc\":\"\",\"formName\":\"\",\"items\":[{\"configJson\":\"{\\\"type\\\":\\\"tabs\\\",\\\"name\\\":\\\"标签页\\\",\\\"icon\\\":\\\"el-icon-collection-tag\\\",\\\"layout\\\":\\\"inline\\\",\\\"isShowSpanSetting\\\":true,\\\"options\\\":{\\\"idPrefix\\\":\\\"tabs_\\\",\\\"describe\\\":\\\"\\\",\\\"type\\\":\\\"\\\",\\\"tabPosition\\\":\\\"top\\\",\\\"panelist\\\":[{\\\"name\\\":\\\"tab1\\\",\\\"title\\\":\\\"用户管理22\\\",\\\"columns\\\":[{\\\"span\\\":24,\\\"list\\\":[]}]},{\\\"name\\\":\\\"tab2\\\",\\\"title\\\":\\\"用户管理2\\\",\\\"columns\\\":[{\\\"span\\\":24,\\\"list\\\":[{\\\"type\\\":\\\"input\\\",\\\"name\\\":\\\"单行文本\\\",\\\"dragType\\\":\\\"control\\\",\\\"icon\\\":\\\"el-icon-postcard\\\",\\\"isShowCheck\\\":true,\\\"isShowSpanSetting\\\":true,\\\"layout\\\":\\\"inline\\\",\\\"eventlist\\\":[],\\\"options\\\":{\\\"labelTitle\\\":\\\"单行文本\\\",\\\"defaultValue\\\":\\\"\\\",\\\"placeholder\\\":\\\"\\\",\\\"required\\\":false,\\\"dataType\\\":\\\"string\\\",\\\"dataLength\\\":50,\\\"ctrlSpan\\\":12,\\\"filed\\\":\\\"filed165992384789877\\\",\\\"tagattr\\\":\\\"\\\",\\\"remoteFunc\\\":\\\"func_1659923847000_31669\\\"},\\\"key\\\":\\\"1659923847000_31669\\\",\\\"model\\\":\\\"input_1659923847000_31669\\\",\\\"rules\\\":[]},{\\\"type\\\":\\\"radio\\\",\\\"name\\\":\\\"单选控件\\\",\\\"icon\\\":\\\"el-icon-thumb\\\",\\\"dragType\\\":\\\"control\\\",\\\"isShowCheck\\\":true,\\\"isShowSpanSetting\\\":true,\\\"layout\\\":\\\"inline\\\",\\\"eventlist\\\":[],\\\"options\\\":{\\\"labelTitle\\\":\\\"单选项\\\",\\\"ctrlSpan\\\":12,\\\"options\\\":[{\\\"label\\\":\\\"选项1\\\",\\\"value\\\":\\\"1\\\"}],\\\"defaultValue\\\":\\\"\\\",\\\"filed\\\":\\\"filed165992384828305\\\",\\\"required\\\":true,\\\"tagattr\\\":\\\"\\\",\\\"remoteFunc\\\":\\\"func_1659923848000_53863\\\"},\\\"key\\\":\\\"1659923848000_53863\\\",\\\"model\\\":\\\"radio_1659923848000_53863\\\",\\\"rules\\\":[]}]}]}],\\\"tagattr\\\":\\\"\\\",\\\"remoteFunc\\\":\\\"func_1659923840000_73169\\\"},\\\"key\\\":\\\"1659923840000_73169\\\",\\\"model\\\":\\\"tabs_1659923840000_73169\\\",\\\"rules\\\":[]}\",\"formId\":1556459708054609921,\"id\":1556459708188827649,\"itemSort\":0,\"itemType\":\"tabs\",\"key\":\"1659923840000_73169\"},{\"configJson\":\"{\\\"name\\\":\\\"tab1\\\",\\\"title\\\":\\\"用户管理22\\\",\\\"columns\\\":[{\\\"span\\\":24,\\\"list\\\":[]}]}\",\"formId\":1556459708054609921,\"id\":1556459708188827650,\"itemSort\":0,\"itemType\":\"tabs_pa', NULL, 1, '\r\n### Error querying database.  Cause: java.sql.SQLSyntaxErrorException: You have an error in your SQL syntax; check the manual that corresponds to your MySQL server version for the right syntax to use near \'key,pkey  FROM form_item \n \n WHERE (form_id = 1556459708054609921 AND del_flag =\' at line 1\r\n### The error may exist in com/ruoyi/workflow/mapper/FormItemMapper.java (best guess)\r\n### The error may involve defaultParameterMap\r\n### The error occurred while setting parameters\r\n### SQL: SELECT  id,form_id,pid,item_icon,item_tag,item_type,item_name,config_json,item_sort,del_flag,key,pkey  FROM form_item     WHERE (form_id = ? AND del_flag = ?)\r\n### Cause: java.sql.SQLSyntaxErrorException: You have an error in your SQL syntax; check the manual that corresponds to your MySQL server version for the right syntax to use near \'key,pkey  FROM form_item \n \n WHERE (form_id = 1556459708054609921 AND del_flag =\' at line 1\n; bad SQL grammar []; nested exception is java.sql.SQLSyntaxErrorException: You have an error in your SQL syntax; check the manual that corresponds to your MySQL server version for the right syntax to use near \'key,pkey  FROM form_item \n \n WHERE (form_id = 1556459708054609921 AND del_flag =\' at line 1', '2022-08-08 09:58:06');
INSERT INTO `sys_oper_log` VALUES (174, '流程管理', 1, 'com.ruoyi.workflow.controller.FormMainConroller.add()', 'POST', 1, 'admin', NULL, '/formMain', '127.0.0.1', '内网IP', '{\"createBy\":\"admin\",\"createTime\":\"2022-08-08T09:59:38.968+08:00\",\"delFlag\":\"0\",\"formCode\":\"\",\"formDesc\":\"\",\"formName\":\"\",\"items\":[{\"configJson\":\"{\\\"type\\\":\\\"tabs\\\",\\\"name\\\":\\\"标签页\\\",\\\"icon\\\":\\\"el-icon-collection-tag\\\",\\\"layout\\\":\\\"inline\\\",\\\"isShowSpanSetting\\\":true,\\\"options\\\":{\\\"idPrefix\\\":\\\"tabs_\\\",\\\"describe\\\":\\\"\\\",\\\"type\\\":\\\"\\\",\\\"tabPosition\\\":\\\"top\\\",\\\"panelist\\\":[{\\\"name\\\":\\\"tab1\\\",\\\"title\\\":\\\"用户管理22\\\",\\\"columns\\\":[{\\\"span\\\":24,\\\"list\\\":[]}]},{\\\"name\\\":\\\"tab2\\\",\\\"title\\\":\\\"用户管理2\\\",\\\"columns\\\":[{\\\"span\\\":24,\\\"list\\\":[{\\\"type\\\":\\\"input\\\",\\\"name\\\":\\\"单行文本\\\",\\\"dragType\\\":\\\"control\\\",\\\"icon\\\":\\\"el-icon-postcard\\\",\\\"isShowCheck\\\":true,\\\"isShowSpanSetting\\\":true,\\\"layout\\\":\\\"inline\\\",\\\"eventlist\\\":[],\\\"options\\\":{\\\"labelTitle\\\":\\\"单行文本\\\",\\\"defaultValue\\\":\\\"\\\",\\\"placeholder\\\":\\\"\\\",\\\"required\\\":false,\\\"dataType\\\":\\\"string\\\",\\\"dataLength\\\":50,\\\"ctrlSpan\\\":12,\\\"filed\\\":\\\"filed165992384789877\\\",\\\"tagattr\\\":\\\"\\\",\\\"remoteFunc\\\":\\\"func_1659923847000_31669\\\"},\\\"key\\\":\\\"1659923847000_31669\\\",\\\"model\\\":\\\"input_1659923847000_31669\\\",\\\"rules\\\":[]},{\\\"type\\\":\\\"radio\\\",\\\"name\\\":\\\"单选控件\\\",\\\"icon\\\":\\\"el-icon-thumb\\\",\\\"dragType\\\":\\\"control\\\",\\\"isShowCheck\\\":true,\\\"isShowSpanSetting\\\":true,\\\"layout\\\":\\\"inline\\\",\\\"eventlist\\\":[],\\\"options\\\":{\\\"labelTitle\\\":\\\"单选项\\\",\\\"ctrlSpan\\\":12,\\\"options\\\":[{\\\"label\\\":\\\"选项1\\\",\\\"value\\\":\\\"1\\\"}],\\\"defaultValue\\\":\\\"\\\",\\\"filed\\\":\\\"filed165992384828305\\\",\\\"required\\\":true,\\\"tagattr\\\":\\\"\\\",\\\"remoteFunc\\\":\\\"func_1659923848000_53863\\\"},\\\"key\\\":\\\"1659923848000_53863\\\",\\\"model\\\":\\\"radio_1659923848000_53863\\\",\\\"rules\\\":[]}]}]}],\\\"tagattr\\\":\\\"\\\",\\\"remoteFunc\\\":\\\"func_1659923840000_73169\\\"},\\\"key\\\":\\\"1659923840000_73169\\\",\\\"model\\\":\\\"tabs_1659923840000_73169\\\",\\\"rules\\\":[]}\",\"formId\":1556460095239159810,\"id\":1556460096778469378,\"itemSort\":0,\"itemType\":\"tabs\",\"key\":\"1659923840000_73169\"},{\"configJson\":\"{\\\"name\\\":\\\"tab1\\\",\\\"title\\\":\\\"用户管理22\\\",\\\"columns\\\":[{\\\"span\\\":24,\\\"list\\\":[]}]}\",\"formId\":1556460095239159810,\"id\":1556460096778469379,\"itemSort\":0,\"itemType\":\"tabs_pa', '{\"msg\":\"操作成功\",\"code\":200}', 0, NULL, '2022-08-08 09:59:39');
INSERT INTO `sys_oper_log` VALUES (175, '流程管理', 1, 'com.ruoyi.workflow.controller.FormMainConroller.add()', 'POST', 1, 'admin', NULL, '/formMain', '127.0.0.1', '内网IP', '{\"formCode\":\"\",\"formDesc\":\"\",\"formName\":\"\",\"id\":1556460095239159810,\"items\":[{\"configJson\":\"{\\\"key\\\":\\\"1659923840000_73169\\\",\\\"icon\\\":\\\"el-icon-collection-tag\\\",\\\"name\\\":\\\"标签页\\\",\\\"type\\\":\\\"tabs\\\",\\\"model\\\":\\\"tabs_1659923840000_73169\\\",\\\"rules\\\":[],\\\"layout\\\":\\\"inline\\\",\\\"options\\\":{\\\"type\\\":\\\"\\\",\\\"tagattr\\\":\\\"\\\",\\\"describe\\\":\\\"\\\",\\\"idPrefix\\\":\\\"tabs_\\\",\\\"panelist\\\":[{\\\"name\\\":\\\"tab1\\\",\\\"title\\\":\\\"用户管理22\\\",\\\"columns\\\":[{\\\"span\\\":24,\\\"list\\\":[{\\\"type\\\":\\\"input\\\",\\\"name\\\":\\\"单行文本\\\",\\\"dragType\\\":\\\"control\\\",\\\"icon\\\":\\\"el-icon-postcard\\\",\\\"isShowCheck\\\":true,\\\"isShowSpanSetting\\\":true,\\\"layout\\\":\\\"inline\\\",\\\"eventlist\\\":[],\\\"options\\\":{\\\"labelTitle\\\":\\\"单行文本\\\",\\\"defaultValue\\\":\\\"\\\",\\\"placeholder\\\":\\\"\\\",\\\"required\\\":true,\\\"dataType\\\":\\\"string\\\",\\\"dataLength\\\":50,\\\"ctrlSpan\\\":12,\\\"filed\\\":\\\"filed165992724140267\\\",\\\"tagattr\\\":\\\"\\\",\\\"remoteFunc\\\":\\\"func_1659927241000_38223\\\"},\\\"key\\\":\\\"1659927241000_38223\\\",\\\"model\\\":\\\"input_1659927241000_38223\\\",\\\"rules\\\":[]}]}],\\\"id\\\":\\\"1556460096778469379\\\"},{\\\"name\\\":\\\"tab2\\\",\\\"title\\\":\\\"用户管理2\\\",\\\"columns\\\":[{\\\"span\\\":24,\\\"list\\\":[{\\\"type\\\":\\\"editor\\\",\\\"name\\\":\\\"富文本\\\",\\\"icon\\\":\\\"el-icon-document\\\",\\\"layout\\\":\\\"inline\\\",\\\"isShowSpanSetting\\\":true,\\\"options\\\":{\\\"labelTitle\\\":\\\"富文本\\\",\\\"defaultValue\\\":\\\"\\\",\\\"placeholder\\\":\\\"\\\",\\\"required\\\":false,\\\"ctrlSpan\\\":24,\\\"height\\\":350,\\\"filed\\\":\\\"filed165992724495234\\\",\\\"tagattr\\\":\\\"\\\",\\\"remoteFunc\\\":\\\"func_1659927244000_77033\\\"},\\\"key\\\":\\\"1659927244000_77033\\\",\\\"model\\\":\\\"editor_1659927244000_77033\\\",\\\"rules\\\":[]}]}],\\\"id\\\":\\\"1556460096778469380\\\"}],\\\"remoteFunc\\\":\\\"func_1659923840000_73169\\\",\\\"tabPosition\\\":\\\"top\\\"},\\\"isShowSpanSetting\\\":true}\",\"itemSort\":0,\"itemType\":\"tabs\",\"key\":\"1659923840000_73169\"},{\"configJson\":\"{\\\"name\\\":\\\"tab1\\\",\\\"title\\\":\\\"用户管理22\\\",\\\"columns\\\":[{\\\"span\\\":24,\\\"list\\\":[{\\\"type\\\":\\\"input\\\",\\\"name\\\":\\\"单行文本\\\",\\\"dragType\\\":\\\"control\\\",\\\"icon\\\":\\\"el-icon-postcard\\\",\\\"isShowCheck\\\":true,\\\"isShowSpanSetting\\\":true,\\\"layout\\\":\\\"inline\\\",\\\"eventlist\\\":[],\\\"options\\\":{\\\"labelTitle\\\":\\\"单', NULL, 1, '\r\n### Error updating database.  Cause: java.sql.SQLIntegrityConstraintViolationException: Duplicate entry \'\' for key \'form_main.form_code\'\r\n### The error may exist in com/ruoyi/workflow/mapper/FormMainMapper.java (best guess)\r\n### The error may involve com.ruoyi.workflow.mapper.FormMainMapper.insert-Inline\r\n### The error occurred while setting parameters\r\n### SQL: INSERT INTO form_main  ( id, form_name, form_code, form_desc,       update_time, update_by )  VALUES  ( ?, ?, ?, ?,       ?, ? )\r\n### Cause: java.sql.SQLIntegrityConstraintViolationException: Duplicate entry \'\' for key \'form_main.form_code\'\n; Duplicate entry \'\' for key \'form_main.form_code\'; nested exception is java.sql.SQLIntegrityConstraintViolationException: Duplicate entry \'\' for key \'form_main.form_code\'', '2022-08-08 10:54:21');
INSERT INTO `sys_oper_log` VALUES (176, '流程管理', 1, 'com.ruoyi.workflow.controller.FormMainConroller.add()', 'POST', 1, 'admin', NULL, '/formMain', '127.0.0.1', '内网IP', '{\"formCode\":\"\",\"formDesc\":\"\",\"formName\":\"\",\"id\":1556460095239159810,\"items\":[{\"configJson\":\"{\\\"key\\\":\\\"1659923840000_73169\\\",\\\"icon\\\":\\\"el-icon-collection-tag\\\",\\\"name\\\":\\\"标签页\\\",\\\"type\\\":\\\"tabs\\\",\\\"model\\\":\\\"tabs_1659923840000_73169\\\",\\\"rules\\\":[],\\\"layout\\\":\\\"inline\\\",\\\"options\\\":{\\\"type\\\":\\\"\\\",\\\"tagattr\\\":\\\"\\\",\\\"describe\\\":\\\"\\\",\\\"idPrefix\\\":\\\"tabs_\\\",\\\"panelist\\\":[{\\\"name\\\":\\\"tab1\\\",\\\"title\\\":\\\"用户管理22\\\",\\\"columns\\\":[{\\\"span\\\":24,\\\"list\\\":[{\\\"type\\\":\\\"input\\\",\\\"name\\\":\\\"单行文本\\\",\\\"dragType\\\":\\\"control\\\",\\\"icon\\\":\\\"el-icon-postcard\\\",\\\"isShowCheck\\\":true,\\\"isShowSpanSetting\\\":true,\\\"layout\\\":\\\"inline\\\",\\\"eventlist\\\":[],\\\"options\\\":{\\\"labelTitle\\\":\\\"单行文本\\\",\\\"defaultValue\\\":\\\"\\\",\\\"placeholder\\\":\\\"\\\",\\\"required\\\":true,\\\"dataType\\\":\\\"string\\\",\\\"dataLength\\\":50,\\\"ctrlSpan\\\":12,\\\"filed\\\":\\\"filed165992724140267\\\",\\\"tagattr\\\":\\\"\\\",\\\"remoteFunc\\\":\\\"func_1659927241000_38223\\\"},\\\"key\\\":\\\"1659927241000_38223\\\",\\\"model\\\":\\\"input_1659927241000_38223\\\",\\\"rules\\\":[]}]}],\\\"id\\\":\\\"1556460096778469379\\\"},{\\\"name\\\":\\\"tab2\\\",\\\"title\\\":\\\"用户管理2\\\",\\\"columns\\\":[{\\\"span\\\":24,\\\"list\\\":[{\\\"type\\\":\\\"editor\\\",\\\"name\\\":\\\"富文本\\\",\\\"icon\\\":\\\"el-icon-document\\\",\\\"layout\\\":\\\"inline\\\",\\\"isShowSpanSetting\\\":true,\\\"options\\\":{\\\"labelTitle\\\":\\\"富文本\\\",\\\"defaultValue\\\":\\\"\\\",\\\"placeholder\\\":\\\"\\\",\\\"required\\\":false,\\\"ctrlSpan\\\":24,\\\"height\\\":350,\\\"filed\\\":\\\"filed165992724495234\\\",\\\"tagattr\\\":\\\"\\\",\\\"remoteFunc\\\":\\\"func_1659927244000_77033\\\"},\\\"key\\\":\\\"1659927244000_77033\\\",\\\"model\\\":\\\"editor_1659927244000_77033\\\",\\\"rules\\\":[]}]}],\\\"id\\\":\\\"1556460096778469380\\\"}],\\\"remoteFunc\\\":\\\"func_1659923840000_73169\\\",\\\"tabPosition\\\":\\\"top\\\"},\\\"isShowSpanSetting\\\":true}\",\"formId\":1556460095239159810,\"id\":1556473904389488642,\"itemSort\":0,\"itemType\":\"tabs\",\"key\":\"1659923840000_73169\"},{\"configJson\":\"{\\\"name\\\":\\\"tab1\\\",\\\"title\\\":\\\"用户管理22\\\",\\\"columns\\\":[{\\\"span\\\":24,\\\"list\\\":[{\\\"type\\\":\\\"input\\\",\\\"name\\\":\\\"单行文本\\\",\\\"dragType\\\":\\\"control\\\",\\\"icon\\\":\\\"el-icon-postcard\\\",\\\"isShowCheck\\\":true,\\\"isShowSpanSetting\\\":true,\\\"layout\\\":\\\"inl', '{\"msg\":\"操作成功\",\"code\":200}', 0, NULL, '2022-08-08 10:54:31');
INSERT INTO `sys_oper_log` VALUES (177, '流程管理', 1, 'com.ruoyi.workflow.controller.FormMainConroller.add()', 'POST', 1, 'admin', NULL, '/formMain', '127.0.0.1', '内网IP', '{\"formCode\":\"222\",\"formDesc\":\"\",\"formName\":\"\",\"id\":1556460093,\"items\":[{\"configJson\":\"{\\\"type\\\":\\\"collapse\\\",\\\"name\\\":\\\"折叠面板\\\",\\\"icon\\\":\\\"el-icon-s-fold\\\",\\\"layout\\\":\\\"inline\\\",\\\"isShowSpanSetting\\\":true,\\\"options\\\":{\\\"describe\\\":\\\"\\\",\\\"panelist\\\":[{\\\"name\\\":\\\"collapse1\\\",\\\"title\\\":\\\"面板1\\\",\\\"columns\\\":[{\\\"span\\\":24,\\\"list\\\":[{\\\"type\\\":\\\"input\\\",\\\"name\\\":\\\"单行文本\\\",\\\"dragType\\\":\\\"control\\\",\\\"icon\\\":\\\"el-icon-postcard\\\",\\\"isShowCheck\\\":true,\\\"isShowSpanSetting\\\":true,\\\"layout\\\":\\\"inline\\\",\\\"eventlist\\\":[],\\\"options\\\":{\\\"labelTitle\\\":\\\"单行文本\\\",\\\"defaultValue\\\":\\\"\\\",\\\"placeholder\\\":\\\"\\\",\\\"required\\\":false,\\\"dataType\\\":\\\"string\\\",\\\"dataLength\\\":50,\\\"ctrlSpan\\\":12,\\\"filed\\\":\\\"filed165992743617758\\\",\\\"tagattr\\\":\\\"\\\",\\\"remoteFunc\\\":\\\"func_1659927436000_19571\\\"},\\\"key\\\":\\\"1659927436000_19571\\\",\\\"model\\\":\\\"input_1659927436000_19571\\\",\\\"rules\\\":[]},{\\\"type\\\":\\\"textarea\\\",\\\"name\\\":\\\"多行文本\\\",\\\"dragType\\\":\\\"control\\\",\\\"icon\\\":\\\"el-icon-notebook-2\\\",\\\"isShowCheck\\\":true,\\\"isShowSpanSetting\\\":true,\\\"eventlist\\\":[],\\\"options\\\":{\\\"labelTitle\\\":\\\"多行文本\\\",\\\"defaultValue\\\":\\\"\\\",\\\"placeholder\\\":\\\"\\\",\\\"dataLength\\\":500,\\\"rows\\\":3,\\\"required\\\":false,\\\"ctrlSpan\\\":24,\\\"filed\\\":\\\"filed165992743858030\\\",\\\"tagattr\\\":\\\"\\\",\\\"remoteFunc\\\":\\\"func_1659927438000_61882\\\"},\\\"key\\\":\\\"1659927438000_61882\\\",\\\"model\\\":\\\"textarea_1659927438000_61882\\\",\\\"rules\\\":[]}]}]},{\\\"name\\\":\\\"collapse2\\\",\\\"title\\\":\\\"面板2\\\",\\\"columns\\\":[{\\\"span\\\":24,\\\"list\\\":[]}]}],\\\"tagattr\\\":\\\"\\\",\\\"remoteFunc\\\":\\\"func_1659927432000_16572\\\"},\\\"key\\\":\\\"1659927432000_16572\\\",\\\"model\\\":\\\"collapse_1659927432000_16572\\\",\\\"rules\\\":[]}\",\"formId\":1556460093,\"id\":1556474733670498306,\"itemSort\":0,\"itemType\":\"collapse\",\"key\":\"1659927432000_16572\"},{\"configJson\":\"{\\\"name\\\":\\\"collapse1\\\",\\\"title\\\":\\\"面板1\\\",\\\"columns\\\":[{\\\"span\\\":24,\\\"list\\\":[{\\\"type\\\":\\\"input\\\",\\\"name\\\":\\\"单行文本\\\",\\\"dragType\\\":\\\"control\\\",\\\"icon\\\":\\\"el-icon-postcard\\\",\\\"isShowCheck\\\":true,\\\"isShowSpanSetting\\\":true,\\\"layout\\\":\\\"inline\\\",\\\"eventlist\\\":[],\\\"options\\\":{\\\"labelTitle\\\":\\\"单行文本\\\",', '{\"msg\":\"操作成功\",\"code\":200}', 0, NULL, '2022-08-08 10:57:55');
INSERT INTO `sys_oper_log` VALUES (178, '流程管理', 1, 'com.ruoyi.workflow.controller.FormMainConroller.add()', 'POST', 1, 'admin', NULL, '/formMain', '127.0.0.1', '内网IP', '{\"createBy\":\"admin\",\"createTime\":\"2022-08-08T10:58:53.408+08:00\",\"delFlag\":\"0\",\"formCode\":\"\",\"formDesc\":\"\",\"formName\":\"\",\"items\":[{\"configJson\":\"{\\\"type\\\":\\\"collapse\\\",\\\"name\\\":\\\"折叠面板\\\",\\\"icon\\\":\\\"el-icon-s-fold\\\",\\\"layout\\\":\\\"inline\\\",\\\"isShowSpanSetting\\\":true,\\\"options\\\":{\\\"describe\\\":\\\"\\\",\\\"panelist\\\":[{\\\"name\\\":\\\"collapse1\\\",\\\"title\\\":\\\"面板1\\\",\\\"columns\\\":[{\\\"span\\\":24,\\\"list\\\":[{\\\"type\\\":\\\"input\\\",\\\"name\\\":\\\"单行文本\\\",\\\"dragType\\\":\\\"control\\\",\\\"icon\\\":\\\"el-icon-postcard\\\",\\\"isShowCheck\\\":true,\\\"isShowSpanSetting\\\":true,\\\"layout\\\":\\\"inline\\\",\\\"eventlist\\\":[],\\\"options\\\":{\\\"labelTitle\\\":\\\"单行文本\\\",\\\"defaultValue\\\":\\\"\\\",\\\"placeholder\\\":\\\"\\\",\\\"required\\\":true,\\\"dataType\\\":\\\"string\\\",\\\"dataLength\\\":50,\\\"ctrlSpan\\\":12,\\\"filed\\\":\\\"filed165992751714279\\\",\\\"tagattr\\\":\\\"\\\",\\\"remoteFunc\\\":\\\"func_1659927517000_37468\\\"},\\\"key\\\":\\\"1659927517000_37468\\\",\\\"model\\\":\\\"input_1659927517000_37468\\\",\\\"rules\\\":[]}]}]},{\\\"name\\\":\\\"collapse2\\\",\\\"title\\\":\\\"面板2\\\",\\\"columns\\\":[{\\\"span\\\":24,\\\"list\\\":[{\\\"type\\\":\\\"editor\\\",\\\"name\\\":\\\"富文本\\\",\\\"icon\\\":\\\"el-icon-document\\\",\\\"layout\\\":\\\"inline\\\",\\\"isShowSpanSetting\\\":true,\\\"options\\\":{\\\"labelTitle\\\":\\\"富文本\\\",\\\"defaultValue\\\":\\\"\\\",\\\"placeholder\\\":\\\"\\\",\\\"required\\\":false,\\\"ctrlSpan\\\":24,\\\"height\\\":350,\\\"filed\\\":\\\"filed16599275229454\\\",\\\"tagattr\\\":\\\"\\\",\\\"remoteFunc\\\":\\\"func_1659927522000_59357\\\"},\\\"key\\\":\\\"1659927522000_59357\\\",\\\"model\\\":\\\"editor_1659927522000_59357\\\",\\\"rules\\\":[]}]}]}],\\\"tagattr\\\":\\\"\\\",\\\"remoteFunc\\\":\\\"func_1659927514000_55237\\\"},\\\"key\\\":\\\"1659927514000_55237\\\",\\\"model\\\":\\\"collapse_1659927514000_55237\\\",\\\"rules\\\":[]}\",\"formId\":1556475003544600577,\"id\":1556475004169551874,\"itemSort\":0,\"itemType\":\"collapse\",\"key\":\"1659927514000_55237\"},{\"configJson\":\"{\\\"name\\\":\\\"collapse1\\\",\\\"title\\\":\\\"面板1\\\",\\\"columns\\\":[{\\\"span\\\":24,\\\"list\\\":[{\\\"type\\\":\\\"input\\\",\\\"name\\\":\\\"单行文本\\\",\\\"dragType\\\":\\\"control\\\",\\\"icon\\\":\\\"el-icon-postcard\\\",\\\"isShowCheck\\\":true,\\\"isShowSpanSetting\\\":true,\\\"layout\\\":\\\"inline\\\",\\\"eventlist\\\":[],\\\"options\\\":{\\\"labelTitle\\\":\\\"单行文本\\\"', '{\"msg\":\"操作成功\",\"code\":200}', 0, NULL, '2022-08-08 10:58:54');
INSERT INTO `sys_oper_log` VALUES (179, '流程管理', 1, 'com.ruoyi.workflow.controller.FormMainConroller.add()', 'POST', 1, 'admin', NULL, '/formMain', '127.0.0.1', '内网IP', '{\"createBy\":\"admin\",\"createTime\":\"2022-08-08T11:00:19.599+08:00\",\"delFlag\":\"0\",\"formCode\":\"\",\"formDesc\":\"\",\"formName\":\"\",\"items\":[{\"configJson\":\"{\\\"type\\\":\\\"gridPanel\\\",\\\"name\\\":\\\"模块控件\\\",\\\"icon\\\":\\\"el-icon-s-grid\\\",\\\"title\\\":\\\"模块控件\\\",\\\"isShowSpanSetting\\\":true,\\\"columns\\\":[{\\\"span\\\":24,\\\"list\\\":[{\\\"type\\\":\\\"radio\\\",\\\"name\\\":\\\"单选控件\\\",\\\"icon\\\":\\\"el-icon-thumb\\\",\\\"dragType\\\":\\\"control\\\",\\\"isShowCheck\\\":true,\\\"isShowSpanSetting\\\":true,\\\"layout\\\":\\\"inline\\\",\\\"eventlist\\\":[],\\\"options\\\":{\\\"labelTitle\\\":\\\"单选项\\\",\\\"ctrlSpan\\\":12,\\\"options\\\":[{\\\"label\\\":\\\"选项1\\\",\\\"value\\\":\\\"1\\\"}],\\\"defaultValue\\\":\\\"\\\",\\\"filed\\\":\\\"filed165992761342761\\\",\\\"required\\\":false,\\\"tagattr\\\":\\\"\\\",\\\"remoteFunc\\\":\\\"func_1659927613000_54754\\\"},\\\"key\\\":\\\"1659927613000_54754\\\",\\\"model\\\":\\\"radio_1659927613000_54754\\\",\\\"rules\\\":[]}]}],\\\"options\\\":{\\\"idPrefix\\\":\\\"pnl_\\\",\\\"controlId\\\":1659962797.35,\\\"tagattr\\\":\\\"\\\"},\\\"key\\\":\\\"1659927604_90043\\\",\\\"model\\\":\\\"gridPanel_1659927604_46248\\\"}\",\"formId\":1556475365051662338,\"id\":1556475365202657281,\"itemSort\":0,\"itemType\":\"gridPanel\",\"key\":\"1659927604_90043\"},{\"configJson\":\"{\\\"type\\\":\\\"radio\\\",\\\"name\\\":\\\"单选控件\\\",\\\"icon\\\":\\\"el-icon-thumb\\\",\\\"dragType\\\":\\\"control\\\",\\\"isShowCheck\\\":true,\\\"isShowSpanSetting\\\":true,\\\"layout\\\":\\\"inline\\\",\\\"eventlist\\\":[],\\\"options\\\":{\\\"labelTitle\\\":\\\"单选项\\\",\\\"ctrlSpan\\\":12,\\\"options\\\":[{\\\"label\\\":\\\"选项1\\\",\\\"value\\\":\\\"1\\\"}],\\\"defaultValue\\\":\\\"\\\",\\\"filed\\\":\\\"filed165992761342761\\\",\\\"required\\\":false,\\\"tagattr\\\":\\\"\\\",\\\"remoteFunc\\\":\\\"func_1659927613000_54754\\\"},\\\"key\\\":\\\"1659927613000_54754\\\",\\\"model\\\":\\\"radio_1659927613000_54754\\\",\\\"rules\\\":[]}\",\"formId\":1556475365051662338,\"id\":1556475365202657282,\"itemName\":\"filed165992761342761\",\"itemSort\":0,\"itemType\":\"radio\",\"key\":\"1659927613000_54754\",\"pid\":1556475365202657281,\"pkey\":\"1659927604_90043\"},{\"configJson\":\"{\\\"type\\\":\\\"tabs\\\",\\\"name\\\":\\\"标签页\\\",\\\"icon\\\":\\\"el-icon-collection-tag\\\",\\\"layout\\\":\\\"inline\\\",\\\"isShowSpanSetting\\\":true,\\\"options\\\":{\\\"idPrefix\\\":\\\"tabs_\\\",\\\"describe\\\":\\\"\\\",\\\"type\\\":\\\"\\\",\\\"ta', '{\"msg\":\"操作成功\",\"code\":200}', 0, NULL, '2022-08-08 11:00:19');
INSERT INTO `sys_oper_log` VALUES (180, '流程管理', 1, 'com.ruoyi.workflow.controller.FormMainConroller.add()', 'POST', 1, 'admin', NULL, '/formMain', '127.0.0.1', '内网IP', '{\"createBy\":\"admin\",\"createTime\":\"2022-08-08T11:02:22.304+08:00\",\"delFlag\":\"0\",\"formCode\":\"2222232323\",\"formDesc\":\"吃32 \",\"formName\":\"出222\",\"items\":[{\"configJson\":\"{\\\"type\\\":\\\"gridPanel\\\",\\\"name\\\":\\\"模块控件\\\",\\\"icon\\\":\\\"el-icon-s-grid\\\",\\\"title\\\":\\\"模块控件\\\",\\\"isShowSpanSetting\\\":true,\\\"columns\\\":[{\\\"span\\\":24,\\\"list\\\":[{\\\"type\\\":\\\"input\\\",\\\"name\\\":\\\"单行文本\\\",\\\"dragType\\\":\\\"control\\\",\\\"icon\\\":\\\"el-icon-postcard\\\",\\\"isShowCheck\\\":true,\\\"isShowSpanSetting\\\":true,\\\"layout\\\":\\\"inline\\\",\\\"eventlist\\\":[],\\\"options\\\":{\\\"labelTitle\\\":\\\"单行文本\\\",\\\"defaultValue\\\":\\\"\\\",\\\"placeholder\\\":\\\"\\\",\\\"required\\\":true,\\\"dataType\\\":\\\"string\\\",\\\"dataLength\\\":50,\\\"ctrlSpan\\\":12,\\\"filed\\\":\\\"filed165992771968134\\\",\\\"tagattr\\\":\\\"2333\\\",\\\"remoteFunc\\\":\\\"func_1659927719000_16844\\\"},\\\"key\\\":\\\"1659927719000_16844\\\",\\\"model\\\":\\\"input_1659927719000_16844\\\",\\\"rules\\\":[]},{\\\"type\\\":\\\"editor\\\",\\\"name\\\":\\\"富文本\\\",\\\"icon\\\":\\\"el-icon-document\\\",\\\"layout\\\":\\\"inline\\\",\\\"isShowSpanSetting\\\":true,\\\"options\\\":{\\\"labelTitle\\\":\\\"富文本\\\",\\\"defaultValue\\\":\\\"\\\",\\\"placeholder\\\":\\\"\\\",\\\"required\\\":false,\\\"ctrlSpan\\\":24,\\\"height\\\":350,\\\"filed\\\":\\\"filed165992772839319\\\",\\\"tagattr\\\":\\\"\\\",\\\"remoteFunc\\\":\\\"func_1659927728000_43339\\\"},\\\"key\\\":\\\"1659927728000_43339\\\",\\\"model\\\":\\\"editor_1659927728000_43339\\\",\\\"rules\\\":[]}]}],\\\"options\\\":{\\\"idPrefix\\\":\\\"pnl_\\\",\\\"controlId\\\":1659982561.592,\\\"tagattr\\\":\\\"\\\"},\\\"key\\\":\\\"1659927707_11799\\\",\\\"model\\\":\\\"gridPanel_1659927707_85423\\\"}\",\"formId\":1556475879717928961,\"id\":1556475879864729602,\"itemSort\":0,\"itemType\":\"gridPanel\",\"key\":\"1659927707_11799\"},{\"configJson\":\"{\\\"type\\\":\\\"input\\\",\\\"name\\\":\\\"单行文本\\\",\\\"dragType\\\":\\\"control\\\",\\\"icon\\\":\\\"el-icon-postcard\\\",\\\"isShowCheck\\\":true,\\\"isShowSpanSetting\\\":true,\\\"layout\\\":\\\"inline\\\",\\\"eventlist\\\":[],\\\"options\\\":{\\\"labelTitle\\\":\\\"单行文本\\\",\\\"defaultValue\\\":\\\"\\\",\\\"placeholder\\\":\\\"\\\",\\\"required\\\":true,\\\"dataType\\\":\\\"string\\\",\\\"dataLength\\\":50,\\\"ctrlSpan\\\":12,\\\"filed\\\":\\\"filed165992771968134\\\",\\\"tagattr\\\":\\\"2333\\\",\\\"remoteFunc\\\":\\\"func_1659927719000_16844\\\"},\\\"key\\\"', '{\"msg\":\"操作成功\",\"code\":200}', 0, NULL, '2022-08-08 11:02:22');
INSERT INTO `sys_oper_log` VALUES (181, '流程管理', 1, 'com.ruoyi.workflow.controller.FormMainConroller.add()', 'POST', 1, 'admin', NULL, '/formMain', '127.0.0.1', '内网IP', '{\"createBy\":\"admin\",\"createTime\":\"2022-08-08T15:18:25.712+08:00\",\"delFlag\":\"0\",\"formCode\":\"biaodan1\",\"formDesc\":\"我是描述1\",\"formName\":\"表单1\",\"items\":[{\"configJson\":\"{\\\"type\\\":\\\"gridPanel\\\",\\\"name\\\":\\\"模块控件\\\",\\\"icon\\\":\\\"el-icon-s-grid\\\",\\\"title\\\":\\\"模块控件\\\",\\\"isShowSpanSetting\\\":true,\\\"columns\\\":[{\\\"span\\\":24,\\\"list\\\":[{\\\"type\\\":\\\"input\\\",\\\"name\\\":\\\"单行文本\\\",\\\"dragType\\\":\\\"control\\\",\\\"icon\\\":\\\"el-icon-postcard\\\",\\\"isShowCheck\\\":true,\\\"isShowSpanSetting\\\":true,\\\"layout\\\":\\\"inline\\\",\\\"eventlist\\\":[],\\\"options\\\":{\\\"labelTitle\\\":\\\"单行文本\\\",\\\"defaultValue\\\":\\\"\\\",\\\"placeholder\\\":\\\"\\\",\\\"required\\\":true,\\\"dataType\\\":\\\"string\\\",\\\"dataLength\\\":50,\\\"ctrlSpan\\\":12,\\\"filed\\\":\\\"filed165994309469805\\\",\\\"tagattr\\\":\\\"\\\",\\\"remoteFunc\\\":\\\"func_1659943094000_66136\\\"},\\\"key\\\":\\\"1659943094000_66136\\\",\\\"model\\\":\\\"input_1659943094000_66136\\\",\\\"rules\\\":[]},{\\\"type\\\":\\\"inputnumber\\\",\\\"name\\\":\\\"数字控件\\\",\\\"icon\\\":\\\"el-icon-circle-plus-outline\\\",\\\"dragType\\\":\\\"control\\\",\\\"layout\\\":\\\"inline\\\",\\\"isShowSpanSetting\\\":true,\\\"eventlist\\\":[],\\\"options\\\":{\\\"ctrlSpan\\\":12,\\\"labelTitle\\\":\\\"数字\\\",\\\"defaultValue\\\":0,\\\"filed\\\":\\\"filed165994309885605\\\",\\\"min\\\":\\\"-10000000000\\\",\\\"max\\\":\\\"10000000000\\\",\\\"precision\\\":\\\"0\\\",\\\"step\\\":\\\"1\\\",\\\"required\\\":true,\\\"tagattr\\\":\\\"\\\",\\\"remoteFunc\\\":\\\"func_1659943098000_98803\\\"},\\\"key\\\":\\\"1659943098000_98803\\\",\\\"model\\\":\\\"inputnumber_1659943098000_98803\\\",\\\"rules\\\":[]}]}],\\\"options\\\":{\\\"idPrefix\\\":\\\"pnl_\\\",\\\"controlId\\\":1659980869.989,\\\"tagattr\\\":\\\"\\\"},\\\"key\\\":\\\"1659943079_26169\\\",\\\"model\\\":\\\"gridPanel_1659943079_71186\\\"}\",\"formId\":1556540318597099522,\"id\":1556540319335297026,\"itemSort\":0,\"itemType\":\"gridPanel\",\"key\":\"1659943079_26169\"},{\"configJson\":\"{\\\"type\\\":\\\"input\\\",\\\"name\\\":\\\"单行文本\\\",\\\"dragType\\\":\\\"control\\\",\\\"icon\\\":\\\"el-icon-postcard\\\",\\\"isShowCheck\\\":true,\\\"isShowSpanSetting\\\":true,\\\"layout\\\":\\\"inline\\\",\\\"eventlist\\\":[],\\\"options\\\":{\\\"labelTitle\\\":\\\"单行文本\\\",\\\"defaultValue\\\":\\\"\\\",\\\"placeholder\\\":\\\"\\\",\\\"required\\\":true,\\\"dataType\\\":\\\"string\\\",\\\"dataLength\\\":50,\\\"ctrlSpan\\\":12,\\\"filed', '{\"msg\":\"操作成功\",\"code\":200}', 0, NULL, '2022-08-08 15:18:25');
INSERT INTO `sys_oper_log` VALUES (182, '流程管理', 1, 'com.ruoyi.workflow.controller.FormMainConroller.add()', 'POST', 1, 'admin', NULL, '/formMain', '127.0.0.1', '内网IP', '{\"formCode\":\"biaodan2\",\"formDesc\":\"我是描述2\",\"formName\":\"表单12\",\"id\":1556540318597099522,\"items\":[{\"configJson\":\"{\\\"type\\\":\\\"tabs\\\",\\\"name\\\":\\\"标签页\\\",\\\"icon\\\":\\\"el-icon-collection-tag\\\",\\\"layout\\\":\\\"inline\\\",\\\"isShowSpanSetting\\\":true,\\\"options\\\":{\\\"idPrefix\\\":\\\"tabs_\\\",\\\"describe\\\":\\\"\\\",\\\"type\\\":\\\"\\\",\\\"tabPosition\\\":\\\"top\\\",\\\"panelist\\\":[{\\\"name\\\":\\\"tab1\\\",\\\"title\\\":\\\"面板1\\\",\\\"columns\\\":[{\\\"span\\\":24,\\\"list\\\":[{\\\"type\\\":\\\"select\\\",\\\"name\\\":\\\"下拉列表\\\",\\\"dragType\\\":\\\"control\\\",\\\"icon\\\":\\\"el-icon-finished\\\",\\\"isShowCheck\\\":true,\\\"isShowSpanSetting\\\":true,\\\"layout\\\":\\\"inline\\\",\\\"eventlist\\\":[],\\\"options\\\":{\\\"labelTitle\\\":\\\"下拉列表\\\",\\\"ctrlSpan\\\":12,\\\"options\\\":[{\\\"label\\\":\\\"选项1\\\",\\\"value\\\":\\\"1\\\"},{\\\"label\\\":\\\"选项2\\\",\\\"value\\\":\\\"2\\\"},{\\\"value\\\":3,\\\"label\\\":\\\"选项3\\\"}],\\\"isRemote\\\":false,\\\"sourceApi\\\":\\\"\\\",\\\"valueField\\\":\\\"Value\\\",\\\"textField\\\":\\\"Text\\\",\\\"defaultValue\\\":\\\"\\\",\\\"isMulty\\\":false,\\\"isSearch\\\":false,\\\"required\\\":true,\\\"edit\\\":\\\"\\\",\\\"placeholder\\\":\\\"\\\",\\\"filed\\\":\\\"filed165994315059286\\\",\\\"tagattr\\\":\\\"\\\",\\\"remoteFunc\\\":\\\"func_1659943150000_77497\\\"},\\\"key\\\":\\\"1659943150000_77497\\\",\\\"model\\\":\\\"select_1659943150000_77497\\\",\\\"rules\\\":[]}]}]},{\\\"name\\\":\\\"tab2\\\",\\\"title\\\":\\\"用户管理2\\\",\\\"columns\\\":[{\\\"span\\\":24,\\\"list\\\":[{\\\"type\\\":\\\"input\\\",\\\"name\\\":\\\"单行文本\\\",\\\"dragType\\\":\\\"control\\\",\\\"icon\\\":\\\"el-icon-postcard\\\",\\\"isShowCheck\\\":true,\\\"isShowSpanSetting\\\":true,\\\"layout\\\":\\\"inline\\\",\\\"eventlist\\\":[],\\\"options\\\":{\\\"labelTitle\\\":\\\"单行文本\\\",\\\"defaultValue\\\":\\\"\\\",\\\"placeholder\\\":\\\"\\\",\\\"required\\\":false,\\\"dataType\\\":\\\"string\\\",\\\"dataLength\\\":50,\\\"ctrlSpan\\\":12,\\\"filed\\\":\\\"filed165994316236053\\\",\\\"tagattr\\\":\\\"\\\",\\\"remoteFunc\\\":\\\"func_1659943162000_93794\\\"},\\\"key\\\":\\\"1659943162000_93794\\\",\\\"model\\\":\\\"input_1659943162000_93794\\\",\\\"rules\\\":[]}]}]}],\\\"tagattr\\\":\\\"\\\",\\\"remoteFunc\\\":\\\"func_1659943130000_71330\\\"},\\\"key\\\":\\\"1659943130000_71330\\\",\\\"model\\\":\\\"tabs_1659943130000_71330\\\",\\\"rules\\\":[]}\",\"formId\":1556540318597099522,\"id\":1556540569785577473,\"itemSort\":0,\"itemType\":\"tabs\",\"key\":\"1659943130000', '{\"msg\":\"操作成功\",\"code\":200}', 0, NULL, '2022-08-08 15:19:25');
INSERT INTO `sys_oper_log` VALUES (183, '流程管理', 1, 'com.ruoyi.workflow.controller.FormMainConroller.add()', 'POST', 1, 'admin', NULL, '/formMain', '127.0.0.1', '内网IP', '{\"formCode\":\"biaodan2\",\"formDesc\":\"我是描述2\",\"formName\":\"表单12\",\"id\":1556540318597099522,\"items\":[{\"configJson\":\"{\\\"key\\\":\\\"1659943079_26169\\\",\\\"icon\\\":\\\"el-icon-s-grid\\\",\\\"name\\\":\\\"模块控件\\\",\\\"type\\\":\\\"gridPanel\\\",\\\"model\\\":\\\"gridPanel_1659943079_71186\\\",\\\"title\\\":\\\"模块控件\\\",\\\"columns\\\":[{\\\"span\\\":24,\\\"list\\\":[{\\\"key\\\":\\\"1659943094000_66136\\\",\\\"icon\\\":\\\"el-icon-postcard\\\",\\\"name\\\":\\\"单行文本\\\",\\\"type\\\":\\\"input\\\",\\\"model\\\":\\\"input_1659943094000_66136\\\",\\\"rules\\\":[],\\\"layout\\\":\\\"inline\\\",\\\"options\\\":{\\\"filed\\\":\\\"filed165994309469805\\\",\\\"tagattr\\\":\\\"\\\",\\\"ctrlSpan\\\":12,\\\"dataType\\\":\\\"string\\\",\\\"required\\\":true,\\\"dataLength\\\":50,\\\"labelTitle\\\":\\\"单行文本\\\",\\\"remoteFunc\\\":\\\"func_1659943094000_66136\\\",\\\"placeholder\\\":\\\"\\\",\\\"defaultValue\\\":\\\"\\\"},\\\"dragType\\\":\\\"control\\\",\\\"eventlist\\\":[],\\\"isShowCheck\\\":true,\\\"isShowSpanSetting\\\":true,\\\"id\\\":\\\"1556540319335297027\\\"},{\\\"key\\\":\\\"1659943098000_98803\\\",\\\"icon\\\":\\\"el-icon-circle-plus-outline\\\",\\\"name\\\":\\\"数字控件\\\",\\\"type\\\":\\\"inputnumber\\\",\\\"model\\\":\\\"inputnumber_1659943098000_98803\\\",\\\"rules\\\":[],\\\"layout\\\":\\\"inline\\\",\\\"options\\\":{\\\"max\\\":\\\"10000000000\\\",\\\"min\\\":\\\"-10000000000\\\",\\\"step\\\":\\\"1\\\",\\\"filed\\\":\\\"filed165994309885605\\\",\\\"tagattr\\\":\\\"\\\",\\\"ctrlSpan\\\":12,\\\"required\\\":true,\\\"precision\\\":\\\"0\\\",\\\"labelTitle\\\":\\\"数字\\\",\\\"remoteFunc\\\":\\\"func_1659943098000_98803\\\",\\\"defaultValue\\\":0},\\\"dragType\\\":\\\"control\\\",\\\"eventlist\\\":[],\\\"isShowSpanSetting\\\":true,\\\"id\\\":\\\"1556540319335297028\\\"}]}],\\\"options\\\":{\\\"tagattr\\\":\\\"\\\",\\\"idPrefix\\\":\\\"pnl_\\\",\\\"controlId\\\":1659980869.989},\\\"isShowSpanSetting\\\":true}\",\"formId\":1556540318597099522,\"id\":1556540669383520257,\"itemSort\":0,\"itemType\":\"gridPanel\",\"key\":\"1659943079_26169\"},{\"configJson\":\"{\\\"key\\\":\\\"1659943094000_66136\\\",\\\"icon\\\":\\\"el-icon-postcard\\\",\\\"name\\\":\\\"单行文本\\\",\\\"type\\\":\\\"input\\\",\\\"model\\\":\\\"input_1659943094000_66136\\\",\\\"rules\\\":[],\\\"layout\\\":\\\"inline\\\",\\\"options\\\":{\\\"filed\\\":\\\"filed165994309469805\\\",\\\"tagattr\\\":\\\"\\\",\\\"ctrlSpan\\\":12,\\\"dataType\\\":\\\"string\\\",\\\"required\\\":true,\\\"dataLength\\\":50,\\\"labelTitle\\\":\\\"', '{\"msg\":\"操作成功\",\"code\":200}', 0, NULL, '2022-08-08 15:19:49');
INSERT INTO `sys_oper_log` VALUES (184, '流程管理', 1, 'com.ruoyi.workflow.controller.FormMainConroller.add()', 'POST', 1, 'admin', NULL, '/formMain', '127.0.0.1', '内网IP', '{\"createBy\":\"admin\",\"createTime\":\"2022-08-08T15:20:22.337+08:00\",\"delFlag\":\"0\",\"formCode\":\"2323423\",\"formDesc\":\"22\",\"formName\":\"扯啥1\",\"items\":[{\"configJson\":\"{\\\"type\\\":\\\"gridPanel\\\",\\\"name\\\":\\\"模块控件\\\",\\\"icon\\\":\\\"el-icon-s-grid\\\",\\\"title\\\":\\\"模块控件\\\",\\\"isShowSpanSetting\\\":true,\\\"columns\\\":[{\\\"span\\\":24,\\\"list\\\":[{\\\"type\\\":\\\"input\\\",\\\"name\\\":\\\"单行文本\\\",\\\"dragType\\\":\\\"control\\\",\\\"icon\\\":\\\"el-icon-postcard\\\",\\\"isShowCheck\\\":true,\\\"isShowSpanSetting\\\":true,\\\"layout\\\":\\\"inline\\\",\\\"eventlist\\\":[],\\\"options\\\":{\\\"labelTitle\\\":\\\"单行文本\\\",\\\"defaultValue\\\":\\\"\\\",\\\"placeholder\\\":\\\"\\\",\\\"required\\\":false,\\\"dataType\\\":\\\"string\\\",\\\"dataLength\\\":50,\\\"ctrlSpan\\\":12,\\\"filed\\\":\\\"filed165994321646988\\\",\\\"tagattr\\\":\\\"\\\",\\\"remoteFunc\\\":\\\"func_1659943216000_19087\\\"},\\\"key\\\":\\\"1659943216000_19087\\\",\\\"model\\\":\\\"input_1659943216000_19087\\\",\\\"rules\\\":[]},{\\\"type\\\":\\\"input\\\",\\\"name\\\":\\\"单行文本\\\",\\\"dragType\\\":\\\"control\\\",\\\"icon\\\":\\\"el-icon-postcard\\\",\\\"isShowCheck\\\":true,\\\"isShowSpanSetting\\\":true,\\\"layout\\\":\\\"inline\\\",\\\"eventlist\\\":[],\\\"options\\\":{\\\"labelTitle\\\":\\\"单行文本2\\\",\\\"defaultValue\\\":\\\"\\\",\\\"placeholder\\\":\\\"\\\",\\\"required\\\":true,\\\"dataType\\\":\\\"string\\\",\\\"dataLength\\\":50,\\\"ctrlSpan\\\":12,\\\"filed\\\":\\\"filed165994321820910\\\",\\\"tagattr\\\":\\\"\\\",\\\"remoteFunc\\\":\\\"func_1659943218000_26352\\\"},\\\"key\\\":\\\"1659943218000_26352\\\",\\\"model\\\":\\\"input_1659943218000_26352\\\",\\\"rules\\\":[]}]}],\\\"options\\\":{\\\"idPrefix\\\":\\\"pnl_\\\",\\\"controlId\\\":1659990164.565,\\\"tagattr\\\":\\\"\\\"},\\\"key\\\":\\\"1659943205_29891\\\",\\\"model\\\":\\\"gridPanel_1659943205_1677\\\"}\",\"formId\":1556540807673917442,\"id\":1556540807875244033,\"itemSort\":0,\"itemType\":\"gridPanel\",\"key\":\"1659943205_29891\"},{\"configJson\":\"{\\\"type\\\":\\\"input\\\",\\\"name\\\":\\\"单行文本\\\",\\\"dragType\\\":\\\"control\\\",\\\"icon\\\":\\\"el-icon-postcard\\\",\\\"isShowCheck\\\":true,\\\"isShowSpanSetting\\\":true,\\\"layout\\\":\\\"inline\\\",\\\"eventlist\\\":[],\\\"options\\\":{\\\"labelTitle\\\":\\\"单行文本\\\",\\\"defaultValue\\\":\\\"\\\",\\\"placeholder\\\":\\\"\\\",\\\"required\\\":false,\\\"dataType\\\":\\\"string\\\",\\\"dataLength\\\":50,\\\"ctrlSpan\\\":12,\\\"filed\\\":\\\"filed1659943216', '{\"msg\":\"操作成功\",\"code\":200}', 0, NULL, '2022-08-08 15:20:22');
INSERT INTO `sys_oper_log` VALUES (185, '流程管理', 1, 'com.ruoyi.workflow.controller.FormMainConroller.add()', 'POST', 1, 'admin', NULL, '/formMain', '127.0.0.1', '内网IP', '{\"createBy\":\"admin\",\"createTime\":\"2022-08-08T15:20:41.91+08:00\",\"delFlag\":\"0\",\"formCode\":\"\",\"formDesc\":\"\",\"formName\":\"\",\"items\":[{\"configJson\":\"{\\\"type\\\":\\\"gridPanel\\\",\\\"name\\\":\\\"模块控件\\\",\\\"icon\\\":\\\"el-icon-s-grid\\\",\\\"title\\\":\\\"模块控件\\\",\\\"isShowSpanSetting\\\":true,\\\"columns\\\":[{\\\"span\\\":24,\\\"list\\\":[{\\\"type\\\":\\\"inputnumber\\\",\\\"name\\\":\\\"数字控件\\\",\\\"icon\\\":\\\"el-icon-circle-plus-outline\\\",\\\"dragType\\\":\\\"control\\\",\\\"layout\\\":\\\"inline\\\",\\\"isShowSpanSetting\\\":true,\\\"eventlist\\\":[],\\\"options\\\":{\\\"ctrlSpan\\\":12,\\\"labelTitle\\\":\\\"数字\\\",\\\"defaultValue\\\":0,\\\"filed\\\":\\\"filed165994323562407\\\",\\\"min\\\":\\\"-10000000000\\\",\\\"max\\\":\\\"10000000000\\\",\\\"precision\\\":\\\"0\\\",\\\"step\\\":\\\"1\\\",\\\"required\\\":true,\\\"tagattr\\\":\\\"\\\",\\\"remoteFunc\\\":\\\"func_1659943235000_62728\\\"},\\\"key\\\":\\\"1659943235000_62728\\\",\\\"model\\\":\\\"inputnumber_1659943235000_62728\\\",\\\"rules\\\":[]},{\\\"type\\\":\\\"select\\\",\\\"name\\\":\\\"下拉列表\\\",\\\"dragType\\\":\\\"control\\\",\\\"icon\\\":\\\"el-icon-finished\\\",\\\"isShowCheck\\\":true,\\\"isShowSpanSetting\\\":true,\\\"layout\\\":\\\"inline\\\",\\\"eventlist\\\":[],\\\"options\\\":{\\\"labelTitle\\\":\\\"下拉列表\\\",\\\"ctrlSpan\\\":12,\\\"options\\\":[{\\\"label\\\":\\\"选项1\\\",\\\"value\\\":\\\"1\\\"},{\\\"label\\\":\\\"选项2\\\",\\\"value\\\":\\\"2\\\"}],\\\"isRemote\\\":false,\\\"sourceApi\\\":\\\"\\\",\\\"valueField\\\":\\\"Value\\\",\\\"textField\\\":\\\"Text\\\",\\\"defaultValue\\\":\\\"\\\",\\\"isMulty\\\":false,\\\"isSearch\\\":false,\\\"required\\\":false,\\\"edit\\\":\\\"\\\",\\\"placeholder\\\":\\\"\\\",\\\"filed\\\":\\\"filed16599432407204\\\",\\\"tagattr\\\":\\\"\\\",\\\"remoteFunc\\\":\\\"func_1659943240000_67264\\\"},\\\"key\\\":\\\"1659943240000_67264\\\",\\\"model\\\":\\\"select_1659943240000_67264\\\",\\\"rules\\\":[]}]}],\\\"options\\\":{\\\"idPrefix\\\":\\\"pnl_\\\",\\\"controlId\\\":1659981052.564,\\\"tagattr\\\":\\\"\\\"},\\\"key\\\":\\\"1659943226_91230\\\",\\\"model\\\":\\\"gridPanel_1659943226_91686\\\"}\",\"formId\":1556540889769029634,\"id\":1556540889995522050,\"itemSort\":0,\"itemType\":\"gridPanel\",\"key\":\"1659943226_91230\"},{\"configJson\":\"{\\\"type\\\":\\\"inputnumber\\\",\\\"name\\\":\\\"数字控件\\\",\\\"icon\\\":\\\"el-icon-circle-plus-outline\\\",\\\"dragType\\\":\\\"control\\\",\\\"layout\\\":\\\"inline\\\",\\\"isShowSpanSetting\\\":true,\\\"eventlist\\\":[],\\', '{\"msg\":\"操作成功\",\"code\":200}', 0, NULL, '2022-08-08 15:20:41');
INSERT INTO `sys_oper_log` VALUES (186, '流程管理', 1, 'com.ruoyi.workflow.controller.FormMainConroller.add()', 'POST', 1, 'admin', NULL, '/formMain', '127.0.0.1', '内网IP', '{\"formCode\":\"232323\",\"formDesc\":\"fw3er234\",\"formName\":\"2323e2323\",\"id\":1556540889769029634,\"items\":[{\"configJson\":\"{\\\"key\\\":\\\"1659943226_91230\\\",\\\"icon\\\":\\\"el-icon-s-grid\\\",\\\"name\\\":\\\"模块控件\\\",\\\"type\\\":\\\"gridPanel\\\",\\\"model\\\":\\\"gridPanel_1659943226_91686\\\",\\\"title\\\":\\\"模块控件\\\",\\\"columns\\\":[{\\\"span\\\":24,\\\"list\\\":[{\\\"key\\\":\\\"1659943235000_62728\\\",\\\"icon\\\":\\\"el-icon-circle-plus-outline\\\",\\\"name\\\":\\\"数字控件\\\",\\\"type\\\":\\\"inputnumber\\\",\\\"model\\\":\\\"inputnumber_1659943235000_62728\\\",\\\"rules\\\":[],\\\"layout\\\":\\\"inline\\\",\\\"options\\\":{\\\"max\\\":\\\"10000000000\\\",\\\"min\\\":\\\"-10000000000\\\",\\\"step\\\":\\\"1\\\",\\\"filed\\\":\\\"filed165994323562407\\\",\\\"tagattr\\\":\\\"\\\",\\\"ctrlSpan\\\":12,\\\"required\\\":true,\\\"precision\\\":\\\"0\\\",\\\"labelTitle\\\":\\\"数字\\\",\\\"remoteFunc\\\":\\\"func_1659943235000_62728\\\",\\\"defaultValue\\\":0},\\\"dragType\\\":\\\"control\\\",\\\"eventlist\\\":[],\\\"isShowSpanSetting\\\":true,\\\"id\\\":\\\"1556540889995522051\\\"},{\\\"key\\\":\\\"1659943240000_67264\\\",\\\"icon\\\":\\\"el-icon-finished\\\",\\\"name\\\":\\\"下拉列表\\\",\\\"type\\\":\\\"select\\\",\\\"model\\\":\\\"select_1659943240000_67264\\\",\\\"rules\\\":[],\\\"layout\\\":\\\"inline\\\",\\\"options\\\":{\\\"edit\\\":\\\"\\\",\\\"filed\\\":\\\"filed16599432407204\\\",\\\"isMulty\\\":false,\\\"options\\\":[{\\\"label\\\":\\\"选项1\\\",\\\"value\\\":\\\"1\\\"},{\\\"label\\\":\\\"选项2\\\",\\\"value\\\":\\\"2\\\"}],\\\"tagattr\\\":\\\"\\\",\\\"ctrlSpan\\\":12,\\\"isRemote\\\":false,\\\"isSearch\\\":false,\\\"required\\\":false,\\\"sourceApi\\\":\\\"\\\",\\\"textField\\\":\\\"Text\\\",\\\"labelTitle\\\":\\\"下拉列表\\\",\\\"remoteFunc\\\":\\\"func_1659943240000_67264\\\",\\\"valueField\\\":\\\"Value\\\",\\\"placeholder\\\":\\\"\\\",\\\"defaultValue\\\":\\\"\\\"},\\\"dragType\\\":\\\"control\\\",\\\"eventlist\\\":[],\\\"isShowCheck\\\":true,\\\"isShowSpanSetting\\\":true,\\\"id\\\":\\\"1556540889995522052\\\"}]}],\\\"options\\\":{\\\"tagattr\\\":\\\"\\\",\\\"idPrefix\\\":\\\"pnl_\\\",\\\"controlId\\\":1659981052.564},\\\"isShowSpanSetting\\\":true}\",\"formId\":1556540889769029634,\"id\":1556540921536688130,\"itemSort\":0,\"itemType\":\"gridPanel\",\"key\":\"1659943226_91230\"},{\"configJson\":\"{\\\"key\\\":\\\"1659943235000_62728\\\",\\\"icon\\\":\\\"el-icon-circle-plus-outline\\\",\\\"name\\\":\\\"数字控件\\\",\\\"type\\\":\\\"inputnumber\\\",\\\"model\\\":\\\"inputnumber_165', '{\"msg\":\"操作成功\",\"code\":200}', 0, NULL, '2022-08-08 15:20:49');
INSERT INTO `sys_oper_log` VALUES (187, '流程管理', 1, 'com.ruoyi.workflow.controller.FormMainConroller.add()', 'POST', 1, 'admin', NULL, '/formMain', '127.0.0.1', '内网IP', '{\"createBy\":\"admin\",\"createTime\":\"2022-08-08T15:21:12.601+08:00\",\"delFlag\":\"0\",\"formCode\":\"2fseasewe\",\"formDesc\":\"22\",\"formName\":\"qidong 2\",\"items\":[{\"configJson\":\"{\\\"type\\\":\\\"gridPanel\\\",\\\"name\\\":\\\"模块控件\\\",\\\"icon\\\":\\\"el-icon-s-grid\\\",\\\"title\\\":\\\"模块控件\\\",\\\"isShowSpanSetting\\\":true,\\\"columns\\\":[{\\\"span\\\":24,\\\"list\\\":[{\\\"type\\\":\\\"input\\\",\\\"name\\\":\\\"单行文本\\\",\\\"dragType\\\":\\\"control\\\",\\\"icon\\\":\\\"el-icon-postcard\\\",\\\"isShowCheck\\\":true,\\\"isShowSpanSetting\\\":true,\\\"layout\\\":\\\"inline\\\",\\\"eventlist\\\":[],\\\"options\\\":{\\\"labelTitle\\\":\\\"单行文本\\\",\\\"defaultValue\\\":\\\"\\\",\\\"placeholder\\\":\\\"\\\",\\\"required\\\":false,\\\"dataType\\\":\\\"string\\\",\\\"dataLength\\\":50,\\\"ctrlSpan\\\":12,\\\"filed\\\":\\\"filed165994326660513\\\",\\\"tagattr\\\":\\\"\\\",\\\"remoteFunc\\\":\\\"func_1659943266000_62547\\\"},\\\"key\\\":\\\"1659943266000_62547\\\",\\\"model\\\":\\\"input_1659943266000_62547\\\",\\\"rules\\\":[]},{\\\"type\\\":\\\"input\\\",\\\"name\\\":\\\"单行文本\\\",\\\"dragType\\\":\\\"control\\\",\\\"icon\\\":\\\"el-icon-postcard\\\",\\\"isShowCheck\\\":true,\\\"isShowSpanSetting\\\":true,\\\"layout\\\":\\\"inline\\\",\\\"eventlist\\\":[],\\\"options\\\":{\\\"labelTitle\\\":\\\"单行文本\\\",\\\"defaultValue\\\":\\\"\\\",\\\"placeholder\\\":\\\"\\\",\\\"required\\\":false,\\\"dataType\\\":\\\"string\\\",\\\"dataLength\\\":50,\\\"ctrlSpan\\\":12,\\\"filed\\\":\\\"filed165994326877027\\\",\\\"tagattr\\\":\\\"\\\",\\\"remoteFunc\\\":\\\"func_1659943268000_45599\\\"},\\\"key\\\":\\\"1659943268000_45599\\\",\\\"model\\\":\\\"input_1659943268000_45599\\\",\\\"rules\\\":[]},{\\\"type\\\":\\\"input\\\",\\\"name\\\":\\\"单行文本\\\",\\\"dragType\\\":\\\"control\\\",\\\"icon\\\":\\\"el-icon-postcard\\\",\\\"isShowCheck\\\":true,\\\"isShowSpanSetting\\\":true,\\\"layout\\\":\\\"inline\\\",\\\"eventlist\\\":[],\\\"options\\\":{\\\"labelTitle\\\":\\\"单行文本\\\",\\\"defaultValue\\\":\\\"\\\",\\\"placeholder\\\":\\\"\\\",\\\"required\\\":false,\\\"dataType\\\":\\\"string\\\",\\\"dataLength\\\":50,\\\"ctrlSpan\\\":12,\\\"filed\\\":\\\"filed165994326910512\\\",\\\"tagattr\\\":\\\"\\\",\\\"remoteFunc\\\":\\\"func_1659943269000_77957\\\"},\\\"key\\\":\\\"1659943269000_77957\\\",\\\"model\\\":\\\"input_1659943269000_77957\\\",\\\"rules\\\":[]},{\\\"type\\\":\\\"input\\\",\\\"name\\\":\\\"单行文本\\\",\\\"dragType\\\":\\\"control\\\",\\\"icon\\\":\\\"el-icon-postcard\\\",\\\"isShowCheck\\\":true,\\\"isShowSp', '{\"msg\":\"操作成功\",\"code\":200}', 0, NULL, '2022-08-08 15:21:12');
INSERT INTO `sys_oper_log` VALUES (188, '流程管理', 1, 'com.ruoyi.workflow.controller.FlowSetMainConroller.add()', 'POST', 1, 'admin', NULL, '/flowSet', '127.0.0.1', '内网IP', '{\"edges\":[{\"conditionKey\":\"Y\",\"conditionType\":\"1\",\"id\":\"Flow_191iamq\",\"sourceNodeId\":\"Event_2pbuo1q\",\"targetNodeId\":\"Activity_1nisd3j\",\"type\":\"bpmn:sequenceFlow\"},{\"conditionKey\":\"Y\",\"conditionType\":\"1\",\"id\":\"Flow_2deqige\",\"sourceNodeId\":\"Activity_1nisd3j\",\"targetNodeId\":\"Activity_1o3qt0e\",\"type\":\"bpmn:sequenceFlow\"},{\"conditionKey\":\"N\",\"conditionType\":\"1\",\"id\":\"Flow_3d81vh2\",\"remark\":\"测试\",\"sourceNodeId\":\"Activity_1nisd3j\",\"targetNodeId\":\"Activity_1oaiktt\",\"type\":\"bpmn:sequenceFlow\"},{\"conditionKey\":\"Y\",\"conditionType\":\"1\",\"id\":\"Flow_2f2o9ci\",\"sourceNodeId\":\"Activity_1o3qt0e\",\"targetNodeId\":\"Event_28soqio\",\"type\":\"bpmn:sequenceFlow\"},{\"conditionKey\":\"Y\",\"conditionType\":\"1\",\"id\":\"Flow_0nlr4tf\",\"sourceNodeId\":\"Activity_1oaiktt\",\"targetNodeId\":\"Activity_1o3qt0e\",\"type\":\"bpmn:sequenceFlow\"}],\"flowKey\":\"232323\",\"flowName\":\"veerver\",\"nodes\":[{\"coordinateX\":300,\"coordinateY\":150,\"flowInType\":\"1\",\"formMainId\":1556541018504802305,\"formMainName\":\"qidong 2\",\"id\":\"Event_2pbuo1q\",\"moduleName\":\"开始\",\"type\":\"bpmn:startEvent\"},{\"applyType\":\"1\",\"coordinateX\":470,\"coordinateY\":170,\"flowInType\":\"1\",\"formMainId\":1556540889769029634,\"formMainName\":\"2323e2323\",\"id\":\"Activity_1nisd3j\",\"moduleName\":\"测试1\",\"refType\":\"1\",\"type\":\"bpmn:userTask\",\"userIds\":\"100\"},{\"applyType\":\"1\",\"coordinateX\":670,\"coordinateY\":170,\"flowInType\":\"1\",\"formMainId\":1556540807673917442,\"formMainName\":\"扯啥1\",\"id\":\"Activity_1o3qt0e\",\"moduleName\":\"22222\",\"refType\":\"1\",\"type\":\"bpmn:userTask\",\"userIds\":\"100\"},{\"applyType\":\"1\",\"coordinateX\":540,\"coordinateY\":400,\"flowInType\":\"1\",\"formMainId\":1556540889769029634,\"formMainName\":\"2323e2323\",\"id\":\"Activity_1oaiktt\",\"moduleName\":\"乐22323\",\"refType\":\"1\",\"type\":\"bpmn:userTask\",\"userIds\":\"101\"},{\"coordinateX\":1030,\"coordinateY\":180,\"id\":\"Event_28soqio\",\"type\":\"bpmn:endEvent\"}]}', NULL, 1, '\r\n### Error querying database.  Cause: java.sql.SQLSyntaxErrorException: Unknown column \'form_main_name\' in \'field list\'\r\n### The error may exist in com/ruoyi/workflow/mapper/FlowSetModuleMapper.java (best guess)\r\n### The error may involve defaultParameterMap\r\n### The error occurred while setting parameters\r\n### SQL: SELECT  id,type,flow_set_main_id,module_name,module_code,role_ids,user_ids,apply_type,apply_scale,ref_type,current_flag,edition,coordinate_x,coordinate_y,del_flag,create_by,create_time,update_by,update_time,next_dept_type,next_dept_ids,dept_type,flow_in_type,auto_pass_type,delay_time,delay_time_unit,form_main_name,form_main_id  FROM flow_set_module     WHERE (flow_set_main_id = ?)\r\n### Cause: java.sql.SQLSyntaxErrorException: Unknown column \'form_main_name\' in \'field list\'\n; bad SQL grammar []; nested exception is java.sql.SQLSyntaxErrorException: Unknown column \'form_main_name\' in \'field list\'', '2022-08-08 15:31:50');
INSERT INTO `sys_oper_log` VALUES (189, '流程管理', 1, 'com.ruoyi.workflow.controller.FlowSetMainConroller.add()', 'POST', 1, 'admin', NULL, '/flowSet', '127.0.0.1', '内网IP', '{\"edges\":[{\"conditionKey\":\"Y\",\"conditionType\":\"1\",\"id\":\"Flow_0jn0hph\",\"sourceNodeId\":\"Event_3tt7b2r\",\"targetNodeId\":\"Activity_0bvu6vt\",\"type\":\"bpmn:sequenceFlow\"},{\"conditionKey\":\"Y\",\"conditionType\":\"1\",\"id\":\"Flow_1q6t446\",\"sourceNodeId\":\"Activity_0bvu6vt\",\"targetNodeId\":\"Activity_18hjldt\",\"type\":\"bpmn:sequenceFlow\"},{\"conditionKey\":\"Y\",\"conditionType\":\"1\",\"id\":\"Flow_3agsmi6\",\"sourceNodeId\":\"Activity_18hjldt\",\"targetNodeId\":\"Activity_2bk1sfc\",\"type\":\"bpmn:sequenceFlow\"},{\"conditionKey\":\"N\",\"conditionType\":\"1\",\"id\":\"Flow_1f63e7e\",\"remark\":\"32233\",\"sourceNodeId\":\"Activity_18hjldt\",\"targetNodeId\":\"Activity_3ahhrri\",\"type\":\"bpmn:sequenceFlow\"},{\"conditionKey\":\"Y\",\"conditionType\":\"1\",\"id\":\"Flow_34qukb0\",\"sourceNodeId\":\"Activity_2bk1sfc\",\"targetNodeId\":\"Activity_0qbenst\",\"type\":\"bpmn:sequenceFlow\"},{\"conditionKey\":\"Y\",\"conditionType\":\"1\",\"id\":\"Flow_2i0nihb\",\"sourceNodeId\":\"Activity_3ahhrri\",\"targetNodeId\":\"Activity_0qbenst\",\"type\":\"bpmn:sequenceFlow\"},{\"conditionKey\":\"Y\",\"conditionType\":\"1\",\"id\":\"Flow_025n6g4\",\"sourceNodeId\":\"Activity_0qbenst\",\"targetNodeId\":\"Event_23m664f\",\"type\":\"bpmn:sequenceFlow\"}],\"flowKey\":\"发のef\",\"flowName\":\"来2232323\",\"nodes\":[{\"coordinateX\":250,\"coordinateY\":170,\"flowInType\":\"1\",\"formMainId\":1556541018504802305,\"formMainName\":\"qidong 2\",\"id\":\"Event_3tt7b2r\",\"moduleName\":\"开始\",\"roleIds\":[],\"type\":\"bpmn:startEvent\"},{\"autoPassType\":\"1\",\"coordinateX\":450,\"coordinateY\":170,\"flowInType\":\"1\",\"id\":\"Activity_0bvu6vt\",\"moduleName\":\"额212\",\"roleIds\":[],\"type\":\"bpmn:serviceTask\"},{\"applyType\":\"1\",\"coordinateX\":650,\"coordinateY\":170,\"flowInType\":\"1\",\"formMainId\":1556541018504802305,\"formMainName\":\"qidong 2\",\"id\":\"Activity_18hjldt\",\"moduleName\":\"打2123\",\"refType\":\"1\",\"roleIds\":[],\"type\":\"bpmn:userTask\",\"userIds\":\"100\"},{\"applyScale\":1,\"applyType\":\"3\",\"coordinateX\":850,\"coordinateY\":170,\"flowInType\":\"1\",\"formMainId\":1556540889769029634,\"formMainName\":\"2323e2323\",\"id\":\"Activity_2bk1sfc\",\"moduleName\":\"2323\",\"refType\":\"2\",\"roleIds\":[2],\"type\":\"bpmn:userTask\"},{\"applyT', NULL, 1, '\r\n### Error querying database.  Cause: java.sql.SQLSyntaxErrorException: Unknown column \'form_main_name\' in \'field list\'\r\n### The error may exist in com/ruoyi/workflow/mapper/FlowSetModuleMapper.java (best guess)\r\n### The error may involve defaultParameterMap\r\n### The error occurred while setting parameters\r\n### SQL: SELECT  id,type,flow_set_main_id,module_name,module_code,role_ids,user_ids,apply_type,apply_scale,ref_type,current_flag,edition,coordinate_x,coordinate_y,del_flag,create_by,create_time,update_by,update_time,next_dept_type,next_dept_ids,dept_type,flow_in_type,auto_pass_type,delay_time,delay_time_unit,form_main_name,form_main_id  FROM flow_set_module     WHERE (flow_set_main_id = ?)\r\n### Cause: java.sql.SQLSyntaxErrorException: Unknown column \'form_main_name\' in \'field list\'\n; bad SQL grammar []; nested exception is java.sql.SQLSyntaxErrorException: Unknown column \'form_main_name\' in \'field list\'', '2022-08-08 15:41:06');
INSERT INTO `sys_oper_log` VALUES (190, '流程管理', 1, 'com.ruoyi.workflow.controller.FlowSetMainConroller.add()', 'POST', 1, 'admin', NULL, '/flowSet', '127.0.0.1', '内网IP', '{\"edges\":[{\"conditionKey\":\"Y\",\"conditionType\":\"1\",\"id\":\"Flow_0jn0hph\",\"sourceNodeId\":\"Event_3tt7b2r\",\"targetNodeId\":\"Activity_0bvu6vt\",\"type\":\"bpmn:sequenceFlow\"},{\"conditionKey\":\"Y\",\"conditionType\":\"1\",\"id\":\"Flow_1q6t446\",\"sourceNodeId\":\"Activity_0bvu6vt\",\"targetNodeId\":\"Activity_18hjldt\",\"type\":\"bpmn:sequenceFlow\"},{\"conditionKey\":\"Y\",\"conditionType\":\"1\",\"id\":\"Flow_3agsmi6\",\"sourceNodeId\":\"Activity_18hjldt\",\"targetNodeId\":\"Activity_2bk1sfc\",\"type\":\"bpmn:sequenceFlow\"},{\"conditionKey\":\"N\",\"conditionType\":\"1\",\"id\":\"Flow_1f63e7e\",\"remark\":\"32233\",\"sourceNodeId\":\"Activity_18hjldt\",\"targetNodeId\":\"Activity_3ahhrri\",\"type\":\"bpmn:sequenceFlow\"},{\"conditionKey\":\"Y\",\"conditionType\":\"1\",\"id\":\"Flow_34qukb0\",\"sourceNodeId\":\"Activity_2bk1sfc\",\"targetNodeId\":\"Activity_0qbenst\",\"type\":\"bpmn:sequenceFlow\"},{\"conditionKey\":\"Y\",\"conditionType\":\"1\",\"id\":\"Flow_2i0nihb\",\"sourceNodeId\":\"Activity_3ahhrri\",\"targetNodeId\":\"Activity_0qbenst\",\"type\":\"bpmn:sequenceFlow\"},{\"conditionKey\":\"Y\",\"conditionType\":\"1\",\"id\":\"Flow_025n6g4\",\"sourceNodeId\":\"Activity_0qbenst\",\"targetNodeId\":\"Event_23m664f\",\"type\":\"bpmn:sequenceFlow\"}],\"flowKey\":\"发のef\",\"flowName\":\"来2232323\",\"nodes\":[{\"coordinateX\":250,\"coordinateY\":170,\"flowInType\":\"1\",\"formMainId\":1556541018504802305,\"formMainName\":\"qidong 2\",\"id\":\"Event_3tt7b2r\",\"moduleName\":\"开始\",\"roleIds\":[],\"type\":\"bpmn:startEvent\"},{\"autoPassType\":\"1\",\"coordinateX\":450,\"coordinateY\":170,\"flowInType\":\"1\",\"id\":\"Activity_0bvu6vt\",\"moduleName\":\"额212\",\"roleIds\":[],\"type\":\"bpmn:serviceTask\"},{\"applyType\":\"1\",\"coordinateX\":650,\"coordinateY\":170,\"flowInType\":\"1\",\"formMainId\":1556541018504802305,\"formMainName\":\"qidong 2\",\"id\":\"Activity_18hjldt\",\"moduleName\":\"打2123\",\"refType\":\"1\",\"roleIds\":[],\"type\":\"bpmn:userTask\",\"userIds\":\"100\"},{\"applyScale\":1,\"applyType\":\"3\",\"coordinateX\":850,\"coordinateY\":170,\"flowInType\":\"1\",\"formMainId\":1556540889769029634,\"formMainName\":\"2323e2323\",\"id\":\"Activity_2bk1sfc\",\"moduleName\":\"2323\",\"refType\":\"2\",\"roleIds\":[2],\"type\":\"bpmn:userTask\"},{\"applyT', '{\"msg\":\"操作成功\",\"code\":200}', 0, NULL, '2022-08-08 15:41:37');
INSERT INTO `sys_oper_log` VALUES (191, '流程管理', 2, 'com.ruoyi.workflow.controller.FlowSetMainConroller.edit()', 'PUT', 1, 'admin', NULL, '/flowSet', '127.0.0.1', '内网IP', '{\"edges\":[{\"conditionKey\":\"Y\",\"conditionType\":\"1\",\"id\":\"1556546157168824328\",\"sourceNodeId\":\"1556546157168824321\",\"targetNodeId\":\"1556546157168824322\",\"type\":\"bpmn:sequenceFlow\"},{\"conditionKey\":\"Y\",\"conditionType\":\"1\",\"id\":\"1556546157168824329\",\"sourceNodeId\":\"1556546157168824322\",\"targetNodeId\":\"1556546157168824323\",\"type\":\"bpmn:sequenceFlow\"},{\"conditionKey\":\"Y\",\"conditionType\":\"1\",\"id\":\"1556546157168824330\",\"sourceNodeId\":\"1556546157168824323\",\"targetNodeId\":\"1556546157168824324\",\"type\":\"bpmn:sequenceFlow\"},{\"conditionKey\":\"N\",\"conditionType\":\"1\",\"id\":\"1556546157168824331\",\"remark\":\"32233\",\"sourceNodeId\":\"1556546157168824323\",\"targetNodeId\":\"1556546157168824325\",\"type\":\"bpmn:sequenceFlow\"},{\"conditionKey\":\"Y\",\"conditionType\":\"1\",\"id\":\"1556546157168824332\",\"sourceNodeId\":\"1556546157168824324\",\"targetNodeId\":\"1556546157168824326\",\"type\":\"bpmn:sequenceFlow\"},{\"conditionKey\":\"Y\",\"conditionType\":\"1\",\"id\":\"1556546157168824333\",\"sourceNodeId\":\"1556546157168824325\",\"targetNodeId\":\"1556546157168824326\",\"type\":\"bpmn:sequenceFlow\"},{\"conditionKey\":\"Y\",\"conditionType\":\"1\",\"id\":\"1556546157168824334\",\"sourceNodeId\":\"1556546157168824326\",\"targetNodeId\":\"1556546157168824327\",\"type\":\"bpmn:sequenceFlow\"}],\"flowKey\":\"发のef\",\"flowName\":\"来2232323\",\"id\":1556546156984274945,\"nodes\":[{\"applyType\":\"1\",\"coordinateX\":250,\"coordinateY\":170,\"flowInType\":\"1\",\"formMainId\":1556541018504802305,\"formMainName\":\"qidong 2\",\"id\":\"1556546157168824321\",\"moduleName\":\"开始\",\"roleIds\":[],\"type\":\"bpmn:startEvent\"},{\"applyType\":\"1\",\"autoPassType\":\"1\",\"coordinateX\":450,\"coordinateY\":170,\"flowInType\":\"1\",\"id\":\"1556546157168824322\",\"moduleName\":\"额212\",\"roleIds\":[],\"type\":\"bpmn:serviceTask\"},{\"applyType\":\"1\",\"coordinateX\":650,\"coordinateY\":170,\"flowInType\":\"1\",\"formMainId\":1556540889769029634,\"formMainName\":\"2323e2323\",\"id\":\"1556546157168824323\",\"moduleName\":\"打2123\",\"refType\":\"1\",\"roleIds\":[],\"type\":\"bpmn:userTask\",\"userIds\":\"100\"},{\"applyScale\":1,\"applyType\":\"3\",\"coordinateX\":850,\"coordinateY\":170,\"flowInType\":\"', '{\"msg\":\"操作成功\",\"code\":200}', 0, NULL, '2022-08-08 15:45:44');
INSERT INTO `sys_oper_log` VALUES (192, '流程管理', 2, 'com.ruoyi.workflow.controller.FlowSetMainConroller.edit()', 'PUT', 1, 'admin', NULL, '/flowSet', '127.0.0.1', '内网IP', '{\"edges\":[{\"conditionKey\":\"Y\",\"conditionType\":\"1\",\"id\":\"1556547189919715336\",\"sourceNodeId\":\"1556547189907132418\",\"targetNodeId\":\"1556547189919715330\",\"type\":\"bpmn:sequenceFlow\"},{\"conditionKey\":\"Y\",\"conditionType\":\"1\",\"id\":\"1556547189919715337\",\"sourceNodeId\":\"1556547189919715330\",\"targetNodeId\":\"1556547189919715331\",\"type\":\"bpmn:sequenceFlow\"},{\"conditionKey\":\"Y\",\"conditionType\":\"1\",\"id\":\"1556547189919715338\",\"sourceNodeId\":\"1556547189919715331\",\"targetNodeId\":\"1556547189919715332\",\"type\":\"bpmn:sequenceFlow\"},{\"conditionKey\":\"N\",\"conditionType\":\"1\",\"id\":\"1556547189919715339\",\"remark\":\"32233\",\"sourceNodeId\":\"1556547189919715331\",\"targetNodeId\":\"1556547189919715333\",\"type\":\"bpmn:sequenceFlow\"},{\"conditionKey\":\"Y\",\"conditionType\":\"1\",\"id\":\"1556547189919715340\",\"sourceNodeId\":\"1556547189919715332\",\"targetNodeId\":\"1556547189919715334\",\"type\":\"bpmn:sequenceFlow\"},{\"conditionKey\":\"Y\",\"conditionType\":\"1\",\"id\":\"1556547189919715341\",\"sourceNodeId\":\"1556547189919715333\",\"targetNodeId\":\"1556547189919715334\",\"type\":\"bpmn:sequenceFlow\"},{\"conditionKey\":\"Y\",\"conditionType\":\"1\",\"id\":\"1556547189919715342\",\"sourceNodeId\":\"1556547189919715334\",\"targetNodeId\":\"1556547189919715335\",\"type\":\"bpmn:sequenceFlow\"}],\"flowKey\":\"发のef\",\"flowName\":\"来2232323\",\"id\":1556546156984274945,\"nodes\":[{\"applyType\":\"1\",\"coordinateX\":250,\"coordinateY\":170,\"flowInType\":\"1\",\"formMainId\":1556541018504802305,\"formMainName\":\"qidong 2\",\"id\":\"1556547189907132418\",\"moduleName\":\"开始\",\"roleIds\":[],\"type\":\"bpmn:startEvent\"},{\"applyType\":\"1\",\"autoPassType\":\"1\",\"coordinateX\":450,\"coordinateY\":170,\"flowInType\":\"1\",\"id\":\"1556547189919715330\",\"moduleName\":\"额212\",\"roleIds\":[],\"type\":\"bpmn:serviceTask\"},{\"applyType\":\"1\",\"coordinateX\":650,\"coordinateY\":170,\"flowInType\":\"1\",\"id\":\"1556547189919715331\",\"moduleName\":\"打2123\",\"refType\":\"1\",\"roleIds\":[],\"type\":\"bpmn:userTask\",\"userIds\":\"100\"},{\"applyScale\":1,\"applyType\":\"3\",\"coordinateX\":850,\"coordinateY\":170,\"flowInType\":\"1\",\"id\":\"1556547189919715332\",\"moduleName\":\"2323\",\"refType\":', '{\"msg\":\"操作成功\",\"code\":200}', 0, NULL, '2022-08-08 15:46:22');
INSERT INTO `sys_oper_log` VALUES (193, '流程管理', 2, 'com.ruoyi.workflow.controller.FlowSetMainConroller.edit()', 'PUT', 1, 'admin', NULL, '/flowSet', '127.0.0.1', '内网IP', '{\"edges\":[{\"conditionKey\":\"Y\",\"conditionType\":\"1\",\"id\":\"1556547189919715336\",\"sourceNodeId\":\"1556547189907132418\",\"targetNodeId\":\"1556547189919715330\",\"type\":\"bpmn:sequenceFlow\"},{\"conditionKey\":\"Y\",\"conditionType\":\"1\",\"id\":\"1556547189919715337\",\"sourceNodeId\":\"1556547189919715330\",\"targetNodeId\":\"1556547189919715331\",\"type\":\"bpmn:sequenceFlow\"},{\"conditionKey\":\"Y\",\"conditionType\":\"1\",\"id\":\"1556547189919715338\",\"sourceNodeId\":\"1556547189919715331\",\"targetNodeId\":\"1556547189919715332\",\"type\":\"bpmn:sequenceFlow\"},{\"conditionKey\":\"N\",\"conditionType\":\"1\",\"id\":\"1556547189919715339\",\"remark\":\"32233\",\"sourceNodeId\":\"1556547189919715331\",\"targetNodeId\":\"1556547189919715333\",\"type\":\"bpmn:sequenceFlow\"},{\"conditionKey\":\"Y\",\"conditionType\":\"1\",\"id\":\"1556547189919715340\",\"sourceNodeId\":\"1556547189919715332\",\"targetNodeId\":\"1556547189919715334\",\"type\":\"bpmn:sequenceFlow\"},{\"conditionKey\":\"Y\",\"conditionType\":\"1\",\"id\":\"1556547189919715341\",\"sourceNodeId\":\"1556547189919715333\",\"targetNodeId\":\"1556547189919715334\",\"type\":\"bpmn:sequenceFlow\"},{\"conditionKey\":\"Y\",\"conditionType\":\"1\",\"id\":\"1556547189919715342\",\"sourceNodeId\":\"1556547189919715334\",\"targetNodeId\":\"1556547189919715335\",\"type\":\"bpmn:sequenceFlow\"}],\"flowKey\":\"发のef\",\"flowName\":\"来2232323\",\"id\":1556546156984274945,\"nodes\":[{\"applyType\":\"1\",\"coordinateX\":250,\"coordinateY\":170,\"flowInType\":\"1\",\"formMainId\":1556541018504802305,\"formMainName\":\"qidong 2\",\"id\":\"1556547189907132418\",\"moduleName\":\"开始\",\"roleIds\":[],\"type\":\"bpmn:startEvent\"},{\"applyType\":\"1\",\"autoPassType\":\"1\",\"coordinateX\":450,\"coordinateY\":170,\"flowInType\":\"1\",\"id\":\"1556547189919715330\",\"moduleName\":\"额212\",\"roleIds\":[],\"type\":\"bpmn:serviceTask\"},{\"applyType\":\"1\",\"coordinateX\":650,\"coordinateY\":170,\"flowInType\":\"1\",\"formMainId\":1556540889769029634,\"formMainName\":\"2323e2323\",\"id\":\"1556547189919715331\",\"moduleName\":\"打2123\",\"refType\":\"1\",\"roleIds\":[],\"type\":\"bpmn:userTask\",\"userIds\":\"100\"},{\"applyScale\":1,\"applyType\":\"3\",\"coordinateX\":850,\"coordinateY\":170,\"flowInType\":\"', '{\"msg\":\"操作成功\",\"code\":200}', 0, NULL, '2022-08-08 15:47:52');
INSERT INTO `sys_oper_log` VALUES (194, '菜单管理', 1, 'com.ruoyi.web.controller.system.SysMenuController.add()', 'POST', 1, 'admin', NULL, '/system/menu', '127.0.0.1', '内网IP', '{\"children\":[],\"component\":\"flow/flowrun/index\",\"createBy\":\"admin\",\"icon\":\"checkbox\",\"isCache\":\"0\",\"isFrame\":\"1\",\"menuName\":\"测试流程启动\",\"menuType\":\"C\",\"orderNum\":6,\"params\":{},\"parentId\":2000,\"path\":\"runflow\",\"status\":\"0\",\"visible\":\"0\"}', '{\"msg\":\"操作成功\",\"code\":200}', 0, NULL, '2022-08-08 16:06:03');
INSERT INTO `sys_oper_log` VALUES (195, '菜单管理', 1, 'com.ruoyi.web.controller.system.SysMenuController.add()', 'POST', 1, 'admin', NULL, '/system/menu', '127.0.0.1', '内网IP', '{\"children\":[],\"component\":\"flow/flowrun/todos\",\"createBy\":\"admin\",\"icon\":\"component\",\"isCache\":\"0\",\"isFrame\":\"1\",\"menuName\":\"流程节点查看\",\"menuType\":\"C\",\"orderNum\":7,\"params\":{},\"parentId\":2000,\"path\":\"flownodeseee\",\"status\":\"0\",\"visible\":\"0\"}', '{\"msg\":\"操作成功\",\"code\":200}', 0, NULL, '2022-08-08 17:25:31');
INSERT INTO `sys_oper_log` VALUES (196, '流程管理', 1, 'com.ruoyi.workflow.controller.FormMainConroller.add()', 'POST', 1, 'admin', NULL, '/formMain', '127.0.0.1', '内网IP', '{\"createBy\":\"admin\",\"createTime\":\"2022-08-09T14:34:49.092+08:00\",\"delFlag\":\"0\",\"formCode\":\"fuza\",\"formDesc\":\"复杂控件\",\"formName\":\"复杂控件\",\"items\":[{\"configJson\":\"{\\\"type\\\":\\\"gridPanel\\\",\\\"name\\\":\\\"模块控件\\\",\\\"icon\\\":\\\"el-icon-s-grid\\\",\\\"title\\\":\\\"模块控件\\\",\\\"isShowSpanSetting\\\":true,\\\"columns\\\":[{\\\"span\\\":24,\\\"list\\\":[{\\\"type\\\":\\\"select\\\",\\\"name\\\":\\\"下拉列表\\\",\\\"dragType\\\":\\\"control\\\",\\\"icon\\\":\\\"el-icon-finished\\\",\\\"isShowCheck\\\":true,\\\"isShowSpanSetting\\\":true,\\\"layout\\\":\\\"inline\\\",\\\"eventlist\\\":[],\\\"options\\\":{\\\"labelTitle\\\":\\\"测试多选\\\",\\\"ctrlSpan\\\":12,\\\"options\\\":[{\\\"label\\\":\\\"选项1\\\",\\\"value\\\":\\\"1\\\"},{\\\"label\\\":\\\"选项2\\\",\\\"value\\\":\\\"2\\\"},{\\\"value\\\":3,\\\"label\\\":\\\"选项3\\\"},{\\\"value\\\":4,\\\"label\\\":\\\"选项4\\\"}],\\\"isRemote\\\":false,\\\"sourceApi\\\":\\\"\\\",\\\"valueField\\\":\\\"Value\\\",\\\"textField\\\":\\\"Text\\\",\\\"defaultValue\\\":\\\"\\\",\\\"isMulty\\\":true,\\\"isSearch\\\":false,\\\"required\\\":true,\\\"edit\\\":\\\"\\\",\\\"placeholder\\\":\\\"\\\",\\\"filed\\\":\\\"filed166002676479172\\\",\\\"tagattr\\\":\\\"\\\",\\\"remoteFunc\\\":\\\"func_1660026764000_54915\\\"},\\\"key\\\":\\\"1660026764000_54915\\\",\\\"model\\\":\\\"select_1660026764000_54915\\\",\\\"rules\\\":[]},{\\\"type\\\":\\\"inputnumber\\\",\\\"name\\\":\\\"数字控件\\\",\\\"icon\\\":\\\"el-icon-circle-plus-outline\\\",\\\"dragType\\\":\\\"control\\\",\\\"layout\\\":\\\"inline\\\",\\\"isShowSpanSetting\\\":true,\\\"eventlist\\\":[],\\\"options\\\":{\\\"ctrlSpan\\\":12,\\\"labelTitle\\\":\\\"测试数字\\\",\\\"defaultValue\\\":0,\\\"filed\\\":\\\"filed166002678215811\\\",\\\"min\\\":\\\"-10000000000\\\",\\\"max\\\":\\\"10000000000\\\",\\\"precision\\\":\\\"0\\\",\\\"step\\\":\\\"1\\\",\\\"required\\\":true,\\\"tagattr\\\":\\\"\\\",\\\"remoteFunc\\\":\\\"func_1660026782000_13436\\\"},\\\"key\\\":\\\"1660026782000_13436\\\",\\\"model\\\":\\\"inputnumber_1660026782000_13436\\\",\\\"rules\\\":[]},{\\\"type\\\":\\\"editor\\\",\\\"name\\\":\\\"富文本\\\",\\\"icon\\\":\\\"el-icon-document\\\",\\\"layout\\\":\\\"inline\\\",\\\"isShowSpanSetting\\\":true,\\\"options\\\":{\\\"labelTitle\\\":\\\"富文本\\\",\\\"defaultValue\\\":\\\"\\\",\\\"placeholder\\\":\\\"\\\",\\\"required\\\":false,\\\"ctrlSpan\\\":24,\\\"height\\\":350,\\\"filed\\\":\\\"filed166002677919960\\\",\\\"tagattr\\\":\\\"\\\",\\\"remoteFunc\\\":\\\"func_1660026779000_31517\\\"},\\\"key\\\":\\\"1660026779000_31517\\\",\\\"model\\\":\\\"', '{\"msg\":\"操作成功\",\"code\":200}', 0, NULL, '2022-08-09 14:34:47');
INSERT INTO `sys_oper_log` VALUES (197, '流程管理', 1, 'com.ruoyi.workflow.controller.FlowSetMainConroller.add()', 'POST', 1, 'admin', NULL, '/flowSet', '127.0.0.1', '内网IP', '{\"edges\":[{\"conditionKey\":\"Y\",\"conditionType\":\"1\",\"id\":\"Flow_05m83n2\",\"sourceNodeId\":\"Event_3crhu2p\",\"targetNodeId\":\"Activity_26mht5m\",\"type\":\"bpmn:sequenceFlow\"},{\"conditionKey\":\"Y\",\"conditionType\":\"1\",\"id\":\"Flow_1e45kol\",\"sourceNodeId\":\"Activity_26mht5m\",\"targetNodeId\":\"Event_2n42aq4\",\"type\":\"bpmn:sequenceFlow\"}],\"flowKey\":\"44444\",\"flowName\":\"2323232323\",\"nodes\":[{\"coordinateX\":240,\"coordinateY\":140,\"flowInType\":\"1\",\"formMainId\":1556891731541999618,\"formMainName\":\"复杂控件\",\"id\":\"Event_3crhu2p\",\"moduleName\":\"开始\",\"roleIds\":[],\"type\":\"bpmn:startEvent\"},{\"applyType\":\"1\",\"coordinateX\":410,\"coordinateY\":150,\"flowInType\":\"1\",\"formMainId\":1556541018504802305,\"formMainName\":\"qidong 2\",\"id\":\"Activity_26mht5m\",\"moduleName\":\"测试1\",\"refType\":\"1\",\"roleIds\":[],\"type\":\"bpmn:userTask\",\"userIds\":\"100\"},{\"coordinateX\":590,\"coordinateY\":160,\"id\":\"Event_2n42aq4\",\"roleIds\":[],\"type\":\"bpmn:endEvent\"}]}', '{\"msg\":\"操作成功\",\"code\":200}', 0, NULL, '2022-08-09 14:35:25');
INSERT INTO `sys_oper_log` VALUES (198, '流程管理', 1, 'com.ruoyi.workflow.controller.FormMainConroller.add()', 'POST', 1, 'admin', NULL, '/formMain', '127.0.0.1', '内网IP', '{\"formCode\":\"fuza\",\"formDesc\":\"复杂控件\",\"formName\":\"复杂控件\",\"id\":1556891731541999618,\"items\":[{\"configJson\":\"{\\\"key\\\":\\\"1660026760_55179\\\",\\\"icon\\\":\\\"el-icon-s-grid\\\",\\\"name\\\":\\\"模块控件\\\",\\\"type\\\":\\\"gridPanel\\\",\\\"model\\\":\\\"gridPanel_1660026760_57343\\\",\\\"title\\\":\\\"模块控件\\\",\\\"columns\\\":[{\\\"span\\\":24,\\\"list\\\":[{\\\"key\\\":\\\"1660026764000_54915\\\",\\\"icon\\\":\\\"el-icon-finished\\\",\\\"name\\\":\\\"下拉列表\\\",\\\"type\\\":\\\"select\\\",\\\"model\\\":\\\"select_1660026764000_54915\\\",\\\"rules\\\":[],\\\"layout\\\":\\\"inline\\\",\\\"options\\\":{\\\"edit\\\":\\\"\\\",\\\"filed\\\":\\\"filed166002676479172\\\",\\\"isMulty\\\":true,\\\"options\\\":[{\\\"label\\\":\\\"选项1\\\",\\\"value\\\":\\\"1\\\"},{\\\"label\\\":\\\"选项2\\\",\\\"value\\\":\\\"2\\\"},{\\\"label\\\":\\\"选项3\\\",\\\"value\\\":3},{\\\"label\\\":\\\"选项4\\\",\\\"value\\\":4}],\\\"tagattr\\\":\\\"\\\",\\\"ctrlSpan\\\":12,\\\"isRemote\\\":false,\\\"isSearch\\\":false,\\\"required\\\":true,\\\"sourceApi\\\":\\\"\\\",\\\"textField\\\":\\\"Text\\\",\\\"labelTitle\\\":\\\"测试多选\\\",\\\"remoteFunc\\\":\\\"func_1660026764000_54915\\\",\\\"valueField\\\":\\\"Value\\\",\\\"placeholder\\\":\\\"\\\",\\\"defaultValue\\\":\\\"\\\"},\\\"dragType\\\":\\\"control\\\",\\\"eventlist\\\":[],\\\"isShowCheck\\\":true,\\\"isShowSpanSetting\\\":true,\\\"id\\\":\\\"1556891731684605955\\\"},{\\\"key\\\":\\\"1660026782000_13436\\\",\\\"icon\\\":\\\"el-icon-circle-plus-outline\\\",\\\"name\\\":\\\"数字控件\\\",\\\"type\\\":\\\"inputnumber\\\",\\\"model\\\":\\\"inputnumber_1660026782000_13436\\\",\\\"rules\\\":[],\\\"layout\\\":\\\"inline\\\",\\\"options\\\":{\\\"max\\\":\\\"10000000000\\\",\\\"min\\\":\\\"-10000000000\\\",\\\"step\\\":\\\"1\\\",\\\"filed\\\":\\\"filed166002678215811\\\",\\\"tagattr\\\":\\\"\\\",\\\"ctrlSpan\\\":12,\\\"required\\\":true,\\\"precision\\\":\\\"0\\\",\\\"labelTitle\\\":\\\"测试数字\\\",\\\"remoteFunc\\\":\\\"func_1660026782000_13436\\\",\\\"defaultValue\\\":0},\\\"dragType\\\":\\\"control\\\",\\\"eventlist\\\":[],\\\"isShowSpanSetting\\\":true,\\\"id\\\":\\\"1556891731684605956\\\"},{\\\"key\\\":\\\"1660026779000_31517\\\",\\\"icon\\\":\\\"el-icon-document\\\",\\\"name\\\":\\\"富文本\\\",\\\"type\\\":\\\"editor\\\",\\\"model\\\":\\\"editor_1660026779000_31517\\\",\\\"rules\\\":[],\\\"layout\\\":\\\"inline\\\",\\\"options\\\":{\\\"filed\\\":\\\"filed166002677919960\\\",\\\"height\\\":350,\\\"tagattr\\\":\\\"\\\",\\\"ctrlSpan\\\":24,\\\"required\\\":false,\\\"labelTitle\\\":\\\"富文本\\\",\\\"remoteFunc\\\":\\\"func', '{\"msg\":\"操作成功\",\"code\":200}', 0, NULL, '2022-08-09 14:37:27');
INSERT INTO `sys_oper_log` VALUES (199, '流程管理', 1, 'com.ruoyi.workflow.controller.FormMainConroller.add()', 'POST', 1, 'admin', NULL, '/formMain', '127.0.0.1', '内网IP', '{\"formCode\":\"3423234\",\"formDesc\":\"复杂控件\",\"formName\":\"复杂控件\",\"id\":1556891731541999618,\"items\":[{\"configJson\":\"{\\\"type\\\":\\\"gridPanel\\\",\\\"name\\\":\\\"模块控件\\\",\\\"icon\\\":\\\"el-icon-s-grid\\\",\\\"title\\\":\\\"模块控件\\\",\\\"isShowSpanSetting\\\":true,\\\"columns\\\":[{\\\"span\\\":24,\\\"list\\\":[{\\\"type\\\":\\\"input\\\",\\\"name\\\":\\\"单行文本\\\",\\\"dragType\\\":\\\"control\\\",\\\"icon\\\":\\\"el-icon-postcard\\\",\\\"isShowCheck\\\":true,\\\"isShowSpanSetting\\\":true,\\\"layout\\\":\\\"inline\\\",\\\"eventlist\\\":[],\\\"options\\\":{\\\"labelTitle\\\":\\\"单行文本\\\",\\\"defaultValue\\\":\\\"\\\",\\\"placeholder\\\":\\\"\\\",\\\"required\\\":false,\\\"dataType\\\":\\\"string\\\",\\\"dataLength\\\":50,\\\"ctrlSpan\\\":12,\\\"filed\\\":\\\"filed166002706924082\\\",\\\"tagattr\\\":\\\"\\\",\\\"remoteFunc\\\":\\\"func_1660027069000_8569\\\"},\\\"key\\\":\\\"1660027069000_8569\\\",\\\"model\\\":\\\"input_1660027069000_8569\\\",\\\"rules\\\":[]},{\\\"type\\\":\\\"select\\\",\\\"name\\\":\\\"下拉列表\\\",\\\"dragType\\\":\\\"control\\\",\\\"icon\\\":\\\"el-icon-finished\\\",\\\"isShowCheck\\\":true,\\\"isShowSpanSetting\\\":true,\\\"layout\\\":\\\"inline\\\",\\\"eventlist\\\":[],\\\"options\\\":{\\\"labelTitle\\\":\\\"下拉列表\\\",\\\"ctrlSpan\\\":12,\\\"options\\\":[{\\\"label\\\":\\\"选项1\\\",\\\"value\\\":\\\"1\\\"},{\\\"label\\\":\\\"选项2\\\",\\\"value\\\":\\\"2\\\"},{\\\"value\\\":3,\\\"label\\\":\\\"选项3\\\"}],\\\"isRemote\\\":false,\\\"sourceApi\\\":\\\"\\\",\\\"valueField\\\":\\\"Value\\\",\\\"textField\\\":\\\"Text\\\",\\\"defaultValue\\\":\\\"\\\",\\\"isMulty\\\":true,\\\"isSearch\\\":false,\\\"required\\\":false,\\\"edit\\\":\\\"\\\",\\\"placeholder\\\":\\\"\\\",\\\"filed\\\":\\\"filed166002707388188\\\",\\\"tagattr\\\":\\\"\\\",\\\"remoteFunc\\\":\\\"func_1660027073000_70391\\\"},\\\"key\\\":\\\"1660027073000_70391\\\",\\\"model\\\":\\\"select_1660027073000_70391\\\",\\\"rules\\\":[]},{\\\"type\\\":\\\"date\\\",\\\"name\\\":\\\"日期控件\\\",\\\"dragType\\\":\\\"control\\\",\\\"icon\\\":\\\"el-icon-date\\\",\\\"isShowCheck\\\":true,\\\"isShowSpanSetting\\\":true,\\\"layout\\\":\\\"inline\\\",\\\"eventlist\\\":[],\\\"options\\\":{\\\"labelTitle\\\":\\\"日期控件\\\",\\\"langId\\\":\\\"\\\",\\\"placeholder\\\":\\\"\\\",\\\"dataType\\\":\\\"date\\\",\\\"format\\\":\\\"yyyy-MM-dd\\\",\\\"required\\\":false,\\\"ctrlSpan\\\":12,\\\"modeltype\\\":\\\"date\\\",\\\"disabled\\\":false,\\\"filed\\\":\\\"filed166002708025953\\\",\\\"tagattr\\\":\\\"\\\",\\\"remoteFunc\\\":\\\"func_1660027080000_53467\\\"},\\\"key\\\":\\\"166002708', '{\"msg\":\"操作成功\",\"code\":200}', 0, NULL, '2022-08-09 14:39:16');
INSERT INTO `sys_oper_log` VALUES (200, '流程管理', 1, 'com.ruoyi.workflow.controller.FormMainConroller.add()', 'POST', 1, 'admin', NULL, '/formMain', '127.0.0.1', '内网IP', '{\"formCode\":\"3423234\",\"formDesc\":\"复杂控件\",\"formName\":\"复杂控件\",\"id\":1556891731541999618,\"items\":[{\"configJson\":\"{\\\"key\\\":\\\"1660026760_55179\\\",\\\"icon\\\":\\\"el-icon-s-grid\\\",\\\"name\\\":\\\"模块控件\\\",\\\"type\\\":\\\"gridPanel\\\",\\\"model\\\":\\\"gridPanel_1660026760_57343\\\",\\\"title\\\":\\\"模块控件\\\",\\\"columns\\\":[{\\\"span\\\":24,\\\"list\\\":[{\\\"id\\\":\\\"1556892401452040194\\\",\\\"key\\\":\\\"1660026764000_54915\\\",\\\"icon\\\":\\\"el-icon-finished\\\",\\\"name\\\":\\\"下拉列表\\\",\\\"type\\\":\\\"select\\\",\\\"model\\\":\\\"select_1660026764000_54915\\\",\\\"rules\\\":[],\\\"layout\\\":\\\"inline\\\",\\\"options\\\":{\\\"edit\\\":\\\"\\\",\\\"filed\\\":\\\"filed166002676479172\\\",\\\"isMulty\\\":true,\\\"options\\\":[{\\\"label\\\":\\\"选项1\\\",\\\"value\\\":\\\"1\\\"},{\\\"label\\\":\\\"选项2\\\",\\\"value\\\":\\\"2\\\"},{\\\"label\\\":\\\"选项3\\\",\\\"value\\\":3},{\\\"label\\\":\\\"选项4\\\",\\\"value\\\":4}],\\\"tagattr\\\":\\\"\\\",\\\"ctrlSpan\\\":12,\\\"isRemote\\\":false,\\\"isSearch\\\":false,\\\"required\\\":true,\\\"sourceApi\\\":\\\"\\\",\\\"textField\\\":\\\"Text\\\",\\\"labelTitle\\\":\\\"测试多选\\\",\\\"remoteFunc\\\":\\\"func_1660026764000_54915\\\",\\\"valueField\\\":\\\"Value\\\",\\\"placeholder\\\":\\\"\\\",\\\"defaultValue\\\":\\\"1,2\\\"},\\\"dragType\\\":\\\"control\\\",\\\"eventlist\\\":[],\\\"isShowCheck\\\":true,\\\"isShowSpanSetting\\\":true},{\\\"id\\\":\\\"1556892401452040195\\\",\\\"key\\\":\\\"1660026782000_13436\\\",\\\"icon\\\":\\\"el-icon-circle-plus-outline\\\",\\\"name\\\":\\\"数字控件\\\",\\\"type\\\":\\\"inputnumber\\\",\\\"model\\\":\\\"inputnumber_1660026782000_13436\\\",\\\"rules\\\":[],\\\"layout\\\":\\\"inline\\\",\\\"options\\\":{\\\"max\\\":\\\"10000000000\\\",\\\"min\\\":\\\"-10000000000\\\",\\\"step\\\":\\\"1\\\",\\\"filed\\\":\\\"filed166002678215811\\\",\\\"tagattr\\\":\\\"\\\",\\\"ctrlSpan\\\":12,\\\"required\\\":true,\\\"precision\\\":\\\"0\\\",\\\"labelTitle\\\":\\\"测试数字\\\",\\\"remoteFunc\\\":\\\"func_1660026782000_13436\\\",\\\"defaultValue\\\":2},\\\"dragType\\\":\\\"control\\\",\\\"eventlist\\\":[],\\\"isShowSpanSetting\\\":true},{\\\"id\\\":\\\"1556892401452040196\\\",\\\"key\\\":\\\"1660026779000_31517\\\",\\\"icon\\\":\\\"el-icon-document\\\",\\\"name\\\":\\\"富文本\\\",\\\"type\\\":\\\"editor\\\",\\\"model\\\":\\\"editor_1660026779000_31517\\\",\\\"rules\\\":[],\\\"layout\\\":\\\"inline\\\",\\\"options\\\":{\\\"filed\\\":\\\"filed166002677919960\\\",\\\"height\\\":350,\\\"tagattr\\\":\\\"\\\",\\\"ctrlSpan\\\":24,\\\"required\\\":false,\\\"label', '{\"msg\":\"操作成功\",\"code\":200}', 0, NULL, '2022-08-09 14:40:47');
INSERT INTO `sys_oper_log` VALUES (201, '流程管理', 1, 'com.ruoyi.workflow.controller.FormMainConroller.add()', 'POST', 1, 'admin', NULL, '/formMain', '127.0.0.1', '内网IP', '{\"formCode\":\"3423234\",\"formDesc\":\"复杂控件\",\"formName\":\"复杂控件\",\"id\":1556891731541999618,\"items\":[{\"configJson\":\"{\\\"key\\\":\\\"1660026760_55179\\\",\\\"icon\\\":\\\"el-icon-s-grid\\\",\\\"name\\\":\\\"模块控件\\\",\\\"type\\\":\\\"gridPanel\\\",\\\"model\\\":\\\"gridPanel_1660026760_57343\\\",\\\"title\\\":\\\"模块控件\\\",\\\"columns\\\":[{\\\"span\\\":24,\\\"list\\\":[{\\\"id\\\":\\\"1556893241537576963\\\",\\\"key\\\":\\\"1660026764000_54915\\\",\\\"icon\\\":\\\"el-icon-finished\\\",\\\"name\\\":\\\"下拉列表\\\",\\\"type\\\":\\\"select\\\",\\\"model\\\":\\\"select_1660026764000_54915\\\",\\\"rules\\\":[],\\\"layout\\\":\\\"inline\\\",\\\"options\\\":{\\\"edit\\\":\\\"\\\",\\\"filed\\\":\\\"filed166002676479172\\\",\\\"isMulty\\\":true,\\\"options\\\":[{\\\"label\\\":\\\"选项1\\\",\\\"value\\\":\\\"1\\\"},{\\\"label\\\":\\\"选项2\\\",\\\"value\\\":\\\"2\\\"},{\\\"label\\\":\\\"选项3\\\",\\\"value\\\":3},{\\\"label\\\":\\\"选项4\\\",\\\"value\\\":4}],\\\"tagattr\\\":\\\"\\\",\\\"ctrlSpan\\\":12,\\\"isRemote\\\":false,\\\"isSearch\\\":false,\\\"required\\\":true,\\\"sourceApi\\\":\\\"\\\",\\\"textField\\\":\\\"Text\\\",\\\"labelTitle\\\":\\\"测试多选\\\",\\\"remoteFunc\\\":\\\"func_1660026764000_54915\\\",\\\"valueField\\\":\\\"Value\\\",\\\"placeholder\\\":\\\"\\\",\\\"defaultValue\\\":\\\"1,2\\\"},\\\"dragType\\\":\\\"control\\\",\\\"eventlist\\\":[],\\\"isShowCheck\\\":true,\\\"isShowSpanSetting\\\":true},{\\\"id\\\":\\\"1556893241537576964\\\",\\\"key\\\":\\\"1660026782000_13436\\\",\\\"icon\\\":\\\"el-icon-circle-plus-outline\\\",\\\"name\\\":\\\"数字控件\\\",\\\"type\\\":\\\"inputnumber\\\",\\\"model\\\":\\\"inputnumber_1660026782000_13436\\\",\\\"rules\\\":[],\\\"layout\\\":\\\"inline\\\",\\\"options\\\":{\\\"max\\\":\\\"10000000000\\\",\\\"min\\\":\\\"-10000000000\\\",\\\"step\\\":\\\"1\\\",\\\"filed\\\":\\\"filed166002678215811\\\",\\\"tagattr\\\":\\\"\\\",\\\"ctrlSpan\\\":12,\\\"required\\\":true,\\\"precision\\\":\\\"0\\\",\\\"labelTitle\\\":\\\"测试数字\\\",\\\"remoteFunc\\\":\\\"func_1660026782000_13436\\\",\\\"defaultValue\\\":2},\\\"dragType\\\":\\\"control\\\",\\\"eventlist\\\":[],\\\"isShowSpanSetting\\\":true},{\\\"id\\\":\\\"1556893241537576965\\\",\\\"key\\\":\\\"1660026779000_31517\\\",\\\"icon\\\":\\\"el-icon-document\\\",\\\"name\\\":\\\"富文本\\\",\\\"type\\\":\\\"editor\\\",\\\"model\\\":\\\"editor_1660026779000_31517\\\",\\\"rules\\\":[],\\\"layout\\\":\\\"inline\\\",\\\"options\\\":{\\\"filed\\\":\\\"filed166002677919960\\\",\\\"height\\\":350,\\\"tagattr\\\":\\\"\\\",\\\"ctrlSpan\\\":24,\\\"required\\\":false,\\\"label', '{\"msg\":\"操作成功\",\"code\":200}', 0, NULL, '2022-08-09 14:59:21');
INSERT INTO `sys_oper_log` VALUES (202, '流程管理', 1, 'com.ruoyi.workflow.controller.FormMainConroller.add()', 'POST', 1, 'admin', NULL, '/formMain', '127.0.0.1', '内网IP', '{\"formCode\":\"3423234\",\"formDesc\":\"复杂控件\",\"formName\":\"复杂控件\",\"id\":1556891731541999618,\"items\":[{\"configJson\":\"{\\\"key\\\":\\\"1660026760_55179\\\",\\\"icon\\\":\\\"el-icon-s-grid\\\",\\\"name\\\":\\\"模块控件\\\",\\\"type\\\":\\\"gridPanel\\\",\\\"model\\\":\\\"gridPanel_1660026760_57343\\\",\\\"title\\\":\\\"模块控件\\\",\\\"columns\\\":[{\\\"span\\\":24,\\\"list\\\":[{\\\"id\\\":\\\"1556897911995744258\\\",\\\"key\\\":\\\"1660026764000_54915\\\",\\\"icon\\\":\\\"el-icon-finished\\\",\\\"name\\\":\\\"下拉列表\\\",\\\"type\\\":\\\"select\\\",\\\"model\\\":\\\"select_1660026764000_54915\\\",\\\"rules\\\":[],\\\"layout\\\":\\\"inline\\\",\\\"options\\\":{\\\"edit\\\":\\\"\\\",\\\"filed\\\":\\\"filed166002676479172\\\",\\\"isMulty\\\":true,\\\"options\\\":[{\\\"label\\\":\\\"选项1\\\",\\\"value\\\":\\\"1\\\"},{\\\"label\\\":\\\"选项2\\\",\\\"value\\\":\\\"2\\\"},{\\\"label\\\":\\\"选项3\\\",\\\"value\\\":3},{\\\"label\\\":\\\"选项4\\\",\\\"value\\\":4}],\\\"tagattr\\\":\\\"\\\",\\\"ctrlSpan\\\":12,\\\"isRemote\\\":false,\\\"isSearch\\\":false,\\\"required\\\":true,\\\"sourceApi\\\":\\\"\\\",\\\"textField\\\":\\\"Text\\\",\\\"labelTitle\\\":\\\"测试多选\\\",\\\"remoteFunc\\\":\\\"func_1660026764000_54915\\\",\\\"valueField\\\":\\\"Value\\\",\\\"placeholder\\\":\\\"\\\",\\\"defaultValue\\\":\\\"1,2\\\"},\\\"dragType\\\":\\\"control\\\",\\\"eventlist\\\":[],\\\"isShowCheck\\\":true,\\\"isShowSpanSetting\\\":true},{\\\"id\\\":\\\"1556897911995744259\\\",\\\"key\\\":\\\"1660026782000_13436\\\",\\\"icon\\\":\\\"el-icon-circle-plus-outline\\\",\\\"name\\\":\\\"数字控件\\\",\\\"type\\\":\\\"inputnumber\\\",\\\"model\\\":\\\"inputnumber_1660026782000_13436\\\",\\\"rules\\\":[],\\\"layout\\\":\\\"inline\\\",\\\"options\\\":{\\\"max\\\":\\\"10000000000\\\",\\\"min\\\":\\\"-10000000000\\\",\\\"step\\\":\\\"1\\\",\\\"filed\\\":\\\"filed166002678215811\\\",\\\"tagattr\\\":\\\"\\\",\\\"ctrlSpan\\\":12,\\\"required\\\":true,\\\"precision\\\":\\\"0\\\",\\\"labelTitle\\\":\\\"测试数字\\\",\\\"remoteFunc\\\":\\\"func_1660026782000_13436\\\",\\\"defaultValue\\\":2},\\\"dragType\\\":\\\"control\\\",\\\"eventlist\\\":[],\\\"isShowSpanSetting\\\":true},{\\\"id\\\":\\\"1556897911995744260\\\",\\\"key\\\":\\\"1660026779000_31517\\\",\\\"icon\\\":\\\"el-icon-document\\\",\\\"name\\\":\\\"富文本\\\",\\\"type\\\":\\\"editor\\\",\\\"model\\\":\\\"editor_1660026779000_31517\\\",\\\"rules\\\":[],\\\"layout\\\":\\\"inline\\\",\\\"options\\\":{\\\"filed\\\":\\\"filed166002677919960\\\",\\\"height\\\":350,\\\"tagattr\\\":\\\"\\\",\\\"ctrlSpan\\\":24,\\\"required\\\":false,\\\"label', '{\"msg\":\"操作成功\",\"code\":200}', 0, NULL, '2022-08-09 15:02:06');
INSERT INTO `sys_oper_log` VALUES (203, '流程管理', 1, 'com.ruoyi.workflow.controller.FormMainConroller.add()', 'POST', 1, 'admin', NULL, '/formMain', '127.0.0.1', '内网IP', '{\"formCode\":\"3423234\",\"formDesc\":\"复杂控件\",\"formName\":\"复杂控件\",\"id\":1556891731541999618,\"items\":[{\"configJson\":\"{\\\"key\\\":\\\"1660026760_55179\\\",\\\"icon\\\":\\\"el-icon-s-grid\\\",\\\"name\\\":\\\"模块控件\\\",\\\"type\\\":\\\"gridPanel\\\",\\\"model\\\":\\\"gridPanel_1660026760_57343\\\",\\\"title\\\":\\\"模块控件\\\",\\\"columns\\\":[{\\\"span\\\":24,\\\"list\\\":[{\\\"id\\\":\\\"1556898606362771458\\\",\\\"key\\\":\\\"1660026764000_54915\\\",\\\"icon\\\":\\\"el-icon-finished\\\",\\\"name\\\":\\\"下拉列表\\\",\\\"type\\\":\\\"select\\\",\\\"model\\\":\\\"select_1660026764000_54915\\\",\\\"rules\\\":[],\\\"layout\\\":\\\"inline\\\",\\\"options\\\":{\\\"edit\\\":\\\"\\\",\\\"filed\\\":\\\"filed166002676479172\\\",\\\"isMulty\\\":true,\\\"options\\\":[{\\\"label\\\":\\\"选项1\\\",\\\"value\\\":\\\"1\\\"},{\\\"label\\\":\\\"选项2\\\",\\\"value\\\":\\\"2\\\"},{\\\"label\\\":\\\"选项3\\\",\\\"value\\\":3},{\\\"label\\\":\\\"选项4\\\",\\\"value\\\":4}],\\\"tagattr\\\":\\\"\\\",\\\"ctrlSpan\\\":12,\\\"isRemote\\\":false,\\\"isSearch\\\":false,\\\"required\\\":true,\\\"sourceApi\\\":\\\"\\\",\\\"textField\\\":\\\"Text\\\",\\\"labelTitle\\\":\\\"测试多选\\\",\\\"remoteFunc\\\":\\\"func_1660026764000_54915\\\",\\\"valueField\\\":\\\"Value\\\",\\\"placeholder\\\":\\\"\\\",\\\"defaultValue\\\":\\\"1,2\\\"},\\\"dragType\\\":\\\"control\\\",\\\"eventlist\\\":[],\\\"isShowCheck\\\":true,\\\"isShowSpanSetting\\\":true},{\\\"id\\\":\\\"1556898606362771459\\\",\\\"key\\\":\\\"1660026782000_13436\\\",\\\"icon\\\":\\\"el-icon-circle-plus-outline\\\",\\\"name\\\":\\\"数字控件\\\",\\\"type\\\":\\\"inputnumber\\\",\\\"model\\\":\\\"inputnumber_1660026782000_13436\\\",\\\"rules\\\":[],\\\"layout\\\":\\\"inline\\\",\\\"options\\\":{\\\"max\\\":\\\"10000000000\\\",\\\"min\\\":\\\"-10000000000\\\",\\\"step\\\":\\\"1\\\",\\\"filed\\\":\\\"filed166002678215811\\\",\\\"tagattr\\\":\\\"\\\",\\\"ctrlSpan\\\":12,\\\"required\\\":true,\\\"precision\\\":\\\"0\\\",\\\"labelTitle\\\":\\\"测试数字\\\",\\\"remoteFunc\\\":\\\"func_1660026782000_13436\\\",\\\"defaultValue\\\":2},\\\"dragType\\\":\\\"control\\\",\\\"eventlist\\\":[],\\\"isShowSpanSetting\\\":true},{\\\"id\\\":\\\"1556898606362771460\\\",\\\"key\\\":\\\"1660026779000_31517\\\",\\\"icon\\\":\\\"el-icon-document\\\",\\\"name\\\":\\\"富文本\\\",\\\"type\\\":\\\"editor\\\",\\\"model\\\":\\\"editor_1660026779000_31517\\\",\\\"rules\\\":[],\\\"layout\\\":\\\"inline\\\",\\\"options\\\":{\\\"filed\\\":\\\"filed166002677919960\\\",\\\"height\\\":350,\\\"tagattr\\\":\\\"\\\",\\\"ctrlSpan\\\":24,\\\"required\\\":false,\\\"label', '{\"msg\":\"操作成功\",\"code\":200}', 0, NULL, '2022-08-09 15:02:25');
INSERT INTO `sys_oper_log` VALUES (204, '流程管理', 1, 'com.ruoyi.workflow.controller.FormMainConroller.add()', 'POST', 1, 'admin', NULL, '/formMain', '127.0.0.1', '内网IP', '{\"createBy\":\"admin\",\"createTime\":\"2022-08-10T14:43:09.039+08:00\",\"delFlag\":\"0\",\"formCode\":\"\",\"formDesc\":\"\",\"formName\":\"\",\"items\":[{\"configJson\":\"{\\\"type\\\":\\\"gridPanel\\\",\\\"name\\\":\\\"模块控件\\\",\\\"icon\\\":\\\"el-icon-s-grid\\\",\\\"title\\\":\\\"模块控件\\\",\\\"isShowSpanSetting\\\":true,\\\"columns\\\":[{\\\"span\\\":24,\\\"list\\\":[{\\\"type\\\":\\\"table\\\",\\\"name\\\":\\\"子表单\\\",\\\"icon\\\":\\\"el-icon-film\\\",\\\"layout\\\":\\\"inline\\\",\\\"isShowSpanSetting\\\":true,\\\"list\\\":[{\\\"type\\\":\\\"textarea\\\",\\\"name\\\":\\\"多行文本\\\",\\\"dragType\\\":\\\"control\\\",\\\"icon\\\":\\\"el-icon-notebook-2\\\",\\\"isShowCheck\\\":true,\\\"isShowSpanSetting\\\":true,\\\"eventlist\\\":[],\\\"options\\\":{\\\"labelTitle\\\":\\\"多行文本\\\",\\\"defaultValue\\\":\\\"\\\",\\\"placeholder\\\":\\\"\\\",\\\"dataLength\\\":500,\\\"rows\\\":3,\\\"required\\\":false,\\\"ctrlSpan\\\":24,\\\"filed\\\":\\\"filed166011378784424\\\",\\\"tagattr\\\":\\\"\\\",\\\"remoteFunc\\\":\\\"func_1660113787000_46676\\\"},\\\"key\\\":\\\"1660113787000_46676\\\",\\\"model\\\":\\\"textarea_1660113787000_46676\\\",\\\"rules\\\":[]},{\\\"type\\\":\\\"textarea\\\",\\\"name\\\":\\\"多行文本\\\",\\\"dragType\\\":\\\"control\\\",\\\"icon\\\":\\\"el-icon-notebook-2\\\",\\\"isShowCheck\\\":true,\\\"isShowSpanSetting\\\":true,\\\"eventlist\\\":[],\\\"options\\\":{\\\"labelTitle\\\":\\\"多行文本\\\",\\\"defaultValue\\\":\\\"\\\",\\\"placeholder\\\":\\\"\\\",\\\"dataLength\\\":500,\\\"rows\\\":3,\\\"required\\\":false,\\\"ctrlSpan\\\":24,\\\"filed\\\":\\\"filed166011378596296\\\",\\\"tagattr\\\":\\\"\\\",\\\"remoteFunc\\\":\\\"func_1660113785000_32579\\\"},\\\"key\\\":\\\"1660113785000_32579\\\",\\\"model\\\":\\\"textarea_1660113785000_32579\\\",\\\"rules\\\":[]},{\\\"type\\\":\\\"input\\\",\\\"name\\\":\\\"单行文本\\\",\\\"dragType\\\":\\\"control\\\",\\\"icon\\\":\\\"el-icon-postcard\\\",\\\"isShowCheck\\\":true,\\\"isShowSpanSetting\\\":true,\\\"layout\\\":\\\"inline\\\",\\\"eventlist\\\":[],\\\"options\\\":{\\\"labelTitle\\\":\\\"单行文本\\\",\\\"defaultValue\\\":\\\"\\\",\\\"placeholder\\\":\\\"\\\",\\\"required\\\":false,\\\"dataType\\\":\\\"string\\\",\\\"dataLength\\\":50,\\\"ctrlSpan\\\":12,\\\"filed\\\":\\\"filed166011378468653\\\",\\\"tagattr\\\":\\\"\\\",\\\"remoteFunc\\\":\\\"func_1660113784000_1789\\\"},\\\"key\\\":\\\"1660113784000_1789\\\",\\\"model\\\":\\\"input_1660113784000_1789\\\",\\\"rules\\\":[]},{\\\"type\\\":\\\"input\\\",\\\"name\\\":\\\"单行文本\\\",\\\"dragType\\\":\\\"control\\\",\\\"icon\\\":\\\"el', '{\"msg\":\"操作成功\",\"code\":200}', 0, NULL, '2022-08-10 14:43:06');
INSERT INTO `sys_oper_log` VALUES (205, '流程管理', 1, 'com.ruoyi.workflow.controller.FlowSetMainConroller.add()', 'POST', 1, 'admin', NULL, '/flowSet', '127.0.0.1', '内网IP', '{\"edges\":[{\"conditionKey\":\"Y\",\"conditionType\":\"1\",\"id\":\"Flow_20779ru\",\"sourceNodeId\":\"Event_2bfark8\",\"targetNodeId\":\"Activity_1kiu6l2\",\"type\":\"bpmn:sequenceFlow\"},{\"conditionKey\":\"Y\",\"conditionType\":\"1\",\"id\":\"Flow_0398iof\",\"sourceNodeId\":\"Activity_1kiu6l2\",\"targetNodeId\":\"Event_37i222k\",\"type\":\"bpmn:sequenceFlow\"}],\"flowKey\":\"3434\",\"flowName\":\"f3e3f34234\",\"nodes\":[{\"coordinateX\":300,\"coordinateY\":150,\"flowInType\":\"1\",\"formMainId\":1557256216333103105,\"formMainName\":\"22\",\"id\":\"Event_2bfark8\",\"moduleName\":\"开始\",\"roleIds\":[],\"type\":\"bpmn:startEvent\"},{\"applyType\":\"1\",\"coordinateX\":460,\"coordinateY\":190,\"flowInType\":\"1\",\"formMainId\":1557256216333103105,\"formMainName\":\"22\",\"id\":\"Activity_1kiu6l2\",\"moduleName\":\"12322323\",\"refType\":\"1\",\"roleIds\":[],\"type\":\"bpmn:userTask\",\"userIds\":\"100\"},{\"coordinateX\":700,\"coordinateY\":180,\"id\":\"Event_37i222k\",\"roleIds\":[],\"type\":\"bpmn:endEvent\"}]}', '{\"msg\":\"操作成功\",\"code\":200}', 0, NULL, '2022-08-10 14:44:05');
INSERT INTO `sys_oper_log` VALUES (206, '流程管理', 1, 'com.ruoyi.workflow.controller.FormMainConroller.add()', 'POST', 1, 'admin', NULL, '/formMain', '127.0.0.1', '内网IP', '{\"formCode\":\"\",\"formDesc\":\"\",\"formName\":\"\",\"id\":1557256216333103105,\"items\":[{\"configJson\":\"{\\\"key\\\":\\\"1660113774_27088\\\",\\\"icon\\\":\\\"el-icon-s-grid\\\",\\\"name\\\":\\\"模块控件\\\",\\\"type\\\":\\\"gridPanel\\\",\\\"model\\\":\\\"gridPanel_1660113774_14348\\\",\\\"title\\\":\\\"模块控件\\\",\\\"columns\\\":[{\\\"span\\\":24,\\\"list\\\":[{\\\"key\\\":\\\"1660113776000_6148\\\",\\\"icon\\\":\\\"el-icon-film\\\",\\\"list\\\":[{\\\"key\\\":\\\"1660113787000_46676\\\",\\\"icon\\\":\\\"el-icon-notebook-2\\\",\\\"name\\\":\\\"多行文本\\\",\\\"type\\\":\\\"textarea\\\",\\\"model\\\":\\\"textarea_1660113787000_46676\\\",\\\"rules\\\":[],\\\"options\\\":{\\\"rows\\\":3,\\\"filed\\\":\\\"filed166011378784424\\\",\\\"tagattr\\\":\\\"\\\",\\\"ctrlSpan\\\":24,\\\"required\\\":false,\\\"dataLength\\\":500,\\\"labelTitle\\\":\\\"多行文本\\\",\\\"remoteFunc\\\":\\\"func_1660113787000_46676\\\",\\\"placeholder\\\":\\\"\\\",\\\"defaultValue\\\":\\\"\\\"},\\\"dragType\\\":\\\"control\\\",\\\"eventlist\\\":[],\\\"isShowCheck\\\":true,\\\"isShowSpanSetting\\\":true},{\\\"key\\\":\\\"1660113785000_32579\\\",\\\"icon\\\":\\\"el-icon-notebook-2\\\",\\\"name\\\":\\\"多行文本\\\",\\\"type\\\":\\\"textarea\\\",\\\"model\\\":\\\"textarea_1660113785000_32579\\\",\\\"rules\\\":[],\\\"options\\\":{\\\"rows\\\":3,\\\"filed\\\":\\\"filed166011378596296\\\",\\\"tagattr\\\":\\\"\\\",\\\"ctrlSpan\\\":24,\\\"required\\\":false,\\\"dataLength\\\":500,\\\"labelTitle\\\":\\\"多行文本\\\",\\\"remoteFunc\\\":\\\"func_1660113785000_32579\\\",\\\"placeholder\\\":\\\"\\\",\\\"defaultValue\\\":\\\"\\\"},\\\"dragType\\\":\\\"control\\\",\\\"eventlist\\\":[],\\\"isShowCheck\\\":true,\\\"isShowSpanSetting\\\":true},{\\\"key\\\":\\\"1660113784000_1789\\\",\\\"icon\\\":\\\"el-icon-postcard\\\",\\\"name\\\":\\\"单行文本\\\",\\\"type\\\":\\\"input\\\",\\\"model\\\":\\\"input_1660113784000_1789\\\",\\\"rules\\\":[],\\\"layout\\\":\\\"inline\\\",\\\"options\\\":{\\\"filed\\\":\\\"filed166011378468653\\\",\\\"tagattr\\\":\\\"\\\",\\\"ctrlSpan\\\":12,\\\"dataType\\\":\\\"string\\\",\\\"required\\\":false,\\\"dataLength\\\":50,\\\"labelTitle\\\":\\\"单行文本\\\",\\\"remoteFunc\\\":\\\"func_1660113784000_1789\\\",\\\"placeholder\\\":\\\"\\\",\\\"defaultValue\\\":\\\"\\\"},\\\"dragType\\\":\\\"control\\\",\\\"eventlist\\\":[],\\\"isShowCheck\\\":true,\\\"isShowSpanSetting\\\":true},{\\\"key\\\":\\\"1660113782000_96212\\\",\\\"icon\\\":\\\"el-icon-postcard\\\",\\\"name\\\":\\\"单行文本\\\",\\\"type\\\":\\\"input\\\",\\\"model\\\":\\\"input_1660113782000_96212\\\",', '{\"msg\":\"操作成功\",\"code\":200}', 0, NULL, '2022-08-10 14:56:30');
INSERT INTO `sys_oper_log` VALUES (207, '流程管理', 1, 'com.ruoyi.workflow.controller.FormMainConroller.add()', 'POST', 1, 'admin', NULL, '/formMain', '127.0.0.1', '内网IP', '{\"formCode\":\"2323\",\"formDesc\":\"32323\",\"formName\":\"r2323\",\"id\":1557256216333103105,\"items\":[{\"configJson\":\"{\\\"key\\\":\\\"1660113774_27088\\\",\\\"icon\\\":\\\"el-icon-s-grid\\\",\\\"name\\\":\\\"模块控件\\\",\\\"type\\\":\\\"gridPanel\\\",\\\"model\\\":\\\"gridPanel_1660113774_14348\\\",\\\"title\\\":\\\"模块控件\\\",\\\"columns\\\":[{\\\"span\\\":24,\\\"list\\\":[{\\\"id\\\":\\\"1557259587593023490\\\",\\\"key\\\":\\\"1660113776000_6148\\\",\\\"icon\\\":\\\"el-icon-film\\\",\\\"list\\\":[{\\\"key\\\":\\\"1660113787000_46676\\\",\\\"icon\\\":\\\"el-icon-notebook-2\\\",\\\"name\\\":\\\"多行文本\\\",\\\"type\\\":\\\"textarea\\\",\\\"model\\\":\\\"textarea_1660113787000_46676\\\",\\\"rules\\\":[],\\\"options\\\":{\\\"rows\\\":3,\\\"filed\\\":\\\"filed166011378784424\\\",\\\"tagattr\\\":\\\"\\\",\\\"ctrlSpan\\\":24,\\\"required\\\":true,\\\"dataLength\\\":500,\\\"labelTitle\\\":\\\"3233\\\",\\\"remoteFunc\\\":\\\"func_1660113787000_46676\\\",\\\"placeholder\\\":\\\"\\\",\\\"defaultValue\\\":\\\"\\\"},\\\"dragType\\\":\\\"control\\\",\\\"eventlist\\\":[],\\\"isShowCheck\\\":true,\\\"isShowSpanSetting\\\":true},{\\\"key\\\":\\\"1660113785000_32579\\\",\\\"icon\\\":\\\"el-icon-notebook-2\\\",\\\"name\\\":\\\"多行文本\\\",\\\"type\\\":\\\"textarea\\\",\\\"model\\\":\\\"textarea_1660113785000_32579\\\",\\\"rules\\\":[],\\\"options\\\":{\\\"rows\\\":3,\\\"filed\\\":\\\"filed166011378596296\\\",\\\"tagattr\\\":\\\"\\\",\\\"ctrlSpan\\\":24,\\\"required\\\":false,\\\"dataLength\\\":500,\\\"labelTitle\\\":\\\"多行文本\\\",\\\"remoteFunc\\\":\\\"func_1660113785000_32579\\\",\\\"placeholder\\\":\\\"\\\",\\\"defaultValue\\\":\\\"\\\"},\\\"dragType\\\":\\\"control\\\",\\\"eventlist\\\":[],\\\"isShowCheck\\\":true,\\\"isShowSpanSetting\\\":true},{\\\"key\\\":\\\"1660113784000_1789\\\",\\\"icon\\\":\\\"el-icon-postcard\\\",\\\"name\\\":\\\"单行文本\\\",\\\"type\\\":\\\"input\\\",\\\"model\\\":\\\"input_1660113784000_1789\\\",\\\"rules\\\":[],\\\"layout\\\":\\\"inline\\\",\\\"options\\\":{\\\"filed\\\":\\\"filed166011378468653\\\",\\\"tagattr\\\":\\\"\\\",\\\"ctrlSpan\\\":12,\\\"dataType\\\":\\\"string\\\",\\\"required\\\":false,\\\"dataLength\\\":50,\\\"labelTitle\\\":\\\"单行文本\\\",\\\"remoteFunc\\\":\\\"func_1660113784000_1789\\\",\\\"placeholder\\\":\\\"\\\",\\\"defaultValue\\\":\\\"\\\"},\\\"dragType\\\":\\\"control\\\",\\\"eventlist\\\":[],\\\"isShowCheck\\\":true,\\\"isShowSpanSetting\\\":true},{\\\"key\\\":\\\"1660113782000_96212\\\",\\\"icon\\\":\\\"el-icon-postcard\\\",\\\"name\\\":\\\"单行文本\\\",\\\"type\\\":\\\"inpu', '{\"msg\":\"操作成功\",\"code\":200}', 0, NULL, '2022-08-10 15:02:30');
INSERT INTO `sys_oper_log` VALUES (208, '流程管理', 1, 'com.ruoyi.workflow.controller.FormMainConroller.add()', 'POST', 1, 'admin', NULL, '/formMain', '127.0.0.1', '内网IP', '{\"formCode\":\"2323\",\"formDesc\":\"32323\",\"formName\":\"r2323\",\"id\":1557256216333103105,\"items\":[{\"configJson\":\"{\\\"key\\\":\\\"1660113774_27088\\\",\\\"icon\\\":\\\"el-icon-s-grid\\\",\\\"name\\\":\\\"模块控件\\\",\\\"type\\\":\\\"gridPanel\\\",\\\"model\\\":\\\"gridPanel_1660113774_14348\\\",\\\"title\\\":\\\"模块控件\\\",\\\"columns\\\":[{\\\"span\\\":24,\\\"list\\\":[{\\\"id\\\":\\\"1557261095977988098\\\",\\\"key\\\":\\\"1660113776000_6148\\\",\\\"icon\\\":\\\"el-icon-film\\\",\\\"list\\\":[{\\\"type\\\":\\\"select\\\",\\\"name\\\":\\\"下拉列表\\\",\\\"dragType\\\":\\\"control\\\",\\\"icon\\\":\\\"el-icon-finished\\\",\\\"isShowCheck\\\":true,\\\"isShowSpanSetting\\\":true,\\\"layout\\\":\\\"inline\\\",\\\"eventlist\\\":[],\\\"options\\\":{\\\"labelTitle\\\":\\\"下拉列表\\\",\\\"ctrlSpan\\\":12,\\\"options\\\":[{\\\"label\\\":\\\"选项1\\\",\\\"value\\\":\\\"1\\\"},{\\\"label\\\":\\\"选项2\\\",\\\"value\\\":\\\"2\\\"},{\\\"value\\\":3,\\\"label\\\":\\\"选项3\\\"},{\\\"value\\\":4,\\\"label\\\":\\\"选项4\\\"}],\\\"isRemote\\\":false,\\\"sourceApi\\\":\\\"\\\",\\\"valueField\\\":\\\"Value\\\",\\\"textField\\\":\\\"Text\\\",\\\"defaultValue\\\":\\\"\\\",\\\"isMulty\\\":true,\\\"isSearch\\\":false,\\\"required\\\":true,\\\"edit\\\":\\\"\\\",\\\"placeholder\\\":\\\"\\\",\\\"filed\\\":\\\"filed166011771923579\\\",\\\"tagattr\\\":\\\"\\\",\\\"remoteFunc\\\":\\\"func_1660117719000_21966\\\"},\\\"key\\\":\\\"1660117719000_21966\\\",\\\"model\\\":\\\"select_1660117719000_21966\\\",\\\"rules\\\":[]},{\\\"key\\\":\\\"1660113787000_46676\\\",\\\"icon\\\":\\\"el-icon-notebook-2\\\",\\\"name\\\":\\\"多行文本\\\",\\\"type\\\":\\\"textarea\\\",\\\"model\\\":\\\"textarea_1660113787000_46676\\\",\\\"rules\\\":[],\\\"options\\\":{\\\"rows\\\":3,\\\"filed\\\":\\\"filed166011378784424\\\",\\\"tagattr\\\":\\\"\\\",\\\"ctrlSpan\\\":24,\\\"required\\\":true,\\\"dataLength\\\":500,\\\"labelTitle\\\":\\\"3233\\\",\\\"remoteFunc\\\":\\\"func_1660113787000_46676\\\",\\\"placeholder\\\":\\\"\\\",\\\"defaultValue\\\":\\\"\\\"},\\\"dragType\\\":\\\"control\\\",\\\"eventlist\\\":[],\\\"isShowCheck\\\":true,\\\"isShowSpanSetting\\\":true},{\\\"key\\\":\\\"1660113784000_1789\\\",\\\"icon\\\":\\\"el-icon-postcard\\\",\\\"name\\\":\\\"单行文本\\\",\\\"type\\\":\\\"input\\\",\\\"model\\\":\\\"input_1660113784000_1789\\\",\\\"rules\\\":[],\\\"layout\\\":\\\"inline\\\",\\\"options\\\":{\\\"filed\\\":\\\"filed166011378468653\\\",\\\"tagattr\\\":\\\"\\\",\\\"ctrlSpan\\\":12,\\\"dataType\\\":\\\"string\\\",\\\"required\\\":false,\\\"dataLength\\\":50,\\\"labelTitle\\\":\\\"单行文本\\\",\\\"r', '{\"msg\":\"操作成功\",\"code\":200}', 0, NULL, '2022-08-10 15:49:13');
INSERT INTO `sys_oper_log` VALUES (209, '表单管理', 1, 'com.ruoyi.workflow.controller.FormMainConroller.add()', 'POST', 1, 'admin', NULL, '/formMain', '127.0.0.1', '内网IP', '{\"formDesc\":\"32323\",\"formName\":\"r2323\",\"id\":1557256216333103105,\"items\":[{\"configJson\":\"{\\\"key\\\":\\\"1660113774_27088\\\",\\\"icon\\\":\\\"el-icon-s-grid\\\",\\\"name\\\":\\\"模块控件\\\",\\\"type\\\":\\\"gridPanel\\\",\\\"model\\\":\\\"gridPanel_1660113774_14348\\\",\\\"title\\\":\\\"模块控件\\\",\\\"columns\\\":[{\\\"span\\\":24,\\\"list\\\":[{\\\"id\\\":\\\"1557272853476126723\\\",\\\"key\\\":\\\"1660113776000_6148\\\",\\\"icon\\\":\\\"el-icon-film\\\",\\\"list\\\":[{\\\"key\\\":\\\"1660117719000_21966\\\",\\\"icon\\\":\\\"el-icon-finished\\\",\\\"name\\\":\\\"下拉列表\\\",\\\"type\\\":\\\"select\\\",\\\"model\\\":\\\"select_1660117719000_21966\\\",\\\"rules\\\":[],\\\"layout\\\":\\\"inline\\\",\\\"options\\\":{\\\"edit\\\":\\\"\\\",\\\"filed\\\":\\\"filed166011771923579\\\",\\\"isMulty\\\":true,\\\"options\\\":[{\\\"label\\\":\\\"选项1\\\",\\\"value\\\":\\\"1\\\"},{\\\"label\\\":\\\"选项2\\\",\\\"value\\\":\\\"2\\\"},{\\\"label\\\":\\\"选项3\\\",\\\"value\\\":\\\"3\\\"},{\\\"label\\\":\\\"选项4\\\",\\\"value\\\":\\\"4\\\"}],\\\"tagattr\\\":\\\"\\\",\\\"ctrlSpan\\\":12,\\\"isRemote\\\":false,\\\"isSearch\\\":false,\\\"required\\\":true,\\\"sourceApi\\\":\\\"\\\",\\\"textField\\\":\\\"Text\\\",\\\"labelTitle\\\":\\\"下拉列表\\\",\\\"remoteFunc\\\":\\\"func_1660117719000_21966\\\",\\\"valueField\\\":\\\"Value\\\",\\\"placeholder\\\":\\\"\\\",\\\"defaultValue\\\":\\\"\\\"},\\\"dragType\\\":\\\"control\\\",\\\"eventlist\\\":[],\\\"isShowCheck\\\":true,\\\"isShowSpanSetting\\\":true},{\\\"key\\\":\\\"1660113787000_46676\\\",\\\"icon\\\":\\\"el-icon-notebook-2\\\",\\\"name\\\":\\\"多行文本\\\",\\\"type\\\":\\\"textarea\\\",\\\"model\\\":\\\"textarea_1660113787000_46676\\\",\\\"rules\\\":[],\\\"options\\\":{\\\"rows\\\":3,\\\"filed\\\":\\\"filed166011378784424\\\",\\\"tagattr\\\":\\\"\\\",\\\"ctrlSpan\\\":24,\\\"required\\\":true,\\\"dataLength\\\":500,\\\"labelTitle\\\":\\\"3233\\\",\\\"remoteFunc\\\":\\\"func_1660113787000_46676\\\",\\\"placeholder\\\":\\\"\\\",\\\"defaultValue\\\":\\\"\\\"},\\\"dragType\\\":\\\"control\\\",\\\"eventlist\\\":[],\\\"isShowCheck\\\":true,\\\"isShowSpanSetting\\\":true},{\\\"key\\\":\\\"1660113784000_1789\\\",\\\"icon\\\":\\\"el-icon-postcard\\\",\\\"name\\\":\\\"单行文本\\\",\\\"type\\\":\\\"input\\\",\\\"model\\\":\\\"input_1660113784000_1789\\\",\\\"rules\\\":[],\\\"layout\\\":\\\"inline\\\",\\\"options\\\":{\\\"filed\\\":\\\"filed166011378468653\\\",\\\"tagattr\\\":\\\"\\\",\\\"ctrlSpan\\\":12,\\\"dataType\\\":\\\"string\\\",\\\"required\\\":false,\\\"dataLength\\\":50,\\\"labelTitle\\\":\\\"单行文本\\\",\\\"remoteFunc\\', NULL, 1, '', '2022-08-22 10:25:31');
INSERT INTO `sys_oper_log` VALUES (210, '表单管理', 1, 'com.ruoyi.workflow.controller.FormMainConroller.add()', 'POST', 1, 'admin', NULL, '/formMain', '127.0.0.1', '内网IP', '{\"formDesc\":\"32323\",\"formName\":\"r2323\",\"id\":1557256216333103105,\"items\":[{\"configJson\":\"{\\\"key\\\":\\\"1660113774_27088\\\",\\\"icon\\\":\\\"el-icon-s-grid\\\",\\\"name\\\":\\\"模块控件\\\",\\\"type\\\":\\\"gridPanel\\\",\\\"model\\\":\\\"gridPanel_1660113774_14348\\\",\\\"title\\\":\\\"模块控件\\\",\\\"columns\\\":[{\\\"span\\\":24,\\\"list\\\":[{\\\"id\\\":\\\"1557272853476126723\\\",\\\"key\\\":\\\"1660113776000_6148\\\",\\\"icon\\\":\\\"el-icon-film\\\",\\\"list\\\":[{\\\"key\\\":\\\"1660117719000_21966\\\",\\\"icon\\\":\\\"el-icon-finished\\\",\\\"name\\\":\\\"下拉列表\\\",\\\"type\\\":\\\"select\\\",\\\"model\\\":\\\"select_1660117719000_21966\\\",\\\"rules\\\":[],\\\"layout\\\":\\\"inline\\\",\\\"options\\\":{\\\"edit\\\":\\\"\\\",\\\"filed\\\":\\\"filed166011771923579\\\",\\\"isMulty\\\":true,\\\"options\\\":[{\\\"label\\\":\\\"选项1\\\",\\\"value\\\":\\\"1\\\"},{\\\"label\\\":\\\"选项2\\\",\\\"value\\\":\\\"2\\\"},{\\\"label\\\":\\\"选项3\\\",\\\"value\\\":\\\"3\\\"},{\\\"label\\\":\\\"选项4\\\",\\\"value\\\":\\\"4\\\"}],\\\"tagattr\\\":\\\"\\\",\\\"ctrlSpan\\\":12,\\\"isRemote\\\":false,\\\"isSearch\\\":false,\\\"required\\\":true,\\\"sourceApi\\\":\\\"\\\",\\\"textField\\\":\\\"Text\\\",\\\"labelTitle\\\":\\\"下拉列表\\\",\\\"remoteFunc\\\":\\\"func_1660117719000_21966\\\",\\\"valueField\\\":\\\"Value\\\",\\\"placeholder\\\":\\\"\\\",\\\"defaultValue\\\":\\\"\\\"},\\\"dragType\\\":\\\"control\\\",\\\"eventlist\\\":[],\\\"isShowCheck\\\":true,\\\"isShowSpanSetting\\\":true},{\\\"key\\\":\\\"1660113787000_46676\\\",\\\"icon\\\":\\\"el-icon-notebook-2\\\",\\\"name\\\":\\\"多行文本\\\",\\\"type\\\":\\\"textarea\\\",\\\"model\\\":\\\"textarea_1660113787000_46676\\\",\\\"rules\\\":[],\\\"options\\\":{\\\"rows\\\":3,\\\"filed\\\":\\\"filed166011378784424\\\",\\\"tagattr\\\":\\\"\\\",\\\"ctrlSpan\\\":24,\\\"required\\\":true,\\\"dataLength\\\":500,\\\"labelTitle\\\":\\\"3233\\\",\\\"remoteFunc\\\":\\\"func_1660113787000_46676\\\",\\\"placeholder\\\":\\\"\\\",\\\"defaultValue\\\":\\\"\\\"},\\\"dragType\\\":\\\"control\\\",\\\"eventlist\\\":[],\\\"isShowCheck\\\":true,\\\"isShowSpanSetting\\\":true},{\\\"key\\\":\\\"1660113784000_1789\\\",\\\"icon\\\":\\\"el-icon-postcard\\\",\\\"name\\\":\\\"单行文本\\\",\\\"type\\\":\\\"input\\\",\\\"model\\\":\\\"input_1660113784000_1789\\\",\\\"rules\\\":[],\\\"layout\\\":\\\"inline\\\",\\\"options\\\":{\\\"filed\\\":\\\"filed166011378468653\\\",\\\"tagattr\\\":\\\"\\\",\\\"ctrlSpan\\\":12,\\\"dataType\\\":\\\"string\\\",\\\"required\\\":false,\\\"dataLength\\\":50,\\\"labelTitle\\\":\\\"单行文本\\\",\\\"remoteFunc\\', NULL, 1, '', '2022-08-22 10:25:44');
INSERT INTO `sys_oper_log` VALUES (211, '表单管理', 1, 'com.ruoyi.workflow.controller.FormMainConroller.add()', 'POST', 1, 'admin', NULL, '/formMain', '127.0.0.1', '内网IP', '{\"formDesc\":\"32323\",\"formName\":\"r2323\",\"id\":1557256216333103105,\"items\":[{\"configJson\":\"{\\\"key\\\":\\\"1660113774_27088\\\",\\\"icon\\\":\\\"el-icon-s-grid\\\",\\\"name\\\":\\\"模块控件\\\",\\\"type\\\":\\\"gridPanel\\\",\\\"model\\\":\\\"gridPanel_1660113774_14348\\\",\\\"title\\\":\\\"模块控件\\\",\\\"columns\\\":[{\\\"span\\\":24,\\\"list\\\":[{\\\"id\\\":\\\"1557272853476126723\\\",\\\"key\\\":\\\"1660113776000_6148\\\",\\\"icon\\\":\\\"el-icon-film\\\",\\\"list\\\":[{\\\"key\\\":\\\"1660117719000_21966\\\",\\\"icon\\\":\\\"el-icon-finished\\\",\\\"name\\\":\\\"下拉列表\\\",\\\"type\\\":\\\"select\\\",\\\"model\\\":\\\"select_1660117719000_21966\\\",\\\"rules\\\":[],\\\"layout\\\":\\\"inline\\\",\\\"options\\\":{\\\"edit\\\":\\\"\\\",\\\"filed\\\":\\\"filed166011771923579\\\",\\\"isMulty\\\":true,\\\"options\\\":[{\\\"label\\\":\\\"选项1\\\",\\\"value\\\":\\\"1\\\"},{\\\"label\\\":\\\"选项2\\\",\\\"value\\\":\\\"2\\\"},{\\\"label\\\":\\\"选项3\\\",\\\"value\\\":\\\"3\\\"},{\\\"label\\\":\\\"选项4\\\",\\\"value\\\":\\\"4\\\"}],\\\"tagattr\\\":\\\"\\\",\\\"ctrlSpan\\\":12,\\\"isRemote\\\":false,\\\"isSearch\\\":false,\\\"required\\\":true,\\\"sourceApi\\\":\\\"\\\",\\\"textField\\\":\\\"Text\\\",\\\"labelTitle\\\":\\\"下拉列表\\\",\\\"remoteFunc\\\":\\\"func_1660117719000_21966\\\",\\\"valueField\\\":\\\"Value\\\",\\\"placeholder\\\":\\\"\\\",\\\"defaultValue\\\":\\\"\\\"},\\\"dragType\\\":\\\"control\\\",\\\"eventlist\\\":[],\\\"isShowCheck\\\":true,\\\"isShowSpanSetting\\\":true},{\\\"key\\\":\\\"1660113787000_46676\\\",\\\"icon\\\":\\\"el-icon-notebook-2\\\",\\\"name\\\":\\\"多行文本\\\",\\\"type\\\":\\\"textarea\\\",\\\"model\\\":\\\"textarea_1660113787000_46676\\\",\\\"rules\\\":[],\\\"options\\\":{\\\"rows\\\":3,\\\"filed\\\":\\\"filed166011378784424\\\",\\\"tagattr\\\":\\\"\\\",\\\"ctrlSpan\\\":24,\\\"required\\\":true,\\\"dataLength\\\":500,\\\"labelTitle\\\":\\\"3233\\\",\\\"remoteFunc\\\":\\\"func_1660113787000_46676\\\",\\\"placeholder\\\":\\\"\\\",\\\"defaultValue\\\":\\\"\\\"},\\\"dragType\\\":\\\"control\\\",\\\"eventlist\\\":[],\\\"isShowCheck\\\":true,\\\"isShowSpanSetting\\\":true},{\\\"key\\\":\\\"1660113784000_1789\\\",\\\"icon\\\":\\\"el-icon-postcard\\\",\\\"name\\\":\\\"单行文本\\\",\\\"type\\\":\\\"input\\\",\\\"model\\\":\\\"input_1660113784000_1789\\\",\\\"rules\\\":[],\\\"layout\\\":\\\"inline\\\",\\\"options\\\":{\\\"filed\\\":\\\"filed166011378468653\\\",\\\"tagattr\\\":\\\"\\\",\\\"ctrlSpan\\\":12,\\\"dataType\\\":\\\"string\\\",\\\"required\\\":false,\\\"dataLength\\\":50,\\\"labelTitle\\\":\\\"单行文本\\\",\\\"remoteFunc\\', NULL, 1, '', '2022-08-22 10:25:53');
INSERT INTO `sys_oper_log` VALUES (212, '表单管理', 1, 'com.ruoyi.workflow.controller.FormMainConroller.add()', 'POST', 1, 'admin', NULL, '/formMain', '127.0.0.1', '内网IP', '{\"formDesc\":\"32323\",\"formName\":\"r2323\",\"id\":1557256216333103105,\"items\":[{\"configJson\":\"{\\\"key\\\":\\\"1660113774_27088\\\",\\\"icon\\\":\\\"el-icon-s-grid\\\",\\\"name\\\":\\\"模块控件\\\",\\\"type\\\":\\\"gridPanel\\\",\\\"model\\\":\\\"gridPanel_1660113774_14348\\\",\\\"title\\\":\\\"模块控件\\\",\\\"columns\\\":[{\\\"span\\\":24,\\\"list\\\":[{\\\"id\\\":\\\"1557272853476126723\\\",\\\"key\\\":\\\"1660113776000_6148\\\",\\\"icon\\\":\\\"el-icon-film\\\",\\\"list\\\":[{\\\"key\\\":\\\"1660117719000_21966\\\",\\\"icon\\\":\\\"el-icon-finished\\\",\\\"name\\\":\\\"下拉列表\\\",\\\"type\\\":\\\"select\\\",\\\"model\\\":\\\"select_1660117719000_21966\\\",\\\"rules\\\":[],\\\"layout\\\":\\\"inline\\\",\\\"options\\\":{\\\"edit\\\":\\\"\\\",\\\"filed\\\":\\\"filed166011771923579\\\",\\\"isMulty\\\":true,\\\"options\\\":[{\\\"label\\\":\\\"选项1\\\",\\\"value\\\":\\\"1\\\"},{\\\"label\\\":\\\"选项2\\\",\\\"value\\\":\\\"2\\\"},{\\\"label\\\":\\\"选项3\\\",\\\"value\\\":\\\"3\\\"},{\\\"label\\\":\\\"选项4\\\",\\\"value\\\":\\\"4\\\"}],\\\"tagattr\\\":\\\"\\\",\\\"ctrlSpan\\\":12,\\\"isRemote\\\":false,\\\"isSearch\\\":false,\\\"required\\\":true,\\\"sourceApi\\\":\\\"\\\",\\\"textField\\\":\\\"Text\\\",\\\"labelTitle\\\":\\\"下拉列表\\\",\\\"remoteFunc\\\":\\\"func_1660117719000_21966\\\",\\\"valueField\\\":\\\"Value\\\",\\\"placeholder\\\":\\\"\\\",\\\"defaultValue\\\":\\\"\\\"},\\\"dragType\\\":\\\"control\\\",\\\"eventlist\\\":[],\\\"isShowCheck\\\":true,\\\"isShowSpanSetting\\\":true},{\\\"key\\\":\\\"1660113787000_46676\\\",\\\"icon\\\":\\\"el-icon-notebook-2\\\",\\\"name\\\":\\\"多行文本\\\",\\\"type\\\":\\\"textarea\\\",\\\"model\\\":\\\"textarea_1660113787000_46676\\\",\\\"rules\\\":[],\\\"options\\\":{\\\"rows\\\":3,\\\"filed\\\":\\\"filed166011378784424\\\",\\\"tagattr\\\":\\\"\\\",\\\"ctrlSpan\\\":24,\\\"required\\\":true,\\\"dataLength\\\":500,\\\"labelTitle\\\":\\\"3233\\\",\\\"remoteFunc\\\":\\\"func_1660113787000_46676\\\",\\\"placeholder\\\":\\\"\\\",\\\"defaultValue\\\":\\\"\\\"},\\\"dragType\\\":\\\"control\\\",\\\"eventlist\\\":[],\\\"isShowCheck\\\":true,\\\"isShowSpanSetting\\\":true},{\\\"key\\\":\\\"1660113784000_1789\\\",\\\"icon\\\":\\\"el-icon-postcard\\\",\\\"name\\\":\\\"单行文本\\\",\\\"type\\\":\\\"input\\\",\\\"model\\\":\\\"input_1660113784000_1789\\\",\\\"rules\\\":[],\\\"layout\\\":\\\"inline\\\",\\\"options\\\":{\\\"filed\\\":\\\"filed166011378468653\\\",\\\"tagattr\\\":\\\"\\\",\\\"ctrlSpan\\\":12,\\\"dataType\\\":\\\"string\\\",\\\"required\\\":false,\\\"dataLength\\\":50,\\\"labelTitle\\\":\\\"单行文本\\\",\\\"remoteFunc\\', NULL, 1, '', '2022-08-22 10:26:10');
INSERT INTO `sys_oper_log` VALUES (213, '表单管理', 1, 'com.ruoyi.workflow.controller.FormMainConroller.add()', 'POST', 1, 'admin', NULL, '/formMain', '127.0.0.1', '内网IP', '{\"createBy\":\"admin\",\"createTime\":\"2022-08-22T10:26:50.991+08:00\",\"delFlag\":\"0\",\"edition\":1,\"formCode\":\"2323\",\"formDesc\":\"32323\",\"formName\":\"r2323\",\"id\":1557256216333103105,\"items\":[{\"configJson\":\"{\\\"key\\\":\\\"1660113774_27088\\\",\\\"icon\\\":\\\"el-icon-s-grid\\\",\\\"name\\\":\\\"模块控件\\\",\\\"type\\\":\\\"gridPanel\\\",\\\"model\\\":\\\"gridPanel_1660113774_14348\\\",\\\"title\\\":\\\"模块控件\\\",\\\"columns\\\":[{\\\"span\\\":24,\\\"list\\\":[{\\\"id\\\":\\\"1557272853476126723\\\",\\\"key\\\":\\\"1660113776000_6148\\\",\\\"icon\\\":\\\"el-icon-film\\\",\\\"list\\\":[{\\\"key\\\":\\\"1660117719000_21966\\\",\\\"icon\\\":\\\"el-icon-finished\\\",\\\"name\\\":\\\"下拉列表\\\",\\\"type\\\":\\\"select\\\",\\\"model\\\":\\\"select_1660117719000_21966\\\",\\\"rules\\\":[],\\\"layout\\\":\\\"inline\\\",\\\"options\\\":{\\\"edit\\\":\\\"\\\",\\\"filed\\\":\\\"filed166011771923579\\\",\\\"isMulty\\\":true,\\\"options\\\":[{\\\"label\\\":\\\"选项1\\\",\\\"value\\\":\\\"1\\\"},{\\\"label\\\":\\\"选项2\\\",\\\"value\\\":\\\"2\\\"},{\\\"label\\\":\\\"选项3\\\",\\\"value\\\":\\\"3\\\"},{\\\"label\\\":\\\"选项4\\\",\\\"value\\\":\\\"4\\\"}],\\\"tagattr\\\":\\\"\\\",\\\"ctrlSpan\\\":12,\\\"isRemote\\\":false,\\\"isSearch\\\":false,\\\"required\\\":true,\\\"sourceApi\\\":\\\"\\\",\\\"textField\\\":\\\"Text\\\",\\\"labelTitle\\\":\\\"下拉列表\\\",\\\"remoteFunc\\\":\\\"func_1660117719000_21966\\\",\\\"valueField\\\":\\\"Value\\\",\\\"placeholder\\\":\\\"\\\",\\\"defaultValue\\\":\\\"\\\"},\\\"dragType\\\":\\\"control\\\",\\\"eventlist\\\":[],\\\"isShowCheck\\\":true,\\\"isShowSpanSetting\\\":true},{\\\"key\\\":\\\"1660113787000_46676\\\",\\\"icon\\\":\\\"el-icon-notebook-2\\\",\\\"name\\\":\\\"多行文本\\\",\\\"type\\\":\\\"textarea\\\",\\\"model\\\":\\\"textarea_1660113787000_46676\\\",\\\"rules\\\":[],\\\"options\\\":{\\\"rows\\\":3,\\\"filed\\\":\\\"filed166011378784424\\\",\\\"tagattr\\\":\\\"\\\",\\\"ctrlSpan\\\":24,\\\"required\\\":true,\\\"dataLength\\\":500,\\\"labelTitle\\\":\\\"3233\\\",\\\"remoteFunc\\\":\\\"func_1660113787000_46676\\\",\\\"placeholder\\\":\\\"\\\",\\\"defaultValue\\\":\\\"\\\"},\\\"dragType\\\":\\\"control\\\",\\\"eventlist\\\":[],\\\"isShowCheck\\\":true,\\\"isShowSpanSetting\\\":true},{\\\"key\\\":\\\"1660113784000_1789\\\",\\\"icon\\\":\\\"el-icon-postcard\\\",\\\"name\\\":\\\"单行文本\\\",\\\"type\\\":\\\"input\\\",\\\"model\\\":\\\"input_1660113784000_1789\\\",\\\"rules\\\":[],\\\"layout\\\":\\\"inline\\\",\\\"options\\\":{\\\"filed\\\":\\\"filed166011378468653\\\",\\\"tagattr\\\":\\\"\\\",\\\"ctrl', '{\"msg\":\"操作成功\",\"code\":200}', 0, NULL, '2022-08-22 10:26:43');
INSERT INTO `sys_oper_log` VALUES (214, '表单管理', 1, 'com.ruoyi.workflow.controller.FormMainConroller.add()', 'POST', 1, 'admin', NULL, '/formMain', '127.0.0.1', '内网IP', '{\"createBy\":\"admin\",\"createTime\":\"2022-08-22T10:28:10.703+08:00\",\"delFlag\":\"0\",\"edition\":2,\"formCode\":\"2323\",\"formDesc\":\"32323\",\"formName\":\"r2323\",\"items\":[{\"configJson\":\"{\\\"key\\\":\\\"1660113774_27088\\\",\\\"icon\\\":\\\"el-icon-s-grid\\\",\\\"name\\\":\\\"模块控件\\\",\\\"type\\\":\\\"gridPanel\\\",\\\"model\\\":\\\"gridPanel_1660113774_14348\\\",\\\"title\\\":\\\"模块控件\\\",\\\"columns\\\":[{\\\"span\\\":24,\\\"list\\\":[{\\\"id\\\":\\\"1557272853476126723\\\",\\\"key\\\":\\\"1660113776000_6148\\\",\\\"icon\\\":\\\"el-icon-film\\\",\\\"list\\\":[{\\\"key\\\":\\\"1660117719000_21966\\\",\\\"icon\\\":\\\"el-icon-finished\\\",\\\"name\\\":\\\"下拉列表\\\",\\\"type\\\":\\\"select\\\",\\\"model\\\":\\\"select_1660117719000_21966\\\",\\\"rules\\\":[],\\\"layout\\\":\\\"inline\\\",\\\"options\\\":{\\\"edit\\\":\\\"\\\",\\\"filed\\\":\\\"filed166011771923579\\\",\\\"isMulty\\\":true,\\\"options\\\":[{\\\"label\\\":\\\"选项1\\\",\\\"value\\\":\\\"1\\\"},{\\\"label\\\":\\\"选项2\\\",\\\"value\\\":\\\"2\\\"},{\\\"label\\\":\\\"选项3\\\",\\\"value\\\":\\\"3\\\"},{\\\"label\\\":\\\"选项4\\\",\\\"value\\\":\\\"4\\\"}],\\\"tagattr\\\":\\\"\\\",\\\"ctrlSpan\\\":12,\\\"isRemote\\\":false,\\\"isSearch\\\":false,\\\"required\\\":true,\\\"sourceApi\\\":\\\"\\\",\\\"textField\\\":\\\"Text\\\",\\\"labelTitle\\\":\\\"下拉列表\\\",\\\"remoteFunc\\\":\\\"func_1660117719000_21966\\\",\\\"valueField\\\":\\\"Value\\\",\\\"placeholder\\\":\\\"\\\",\\\"defaultValue\\\":\\\"\\\"},\\\"dragType\\\":\\\"control\\\",\\\"eventlist\\\":[],\\\"isShowCheck\\\":true,\\\"isShowSpanSetting\\\":true},{\\\"key\\\":\\\"1660113787000_46676\\\",\\\"icon\\\":\\\"el-icon-notebook-2\\\",\\\"name\\\":\\\"多行文本\\\",\\\"type\\\":\\\"textarea\\\",\\\"model\\\":\\\"textarea_1660113787000_46676\\\",\\\"rules\\\":[],\\\"options\\\":{\\\"rows\\\":3,\\\"filed\\\":\\\"filed166011378784424\\\",\\\"tagattr\\\":\\\"\\\",\\\"ctrlSpan\\\":24,\\\"required\\\":true,\\\"dataLength\\\":500,\\\"labelTitle\\\":\\\"3233\\\",\\\"remoteFunc\\\":\\\"func_1660113787000_46676\\\",\\\"placeholder\\\":\\\"\\\",\\\"defaultValue\\\":\\\"\\\"},\\\"dragType\\\":\\\"control\\\",\\\"eventlist\\\":[],\\\"isShowCheck\\\":true,\\\"isShowSpanSetting\\\":true},{\\\"key\\\":\\\"1660113784000_1789\\\",\\\"icon\\\":\\\"el-icon-postcard\\\",\\\"name\\\":\\\"单行文本\\\",\\\"type\\\":\\\"input\\\",\\\"model\\\":\\\"input_1660113784000_1789\\\",\\\"rules\\\":[],\\\"layout\\\":\\\"inline\\\",\\\"options\\\":{\\\"filed\\\":\\\"filed166011378468653\\\",\\\"tagattr\\\":\\\"\\\",\\\"ctrlSpan\\\":12,\\\"dataType\\\":\\\"', NULL, 1, '\r\n### Error updating database.  Cause: java.sql.SQLIntegrityConstraintViolationException: Duplicate entry \'2323\' for key \'form_main.form_code\'\r\n### The error may exist in com/ruoyi/workflow/mapper/FormMainMapper.java (best guess)\r\n### The error may involve com.ruoyi.workflow.mapper.FormMainMapper.insert-Inline\r\n### The error occurred while setting parameters\r\n### SQL: INSERT INTO form_main  ( id, form_name, form_code, form_desc,   edition,   del_flag, create_by, create_time )  VALUES  ( ?, ?, ?, ?,   ?,   ?, ?, ? )\r\n### Cause: java.sql.SQLIntegrityConstraintViolationException: Duplicate entry \'2323\' for key \'form_main.form_code\'\n; Duplicate entry \'2323\' for key \'form_main.form_code\'; nested exception is java.sql.SQLIntegrityConstraintViolationException: Duplicate entry \'2323\' for key \'form_main.form_code\'', '2022-08-22 10:28:03');
INSERT INTO `sys_oper_log` VALUES (215, '表单管理', 1, 'com.ruoyi.workflow.controller.FormMainConroller.add()', 'POST', 1, 'admin', NULL, '/formMain', '127.0.0.1', '内网IP', '{\"createBy\":\"admin\",\"createTime\":\"2022-08-22T10:28:29.66+08:00\",\"delFlag\":\"0\",\"edition\":2,\"formCode\":\"2323\",\"formDesc\":\"32323\",\"formName\":\"r2323\",\"items\":[{\"configJson\":\"{\\\"key\\\":\\\"1660113774_27088\\\",\\\"icon\\\":\\\"el-icon-s-grid\\\",\\\"name\\\":\\\"模块控件\\\",\\\"type\\\":\\\"gridPanel\\\",\\\"model\\\":\\\"gridPanel_1660113774_14348\\\",\\\"title\\\":\\\"模块控件\\\",\\\"columns\\\":[{\\\"span\\\":24,\\\"list\\\":[{\\\"id\\\":\\\"1557272853476126723\\\",\\\"key\\\":\\\"1660113776000_6148\\\",\\\"icon\\\":\\\"el-icon-film\\\",\\\"list\\\":[{\\\"key\\\":\\\"1660117719000_21966\\\",\\\"icon\\\":\\\"el-icon-finished\\\",\\\"name\\\":\\\"下拉列表\\\",\\\"type\\\":\\\"select\\\",\\\"model\\\":\\\"select_1660117719000_21966\\\",\\\"rules\\\":[],\\\"layout\\\":\\\"inline\\\",\\\"options\\\":{\\\"edit\\\":\\\"\\\",\\\"filed\\\":\\\"filed166011771923579\\\",\\\"isMulty\\\":true,\\\"options\\\":[{\\\"label\\\":\\\"选项1\\\",\\\"value\\\":\\\"1\\\"},{\\\"label\\\":\\\"选项2\\\",\\\"value\\\":\\\"2\\\"},{\\\"label\\\":\\\"选项3\\\",\\\"value\\\":\\\"3\\\"},{\\\"label\\\":\\\"选项4\\\",\\\"value\\\":\\\"4\\\"}],\\\"tagattr\\\":\\\"\\\",\\\"ctrlSpan\\\":12,\\\"isRemote\\\":false,\\\"isSearch\\\":false,\\\"required\\\":true,\\\"sourceApi\\\":\\\"\\\",\\\"textField\\\":\\\"Text\\\",\\\"labelTitle\\\":\\\"下拉列表\\\",\\\"remoteFunc\\\":\\\"func_1660117719000_21966\\\",\\\"valueField\\\":\\\"Value\\\",\\\"placeholder\\\":\\\"\\\",\\\"defaultValue\\\":\\\"\\\"},\\\"dragType\\\":\\\"control\\\",\\\"eventlist\\\":[],\\\"isShowCheck\\\":true,\\\"isShowSpanSetting\\\":true},{\\\"key\\\":\\\"1660113787000_46676\\\",\\\"icon\\\":\\\"el-icon-notebook-2\\\",\\\"name\\\":\\\"多行文本\\\",\\\"type\\\":\\\"textarea\\\",\\\"model\\\":\\\"textarea_1660113787000_46676\\\",\\\"rules\\\":[],\\\"options\\\":{\\\"rows\\\":3,\\\"filed\\\":\\\"filed166011378784424\\\",\\\"tagattr\\\":\\\"\\\",\\\"ctrlSpan\\\":24,\\\"required\\\":true,\\\"dataLength\\\":500,\\\"labelTitle\\\":\\\"3233\\\",\\\"remoteFunc\\\":\\\"func_1660113787000_46676\\\",\\\"placeholder\\\":\\\"\\\",\\\"defaultValue\\\":\\\"\\\"},\\\"dragType\\\":\\\"control\\\",\\\"eventlist\\\":[],\\\"isShowCheck\\\":true,\\\"isShowSpanSetting\\\":true},{\\\"key\\\":\\\"1660113784000_1789\\\",\\\"icon\\\":\\\"el-icon-postcard\\\",\\\"name\\\":\\\"单行文本\\\",\\\"type\\\":\\\"input\\\",\\\"model\\\":\\\"input_1660113784000_1789\\\",\\\"rules\\\":[],\\\"layout\\\":\\\"inline\\\",\\\"options\\\":{\\\"filed\\\":\\\"filed166011378468653\\\",\\\"tagattr\\\":\\\"\\\",\\\"ctrlSpan\\\":12,\\\"dataType\\\":\\\"s', '{\"msg\":\"操作成功\",\"code\":200}', 0, NULL, '2022-08-22 10:28:22');
INSERT INTO `sys_oper_log` VALUES (216, '表单管理', 1, 'com.ruoyi.workflow.controller.FormMainConroller.add()', 'POST', 1, 'admin', NULL, '/formMain', '127.0.0.1', '内网IP', '{\"createBy\":\"admin\",\"createTime\":\"2022-08-22T10:28:41.718+08:00\",\"delFlag\":\"0\",\"edition\":3,\"formCode\":\"2323\",\"formDesc\":\"32323\",\"formName\":\"r2323\",\"items\":[{\"configJson\":\"{\\\"key\\\":\\\"1660113774_27088\\\",\\\"icon\\\":\\\"el-icon-s-grid\\\",\\\"name\\\":\\\"模块控件\\\",\\\"type\\\":\\\"gridPanel\\\",\\\"model\\\":\\\"gridPanel_1660113774_14348\\\",\\\"title\\\":\\\"模块控件\\\",\\\"columns\\\":[{\\\"span\\\":24,\\\"list\\\":[{\\\"id\\\":\\\"1561540784447905795\\\",\\\"key\\\":\\\"1660113776000_6148\\\",\\\"icon\\\":\\\"el-icon-film\\\",\\\"list\\\":[{\\\"key\\\":\\\"1660117719000_21966\\\",\\\"icon\\\":\\\"el-icon-finished\\\",\\\"name\\\":\\\"下拉列表\\\",\\\"type\\\":\\\"select\\\",\\\"model\\\":\\\"select_1660117719000_21966\\\",\\\"rules\\\":[],\\\"layout\\\":\\\"inline\\\",\\\"options\\\":{\\\"edit\\\":\\\"\\\",\\\"filed\\\":\\\"filed166011771923579\\\",\\\"isMulty\\\":true,\\\"options\\\":[{\\\"label\\\":\\\"选项1\\\",\\\"value\\\":\\\"1\\\"},{\\\"label\\\":\\\"选项2\\\",\\\"value\\\":\\\"2\\\"},{\\\"label\\\":\\\"选项3\\\",\\\"value\\\":\\\"3\\\"},{\\\"label\\\":\\\"选项4\\\",\\\"value\\\":\\\"4\\\"}],\\\"tagattr\\\":\\\"\\\",\\\"ctrlSpan\\\":12,\\\"isRemote\\\":false,\\\"isSearch\\\":false,\\\"required\\\":true,\\\"sourceApi\\\":\\\"\\\",\\\"textField\\\":\\\"Text\\\",\\\"labelTitle\\\":\\\"下拉列表\\\",\\\"remoteFunc\\\":\\\"func_1660117719000_21966\\\",\\\"valueField\\\":\\\"Value\\\",\\\"placeholder\\\":\\\"\\\",\\\"defaultValue\\\":\\\"\\\"},\\\"dragType\\\":\\\"control\\\",\\\"eventlist\\\":[],\\\"isShowCheck\\\":true,\\\"isShowSpanSetting\\\":true},{\\\"key\\\":\\\"1660113787000_46676\\\",\\\"icon\\\":\\\"el-icon-notebook-2\\\",\\\"name\\\":\\\"多行文本\\\",\\\"type\\\":\\\"textarea\\\",\\\"model\\\":\\\"textarea_1660113787000_46676\\\",\\\"rules\\\":[],\\\"options\\\":{\\\"rows\\\":3,\\\"filed\\\":\\\"filed166011378784424\\\",\\\"tagattr\\\":\\\"\\\",\\\"ctrlSpan\\\":24,\\\"required\\\":true,\\\"dataLength\\\":500,\\\"labelTitle\\\":\\\"3233\\\",\\\"remoteFunc\\\":\\\"func_1660113787000_46676\\\",\\\"placeholder\\\":\\\"\\\",\\\"defaultValue\\\":\\\"\\\"},\\\"dragType\\\":\\\"control\\\",\\\"eventlist\\\":[],\\\"isShowCheck\\\":true,\\\"isShowSpanSetting\\\":true},{\\\"key\\\":\\\"1660113784000_1789\\\",\\\"icon\\\":\\\"el-icon-postcard\\\",\\\"name\\\":\\\"单行文本\\\",\\\"type\\\":\\\"input\\\",\\\"model\\\":\\\"input_1660113784000_1789\\\",\\\"rules\\\":[],\\\"layout\\\":\\\"inline\\\",\\\"options\\\":{\\\"filed\\\":\\\"filed166011378468653\\\",\\\"tagattr\\\":\\\"\\\",\\\"ctrlSpan\\\":12,\\\"dataType\\\":\\\"', '{\"msg\":\"操作成功\",\"code\":200}', 0, NULL, '2022-08-22 10:28:34');
INSERT INTO `sys_oper_log` VALUES (217, '表单管理', 1, 'com.ruoyi.workflow.controller.FormMainConroller.add()', 'POST', 1, 'admin', NULL, '/formMain', '127.0.0.1', '内网IP', '{\"createBy\":\"admin\",\"createTime\":\"2022-08-22T10:29:23.671+08:00\",\"delFlag\":\"0\",\"edition\":4,\"formCode\":\"2323\",\"formDesc\":\"32323\",\"formName\":\"r2323\",\"items\":[{\"configJson\":\"{\\\"key\\\":\\\"1660113774_27088\\\",\\\"icon\\\":\\\"el-icon-s-grid\\\",\\\"name\\\":\\\"模块控件\\\",\\\"type\\\":\\\"gridPanel\\\",\\\"model\\\":\\\"gridPanel_1660113774_14348\\\",\\\"title\\\":\\\"模块控件\\\",\\\"columns\\\":[{\\\"span\\\":24,\\\"list\\\":[{\\\"id\\\":\\\"1561540835006046211\\\",\\\"key\\\":\\\"1660113776000_6148\\\",\\\"icon\\\":\\\"el-icon-film\\\",\\\"list\\\":[{\\\"key\\\":\\\"1660117719000_21966\\\",\\\"icon\\\":\\\"el-icon-finished\\\",\\\"name\\\":\\\"下拉列表\\\",\\\"type\\\":\\\"select\\\",\\\"model\\\":\\\"select_1660117719000_21966\\\",\\\"rules\\\":[],\\\"layout\\\":\\\"inline\\\",\\\"options\\\":{\\\"edit\\\":\\\"\\\",\\\"filed\\\":\\\"filed166011771923579\\\",\\\"isMulty\\\":true,\\\"options\\\":[{\\\"label\\\":\\\"选项1\\\",\\\"value\\\":\\\"1\\\"},{\\\"label\\\":\\\"选项2\\\",\\\"value\\\":\\\"2\\\"},{\\\"label\\\":\\\"选项3\\\",\\\"value\\\":\\\"3\\\"},{\\\"label\\\":\\\"选项4\\\",\\\"value\\\":\\\"4\\\"}],\\\"tagattr\\\":\\\"\\\",\\\"ctrlSpan\\\":12,\\\"isRemote\\\":false,\\\"isSearch\\\":false,\\\"required\\\":true,\\\"sourceApi\\\":\\\"\\\",\\\"textField\\\":\\\"Text\\\",\\\"labelTitle\\\":\\\"下拉列表\\\",\\\"remoteFunc\\\":\\\"func_1660117719000_21966\\\",\\\"valueField\\\":\\\"Value\\\",\\\"placeholder\\\":\\\"\\\",\\\"defaultValue\\\":\\\"\\\"},\\\"dragType\\\":\\\"control\\\",\\\"eventlist\\\":[],\\\"isShowCheck\\\":true,\\\"isShowSpanSetting\\\":true},{\\\"key\\\":\\\"1660113787000_46676\\\",\\\"icon\\\":\\\"el-icon-notebook-2\\\",\\\"name\\\":\\\"多行文本\\\",\\\"type\\\":\\\"textarea\\\",\\\"model\\\":\\\"textarea_1660113787000_46676\\\",\\\"rules\\\":[],\\\"options\\\":{\\\"rows\\\":3,\\\"filed\\\":\\\"filed166011378784424\\\",\\\"tagattr\\\":\\\"\\\",\\\"ctrlSpan\\\":24,\\\"required\\\":true,\\\"dataLength\\\":500,\\\"labelTitle\\\":\\\"3233\\\",\\\"remoteFunc\\\":\\\"func_1660113787000_46676\\\",\\\"placeholder\\\":\\\"\\\",\\\"defaultValue\\\":\\\"\\\"},\\\"dragType\\\":\\\"control\\\",\\\"eventlist\\\":[],\\\"isShowCheck\\\":true,\\\"isShowSpanSetting\\\":true},{\\\"key\\\":\\\"1660113784000_1789\\\",\\\"icon\\\":\\\"el-icon-postcard\\\",\\\"name\\\":\\\"单行文本\\\",\\\"type\\\":\\\"input\\\",\\\"model\\\":\\\"input_1660113784000_1789\\\",\\\"rules\\\":[],\\\"layout\\\":\\\"inline\\\",\\\"options\\\":{\\\"filed\\\":\\\"filed166011378468653\\\",\\\"tagattr\\\":\\\"\\\",\\\"ctrlSpan\\\":12,\\\"dataType\\\":\\\"', '{\"msg\":\"操作成功\",\"code\":200}', 0, NULL, '2022-08-22 10:29:16');
INSERT INTO `sys_oper_log` VALUES (218, '表单管理', 1, 'com.ruoyi.workflow.controller.FormMainConroller.add()', 'POST', 1, 'admin', NULL, '/formMain', '58.220.24.100', 'XX XX', '{\"createBy\":\"admin\",\"createTime\":\"2022-08-22T10:41:12.461+08:00\",\"delFlag\":\"0\",\"edition\":5,\"formCode\":\"2323\",\"formDesc\":\"32323\",\"formName\":\"r2323\",\"items\":[{\"configJson\":\"{\\\"key\\\":\\\"1660113774_27088\\\",\\\"icon\\\":\\\"el-icon-s-grid\\\",\\\"name\\\":\\\"模块控件\\\",\\\"type\\\":\\\"gridPanel\\\",\\\"model\\\":\\\"gridPanel_1660113774_14348\\\",\\\"title\\\":\\\"模块控件\\\",\\\"columns\\\":[{\\\"span\\\":24,\\\"list\\\":[{\\\"id\\\":\\\"1561541011582033922\\\",\\\"key\\\":\\\"1660113776000_6148\\\",\\\"icon\\\":\\\"el-icon-film\\\",\\\"list\\\":[{\\\"key\\\":\\\"1660117719000_21966\\\",\\\"icon\\\":\\\"el-icon-finished\\\",\\\"name\\\":\\\"下拉列表\\\",\\\"type\\\":\\\"select\\\",\\\"model\\\":\\\"select_1660117719000_21966\\\",\\\"rules\\\":[],\\\"layout\\\":\\\"inline\\\",\\\"options\\\":{\\\"edit\\\":\\\"\\\",\\\"filed\\\":\\\"filed166011771923579\\\",\\\"isMulty\\\":true,\\\"options\\\":[{\\\"label\\\":\\\"选项1\\\",\\\"value\\\":\\\"1\\\"},{\\\"label\\\":\\\"选项2\\\",\\\"value\\\":\\\"2\\\"},{\\\"label\\\":\\\"选项3\\\",\\\"value\\\":\\\"3\\\"},{\\\"label\\\":\\\"选项4\\\",\\\"value\\\":\\\"4\\\"}],\\\"tagattr\\\":\\\"\\\",\\\"ctrlSpan\\\":12,\\\"isRemote\\\":false,\\\"isSearch\\\":false,\\\"required\\\":true,\\\"sourceApi\\\":\\\"\\\",\\\"textField\\\":\\\"Text\\\",\\\"labelTitle\\\":\\\"下拉列表\\\",\\\"remoteFunc\\\":\\\"func_1660117719000_21966\\\",\\\"valueField\\\":\\\"Value\\\",\\\"placeholder\\\":\\\"\\\",\\\"defaultValue\\\":\\\"\\\"},\\\"dragType\\\":\\\"control\\\",\\\"eventlist\\\":[],\\\"isShowCheck\\\":true,\\\"isShowSpanSetting\\\":true},{\\\"key\\\":\\\"1660113787000_46676\\\",\\\"icon\\\":\\\"el-icon-notebook-2\\\",\\\"name\\\":\\\"多行文本\\\",\\\"type\\\":\\\"textarea\\\",\\\"model\\\":\\\"textarea_1660113787000_46676\\\",\\\"rules\\\":[],\\\"options\\\":{\\\"rows\\\":3,\\\"filed\\\":\\\"filed166011378784424\\\",\\\"tagattr\\\":\\\"\\\",\\\"ctrlSpan\\\":24,\\\"required\\\":true,\\\"dataLength\\\":500,\\\"labelTitle\\\":\\\"3233\\\",\\\"remoteFunc\\\":\\\"func_1660113787000_46676\\\",\\\"placeholder\\\":\\\"\\\",\\\"defaultValue\\\":\\\"\\\"},\\\"dragType\\\":\\\"control\\\",\\\"eventlist\\\":[],\\\"isShowCheck\\\":true,\\\"isShowSpanSetting\\\":true},{\\\"key\\\":\\\"1660113784000_1789\\\",\\\"icon\\\":\\\"el-icon-postcard\\\",\\\"name\\\":\\\"单行文本\\\",\\\"type\\\":\\\"input\\\",\\\"model\\\":\\\"input_1660113784000_1789\\\",\\\"rules\\\":[],\\\"layout\\\":\\\"inline\\\",\\\"options\\\":{\\\"filed\\\":\\\"filed166011378468653\\\",\\\"tagattr\\\":\\\"\\\",\\\"ctrlSpan\\\":12,\\\"dataType\\\":\\\"', '{\"msg\":\"操作成功\",\"code\":200}', 0, NULL, '2022-08-22 10:41:12');
INSERT INTO `sys_oper_log` VALUES (219, '菜单管理', 3, 'com.ruoyi.web.controller.system.SysMenuController.remove()', 'DELETE', 1, 'admin', NULL, '/system/menu/2002', '58.220.24.100', 'XX XX', '{menuId=2002}', '{\"msg\":\"操作成功\",\"code\":200}', 0, NULL, '2022-08-22 10:51:28');
INSERT INTO `sys_oper_log` VALUES (220, '菜单管理', 3, 'com.ruoyi.web.controller.system.SysMenuController.remove()', 'DELETE', 1, 'admin', NULL, '/system/menu/2003', '58.220.24.100', 'XX XX', '{menuId=2003}', '{\"msg\":\"操作成功\",\"code\":200}', 0, NULL, '2022-08-22 10:51:30');
INSERT INTO `sys_oper_log` VALUES (221, '菜单管理', 3, 'com.ruoyi.web.controller.system.SysMenuController.remove()', 'DELETE', 1, 'admin', NULL, '/system/menu/2004', '58.220.24.100', 'XX XX', '{menuId=2004}', '{\"msg\":\"操作成功\",\"code\":200}', 0, NULL, '2022-08-22 10:51:33');
INSERT INTO `sys_oper_log` VALUES (222, '菜单管理', 1, 'com.ruoyi.web.controller.system.SysMenuController.add()', 'POST', 1, 'admin', NULL, '/system/menu', '58.220.24.100', 'XX XX', '{\"children\":[],\"createBy\":\"admin\",\"isCache\":\"0\",\"isFrame\":\"1\",\"menuName\":\"add\",\"menuType\":\"F\",\"orderNum\":0,\"params\":{},\"parentId\":2001,\"perms\":\"flow:main:add\",\"status\":\"0\",\"visible\":\"0\"}', '{\"msg\":\"操作成功\",\"code\":200}', 0, NULL, '2022-08-22 10:51:57');
INSERT INTO `sys_oper_log` VALUES (223, '菜单管理', 1, 'com.ruoyi.web.controller.system.SysMenuController.add()', 'POST', 1, 'admin', NULL, '/system/menu', '58.220.24.100', 'XX XX', '{\"children\":[],\"createBy\":\"admin\",\"isCache\":\"0\",\"isFrame\":\"1\",\"menuName\":\"edit\",\"menuType\":\"F\",\"orderNum\":2,\"params\":{},\"parentId\":2001,\"perms\":\"flow:main:edit\",\"status\":\"0\",\"visible\":\"0\"}', '{\"msg\":\"操作成功\",\"code\":200}', 0, NULL, '2022-08-22 10:52:10');
INSERT INTO `sys_oper_log` VALUES (224, '菜单管理', 1, 'com.ruoyi.web.controller.system.SysMenuController.add()', 'POST', 1, 'admin', NULL, '/system/menu', '58.220.24.100', 'XX XX', '{\"children\":[],\"createBy\":\"admin\",\"isCache\":\"0\",\"isFrame\":\"1\",\"menuName\":\"remove\",\"menuType\":\"F\",\"orderNum\":3,\"params\":{},\"parentId\":2001,\"perms\":\"flow:main:remove\",\"status\":\"0\",\"visible\":\"0\"}', '{\"msg\":\"操作成功\",\"code\":200}', 0, NULL, '2022-08-22 10:52:20');
INSERT INTO `sys_oper_log` VALUES (225, '菜单管理', 1, 'com.ruoyi.web.controller.system.SysMenuController.add()', 'POST', 1, 'admin', NULL, '/system/menu', '58.220.24.100', 'XX XX', '{\"children\":[],\"createBy\":\"admin\",\"isCache\":\"0\",\"isFrame\":\"1\",\"menuName\":\"add\",\"menuType\":\"F\",\"orderNum\":0,\"params\":{},\"parentId\":2005,\"perms\":\"form:main:add\",\"status\":\"0\",\"visible\":\"0\"}', '{\"msg\":\"操作成功\",\"code\":200}', 0, NULL, '2022-08-22 10:52:47');
INSERT INTO `sys_oper_log` VALUES (226, '菜单管理', 1, 'com.ruoyi.web.controller.system.SysMenuController.add()', 'POST', 1, 'admin', NULL, '/system/menu', '58.220.24.100', 'XX XX', '{\"children\":[],\"createBy\":\"admin\",\"isCache\":\"0\",\"isFrame\":\"1\",\"menuName\":\"edit\",\"menuType\":\"F\",\"orderNum\":1,\"params\":{},\"parentId\":2005,\"perms\":\"form:main:edit\",\"status\":\"0\",\"visible\":\"0\"}', '{\"msg\":\"操作成功\",\"code\":200}', 0, NULL, '2022-08-22 10:52:57');
INSERT INTO `sys_oper_log` VALUES (227, '角色管理', 1, 'com.ruoyi.web.controller.system.SysRoleController.add()', 'POST', 1, 'admin', NULL, '/system/role', '58.220.24.100', 'XX XX', '{\"admin\":false,\"createBy\":\"admin\",\"deptCheckStrictly\":true,\"deptIds\":[],\"flag\":false,\"menuCheckStrictly\":true,\"menuIds\":[1,100,1001,1002,1003,1004,1005,1006,1007,103,1017,1018,1019,1020,4,2000,2001,2008,2009,2010,2005,2011,2012,2006,2007],\"params\":{},\"roleId\":100,\"roleKey\":\"manager\",\"roleName\":\"管理员\",\"roleSort\":\"1\",\"status\":\"0\"}', '{\"msg\":\"操作成功\",\"code\":200}', 0, NULL, '2022-08-22 10:53:41');
INSERT INTO `sys_oper_log` VALUES (228, '用户管理', 1, 'com.ruoyi.web.controller.system.SysUserController.add()', 'POST', 1, 'admin', NULL, '/system/user', '58.220.24.100', 'XX XX', '{\"admin\":false,\"createBy\":\"admin\",\"deptId\":100,\"nickName\":\"flow\",\"params\":{},\"password\":\"$2a$10$6zLcyv9hQ9/gSwhdQpqWdOrp26Nn6fhLFGCgzd/SnabGRzTebis5G\",\"postIds\":[],\"roleIds\":[100,2],\"sex\":\"0\",\"status\":\"0\",\"userId\":215,\"userName\":\"flow\"}', '{\"msg\":\"操作成功\",\"code\":200}', 0, NULL, '2022-08-22 10:54:15');
INSERT INTO `sys_oper_log` VALUES (229, '角色管理', 2, 'com.ruoyi.web.controller.system.SysRoleController.edit()', 'PUT', 1, 'flow', NULL, '/system/role', '58.220.24.100', 'XX XX', '{\"admin\":false,\"createTime\":\"2022-06-01 11:02:25\",\"dataScope\":\"2\",\"delFlag\":\"0\",\"deptCheckStrictly\":true,\"flag\":false,\"menuCheckStrictly\":true,\"menuIds\":[],\"params\":{},\"remark\":\"普通角色\",\"roleId\":2,\"roleKey\":\"common\",\"roleName\":\"普通角色\",\"roleSort\":\"2\",\"status\":\"0\",\"updateBy\":\"flow\"}', '{\"msg\":\"操作成功\",\"code\":200}', 0, NULL, '2022-08-22 10:56:25');
INSERT INTO `sys_oper_log` VALUES (230, '角色管理', 2, 'com.ruoyi.web.controller.system.SysRoleController.edit()', 'PUT', 1, 'admin', NULL, '/system/role', '58.220.24.100', 'XX XX', '{\"admin\":false,\"createTime\":\"2022-06-01 11:02:25\",\"dataScope\":\"2\",\"delFlag\":\"0\",\"deptCheckStrictly\":true,\"flag\":false,\"menuCheckStrictly\":true,\"menuIds\":[],\"params\":{},\"remark\":\"普通角色\",\"roleId\":2,\"roleKey\":\"common\",\"roleName\":\"普通角色\",\"roleSort\":\"2\",\"status\":\"0\",\"updateBy\":\"admin\"}', '{\"msg\":\"操作成功\",\"code\":200}', 0, NULL, '2022-08-22 10:57:02');

-- ----------------------------
-- Table structure for sys_post
-- ----------------------------
DROP TABLE IF EXISTS `sys_post`;
CREATE TABLE `sys_post`  (
  `post_id` bigint(0) NOT NULL AUTO_INCREMENT COMMENT '岗位ID',
  `post_code` varchar(64) CHARACTER SET utf8 COLLATE utf8_general_ci NOT NULL COMMENT '岗位编码',
  `post_name` varchar(50) CHARACTER SET utf8 COLLATE utf8_general_ci NOT NULL COMMENT '岗位名称',
  `post_sort` int(0) NOT NULL COMMENT '显示顺序',
  `status` char(1) CHARACTER SET utf8 COLLATE utf8_general_ci NOT NULL COMMENT '状态（0正常 1停用）',
  `create_by` varchar(64) CHARACTER SET utf8 COLLATE utf8_general_ci NULL DEFAULT '' COMMENT '创建者',
  `create_time` datetime(0) NULL DEFAULT NULL COMMENT '创建时间',
  `update_by` varchar(64) CHARACTER SET utf8 COLLATE utf8_general_ci NULL DEFAULT '' COMMENT '更新者',
  `update_time` datetime(0) NULL DEFAULT NULL COMMENT '更新时间',
  `remark` varchar(500) CHARACTER SET utf8 COLLATE utf8_general_ci NULL DEFAULT NULL COMMENT '备注',
  PRIMARY KEY (`post_id`) USING BTREE
) ENGINE = InnoDB AUTO_INCREMENT = 5 CHARACTER SET = utf8 COLLATE = utf8_general_ci COMMENT = '岗位信息表' ROW_FORMAT = Dynamic;

-- ----------------------------
-- Records of sys_post
-- ----------------------------
INSERT INTO `sys_post` VALUES (1, 'ceo', '董事长', 1, '0', 'admin', '2022-06-01 11:02:24', '', NULL, '');
INSERT INTO `sys_post` VALUES (2, 'se', '项目经理', 2, '0', 'admin', '2022-06-01 11:02:24', '', NULL, '');
INSERT INTO `sys_post` VALUES (3, 'hr', '人力资源', 3, '0', 'admin', '2022-06-01 11:02:24', '', NULL, '');
INSERT INTO `sys_post` VALUES (4, 'user', '普通员工', 4, '0', 'admin', '2022-06-01 11:02:24', '', NULL, '');

-- ----------------------------
-- Table structure for sys_role
-- ----------------------------
DROP TABLE IF EXISTS `sys_role`;
CREATE TABLE `sys_role`  (
  `role_id` bigint(0) NOT NULL AUTO_INCREMENT COMMENT '角色ID',
  `role_name` varchar(30) CHARACTER SET utf8 COLLATE utf8_general_ci NOT NULL COMMENT '角色名称',
  `role_key` varchar(100) CHARACTER SET utf8 COLLATE utf8_general_ci NOT NULL COMMENT '角色权限字符串',
  `role_sort` int(0) NOT NULL COMMENT '显示顺序',
  `data_scope` char(1) CHARACTER SET utf8 COLLATE utf8_general_ci NULL DEFAULT '1' COMMENT '数据范围（1：全部数据权限 2：自定数据权限 3：本部门数据权限 4：本部门及以下数据权限）',
  `menu_check_strictly` tinyint(1) NULL DEFAULT 1 COMMENT '菜单树选择项是否关联显示',
  `dept_check_strictly` tinyint(1) NULL DEFAULT 1 COMMENT '部门树选择项是否关联显示',
  `status` char(1) CHARACTER SET utf8 COLLATE utf8_general_ci NOT NULL COMMENT '角色状态（0正常 1停用）',
  `del_flag` char(1) CHARACTER SET utf8 COLLATE utf8_general_ci NULL DEFAULT '0' COMMENT '删除标志（0代表存在 2代表删除）',
  `create_by` varchar(64) CHARACTER SET utf8 COLLATE utf8_general_ci NULL DEFAULT '' COMMENT '创建者',
  `create_time` datetime(0) NULL DEFAULT NULL COMMENT '创建时间',
  `update_by` varchar(64) CHARACTER SET utf8 COLLATE utf8_general_ci NULL DEFAULT '' COMMENT '更新者',
  `update_time` datetime(0) NULL DEFAULT NULL COMMENT '更新时间',
  `remark` varchar(500) CHARACTER SET utf8 COLLATE utf8_general_ci NULL DEFAULT NULL COMMENT '备注',
  PRIMARY KEY (`role_id`) USING BTREE
) ENGINE = InnoDB AUTO_INCREMENT = 100 CHARACTER SET = utf8 COLLATE = utf8_general_ci COMMENT = '角色信息表' ROW_FORMAT = Dynamic;

-- ----------------------------
-- Records of sys_role
-- ----------------------------
INSERT INTO `sys_role` VALUES (1, '超级管理员', 'admin', 1, '1', 1, 1, '0', '0', 'admin', '2022-06-01 11:02:25', '', NULL, '超级管理员');
INSERT INTO `sys_role` VALUES (2, '普通角色', 'common', 2, '2', 1, 1, '0', '0', 'admin', '2022-06-01 11:02:25', 'admin', '2022-08-22 10:57:02', '普通角色');
INSERT INTO `sys_role` VALUES (100, '管理员', 'manager', 1, '1', 1, 1, '0', '0', 'admin', '2022-08-22 10:53:40', '', NULL, NULL);

-- ----------------------------
-- Table structure for sys_role_dept
-- ----------------------------
DROP TABLE IF EXISTS `sys_role_dept`;
CREATE TABLE `sys_role_dept`  (
  `role_id` bigint(0) NOT NULL COMMENT '角色ID',
  `dept_id` bigint(0) NOT NULL COMMENT '部门ID',
  PRIMARY KEY (`role_id`, `dept_id`) USING BTREE
) ENGINE = InnoDB CHARACTER SET = utf8 COLLATE = utf8_general_ci COMMENT = '角色和部门关联表' ROW_FORMAT = Dynamic;

-- ----------------------------
-- Records of sys_role_dept
-- ----------------------------
INSERT INTO `sys_role_dept` VALUES (2, 100);
INSERT INTO `sys_role_dept` VALUES (2, 101);
INSERT INTO `sys_role_dept` VALUES (2, 105);

-- ----------------------------
-- Table structure for sys_role_menu
-- ----------------------------
DROP TABLE IF EXISTS `sys_role_menu`;
CREATE TABLE `sys_role_menu`  (
  `role_id` bigint(0) NOT NULL COMMENT '角色ID',
  `menu_id` bigint(0) NOT NULL COMMENT '菜单ID',
  PRIMARY KEY (`role_id`, `menu_id`) USING BTREE
) ENGINE = InnoDB CHARACTER SET = utf8 COLLATE = utf8_general_ci COMMENT = '角色和菜单关联表' ROW_FORMAT = Dynamic;

-- ----------------------------
-- Records of sys_role_menu
-- ----------------------------
INSERT INTO `sys_role_menu` VALUES (100, 1);
INSERT INTO `sys_role_menu` VALUES (100, 4);
INSERT INTO `sys_role_menu` VALUES (100, 100);
INSERT INTO `sys_role_menu` VALUES (100, 103);
INSERT INTO `sys_role_menu` VALUES (100, 1001);
INSERT INTO `sys_role_menu` VALUES (100, 1002);
INSERT INTO `sys_role_menu` VALUES (100, 1003);
INSERT INTO `sys_role_menu` VALUES (100, 1004);
INSERT INTO `sys_role_menu` VALUES (100, 1005);
INSERT INTO `sys_role_menu` VALUES (100, 1006);
INSERT INTO `sys_role_menu` VALUES (100, 1007);
INSERT INTO `sys_role_menu` VALUES (100, 1017);
INSERT INTO `sys_role_menu` VALUES (100, 1018);
INSERT INTO `sys_role_menu` VALUES (100, 1019);
INSERT INTO `sys_role_menu` VALUES (100, 1020);
INSERT INTO `sys_role_menu` VALUES (100, 2000);
INSERT INTO `sys_role_menu` VALUES (100, 2001);
INSERT INTO `sys_role_menu` VALUES (100, 2005);
INSERT INTO `sys_role_menu` VALUES (100, 2006);
INSERT INTO `sys_role_menu` VALUES (100, 2007);
INSERT INTO `sys_role_menu` VALUES (100, 2008);
INSERT INTO `sys_role_menu` VALUES (100, 2009);
INSERT INTO `sys_role_menu` VALUES (100, 2010);
INSERT INTO `sys_role_menu` VALUES (100, 2011);
INSERT INTO `sys_role_menu` VALUES (100, 2012);

-- ----------------------------
-- Table structure for sys_user
-- ----------------------------
DROP TABLE IF EXISTS `sys_user`;
CREATE TABLE `sys_user`  (
  `user_id` bigint(0) NOT NULL AUTO_INCREMENT COMMENT '用户ID',
  `dept_id` bigint(0) NULL DEFAULT NULL COMMENT '部门ID',
  `user_name` varchar(30) CHARACTER SET utf8 COLLATE utf8_general_ci NOT NULL COMMENT '用户账号',
  `nick_name` varchar(30) CHARACTER SET utf8 COLLATE utf8_general_ci NOT NULL COMMENT '用户昵称',
  `user_type` varchar(2) CHARACTER SET utf8 COLLATE utf8_general_ci NULL DEFAULT '00' COMMENT '用户类型（00系统用户）',
  `email` varchar(50) CHARACTER SET utf8 COLLATE utf8_general_ci NULL DEFAULT '' COMMENT '用户邮箱',
  `phonenumber` varchar(11) CHARACTER SET utf8 COLLATE utf8_general_ci NULL DEFAULT '' COMMENT '手机号码',
  `sex` char(1) CHARACTER SET utf8 COLLATE utf8_general_ci NULL DEFAULT '0' COMMENT '用户性别（0男 1女 2未知）',
  `avatar` varchar(100) CHARACTER SET utf8 COLLATE utf8_general_ci NULL DEFAULT '' COMMENT '头像地址',
  `password` varchar(100) CHARACTER SET utf8 COLLATE utf8_general_ci NULL DEFAULT '' COMMENT '密码',
  `status` char(1) CHARACTER SET utf8 COLLATE utf8_general_ci NULL DEFAULT '0' COMMENT '帐号状态（0正常 1停用）',
  `del_flag` char(1) CHARACTER SET utf8 COLLATE utf8_general_ci NULL DEFAULT '0' COMMENT '删除标志（0代表存在 2代表删除）',
  `login_ip` varchar(128) CHARACTER SET utf8 COLLATE utf8_general_ci NULL DEFAULT '' COMMENT '最后登录IP',
  `login_date` datetime(0) NULL DEFAULT NULL COMMENT '最后登录时间',
  `create_by` varchar(64) CHARACTER SET utf8 COLLATE utf8_general_ci NULL DEFAULT '' COMMENT '创建者',
  `create_time` datetime(0) NULL DEFAULT NULL COMMENT '创建时间',
  `update_by` varchar(64) CHARACTER SET utf8 COLLATE utf8_general_ci NULL DEFAULT '' COMMENT '更新者',
  `update_time` datetime(0) NULL DEFAULT NULL COMMENT '更新时间',
  `remark` varchar(500) CHARACTER SET utf8 COLLATE utf8_general_ci NULL DEFAULT NULL COMMENT '备注',
  PRIMARY KEY (`user_id`) USING BTREE
) ENGINE = InnoDB AUTO_INCREMENT = 215 CHARACTER SET = utf8 COLLATE = utf8_general_ci COMMENT = '用户信息表' ROW_FORMAT = Dynamic;

-- ----------------------------
-- Records of sys_user
-- ----------------------------
INSERT INTO `sys_user` VALUES (1, 103, 'admin', '若依', '00', 'ry@163.com', '15888888888', '1', '', '$2a$10$7JB720yubVSZvUI0rEqK/.VqGOZTH.ulu33dHOiBE8ByOhJIrdAu2', '0', '0', '58.220.24.100', '2022-08-22 11:01:53', 'admin', '2022-06-01 11:02:24', '', '2022-08-22 11:01:53', '管理员');
INSERT INTO `sys_user` VALUES (2, 105, 'ry', '若依', '00', 'ry@qq.com', '15666666666', '1', '', '$2a$10$7JB720yubVSZvUI0rEqK/.VqGOZTH.ulu33dHOiBE8ByOhJIrdAu2', '0', '0', '127.0.0.1', '2022-06-01 11:02:24', 'admin', '2022-06-01 11:02:24', '', NULL, '测试员');
INSERT INTO `sys_user` VALUES (100, 100, '13000000000', '居强', '00', '', '13000000000', '0', '', '$2a$10$CUtjkgKwYTR64xjfvRByDOv3ui.FFb.7IzoW5wH8yXSYSRFTLSjRu', '0', '0', '', NULL, 'admin', '2022-06-23 14:51:49', '', NULL, NULL);
INSERT INTO `sys_user` VALUES (101, 100, '13000000001', '梅雪静', '00', '', '13000000001', '0', '', '$2a$10$Hkprrt29ldzPqMoHyz66yuOJM0.VSUgQE9TzWaE2V1/LELIBhw0Va', '0', '0', '', NULL, 'admin', '2022-06-23 14:51:50', '', NULL, NULL);
INSERT INTO `sys_user` VALUES (102, 100, '13000000002', '戚佳敏', '00', '', '13000000002', '0', '', '$2a$10$G5qcaFd1Uj1uDqwoduufM.VkMfg.4h2KiKPOfZo0BZcAhjq6bl3Ie', '0', '0', '', NULL, 'admin', '2022-06-23 14:51:50', '', NULL, NULL);
INSERT INTO `sys_user` VALUES (103, 100, '13000000003', '王舸', '00', '', '13000000003', '0', '', '$2a$10$U8/PAqq.bk8PSD9pvAVvkOYhJAL7GjD0nxoN/5.UfURKMKkD/OZMK', '0', '0', '', NULL, 'admin', '2022-06-23 14:51:50', '', NULL, NULL);
INSERT INTO `sys_user` VALUES (104, 100, '13000000004', '张真真', '00', '', '13000000004', '0', '', '$2a$10$foz/GePWlkwKDObcPkzlpONFp8p7Hew.4GluLIvS6Xv3V0mrIV6YK', '0', '0', '', NULL, 'admin', '2022-06-23 14:51:50', '', NULL, NULL);
INSERT INTO `sys_user` VALUES (105, 100, '13000000005', '朱亮', '00', '', '13000000005', '0', '', '$2a$10$VnMOCdZXr8iqKOgw.5i5HOQiHND3aVtTBCaylnYCyyACIZ9UKcnQG', '0', '0', '', NULL, 'admin', '2022-06-23 14:51:51', '', NULL, NULL);
INSERT INTO `sys_user` VALUES (106, 100, '13000000006', '柏京', '00', '', '13000000006', '0', '', '$2a$10$UoGYqgifrYE62ZPHzYjZseaniBR.Q5d3.aBBydt5yGHtEbACmC0LC', '0', '0', '', NULL, 'admin', '2022-06-23 14:51:51', '', NULL, NULL);
INSERT INTO `sys_user` VALUES (107, 100, '13000000007', '姜振兴', '00', '', '13000000007', '0', '', '$2a$10$.YrBcI4WEUCpF6RrNcy6b.oKMjIOmUGocWT5Iu8biM0A0nZFGiWYW', '0', '0', '', NULL, 'admin', '2022-06-23 14:51:52', '', NULL, NULL);
INSERT INTO `sys_user` VALUES (108, 100, '13000000008', '王静', '00', '', '13000000008', '0', '', '$2a$10$TFEFE3tA3EPv.s/jHoAp4e7qBW6uBmhh/IqAecvmWBuorsFICTYYO', '0', '0', '', NULL, 'admin', '2022-06-23 14:51:52', '', NULL, NULL);
INSERT INTO `sys_user` VALUES (109, 100, '13000000009', '周洁', '00', '', '13000000009', '0', '', '$2a$10$NkQRlcET9l494zWHAUUEBOcSrxBjvvtCkGzUb0TY3f3pBJkXPrYQi', '0', '0', '', NULL, 'admin', '2022-06-23 14:51:52', '', NULL, NULL);
INSERT INTO `sys_user` VALUES (110, 100, '13000000010', '刘海涛', '00', '', '13000000010', '0', '', '$2a$10$o.w1BVFiA9cB6lVeOiY1y.PthiU/OpS4FHT02jFLE2K1XNqMzsbcO', '0', '0', '', NULL, 'admin', '2022-06-23 14:51:52', '', NULL, NULL);
INSERT INTO `sys_user` VALUES (111, 100, '13000000011', '姚远', '00', '', '13000000011', '0', '', '$2a$10$vlqhOjIr7wP1DvmeFmCd3ezBX5wPPqDcbWF.kBR.5YbYrl1Hx9GMO', '0', '0', '', NULL, 'admin', '2022-06-23 14:51:53', '', NULL, NULL);
INSERT INTO `sys_user` VALUES (112, 100, '13000000012', '真宏振', '00', '', '13000000012', '0', '', '$2a$10$4psWbHhH07w.FFK4xUbaoO4TARv5k.QEEHfJ5lbqlS3k8AWNFcq8y', '0', '0', '', NULL, 'admin', '2022-06-23 14:51:53', '', NULL, NULL);
INSERT INTO `sys_user` VALUES (113, 100, '13000000013', '程媛', '00', '', '13000000013', '0', '', '$2a$10$GfMfWunIhovTVSKITB0wPOCidTPbZVwir4zC7D6AchI77fjnz/I.W', '0', '0', '', NULL, 'admin', '2022-06-23 14:51:53', '', NULL, NULL);
INSERT INTO `sys_user` VALUES (114, 100, '13000000014', '熊维', '00', '', '13000000014', '0', '', '$2a$10$oKo9QT1WxXLpv4NSH3eLAuyLEjT7JAKagEHjnhmbOLkOX0eBM0Lpq', '0', '0', '', NULL, 'admin', '2022-06-23 14:51:53', '', NULL, NULL);
INSERT INTO `sys_user` VALUES (115, 100, '13000000015', '徐霖雯', '00', '', '13000000015', '0', '', '$2a$10$Pjogd/1B4aqn.NrvcmMi/.cEIAtZhb/RFW91hQ0g55xRk7mQOsu.O', '0', '0', '', NULL, 'admin', '2022-06-23 14:51:54', '', NULL, NULL);
INSERT INTO `sys_user` VALUES (116, 100, '13000000016', '李想', '00', '', '13000000016', '0', '', '$2a$10$EjTrNgSbYc2X12Z73vAek.iWAaqoZYYoh1O/YEr4hI.ypQXAHU1Wm', '0', '0', '', NULL, 'admin', '2022-06-23 14:51:54', '', NULL, NULL);
INSERT INTO `sys_user` VALUES (117, 100, '13000000017', '王青青', '00', '', '13000000017', '0', '', '$2a$10$alz7PVMfJqj5lC/wday28.HtMsfFKIBDJ0S22GHDypkn/Gd/6z1bm', '0', '0', '', NULL, 'admin', '2022-06-23 14:51:54', '', NULL, NULL);
INSERT INTO `sys_user` VALUES (118, 100, '13000000018', '张丽萍', '00', '', '13000000018', '0', '', '$2a$10$zkb6.DwsuqYa0nc8A98bZebJXMAbGvelJcgRVHmKJPJsgsBA5hBEe', '0', '0', '', NULL, 'admin', '2022-06-23 14:51:55', '', NULL, NULL);
INSERT INTO `sys_user` VALUES (119, 100, '13000000019', '侯庭俊', '00', '', '13000000019', '0', '', '$2a$10$ACWrFsUhKfgAy54Pm40X1Ocux2tkZ9UJ/0DArVjZOWZHKLuy08xpe', '0', '0', '', NULL, 'admin', '2022-06-23 14:51:55', '', NULL, NULL);
INSERT INTO `sys_user` VALUES (120, 100, '13000000020', '王诗含', '00', '', '13000000020', '0', '', '$2a$10$c2DsV.FMP/uPvyMSOPgqwuWNHarbJmfwLLc6bRc2BUCQ5p3s.7kgq', '0', '0', '', NULL, 'admin', '2022-06-23 14:51:55', '', NULL, NULL);
INSERT INTO `sys_user` VALUES (121, 100, '13000000021', '章彦', '00', '', '13000000021', '0', '', '$2a$10$QKaP80Oqu/yOmcGdHHIjj.upLOlHogsaV2nQGrRcmhLEJLHhmm8t.', '0', '0', '', NULL, 'admin', '2022-06-23 14:51:55', '', NULL, NULL);
INSERT INTO `sys_user` VALUES (122, 100, '13000000022', '邰士楠', '00', '', '13000000022', '0', '', '$2a$10$Cc9daN.n83I.rJRSReCRz.LDjEtwZh2sxpzSkTpPpf5dnSnWSmmr2', '0', '0', '', NULL, 'admin', '2022-06-23 14:51:56', '', NULL, NULL);
INSERT INTO `sys_user` VALUES (123, 100, '13000000023', '项华元', '00', '', '13000000023', '0', '', '$2a$10$MPFAsqskh6VA6l5QobyHZej0gdEmrd5PYTz304HfzU0LfY4rr8bwa', '0', '0', '', NULL, 'admin', '2022-06-23 14:51:56', '', NULL, NULL);
INSERT INTO `sys_user` VALUES (124, 100, '13000000024', '李金柱', '00', '', '13000000024', '0', '', '$2a$10$jdkeH22b08fmsiPZgUkPE.NGBISor/TDV1rFpTUOP5NECdyjdagnq', '0', '0', '', NULL, 'admin', '2022-06-23 14:51:56', '', NULL, NULL);
INSERT INTO `sys_user` VALUES (125, 100, '13000000025', '孙权', '00', '', '13000000025', '0', '', '$2a$10$dXGUrq4zQemMfvUol3OlpOZ.0Gg7xpD2pndTFra4oVehxN.XN10vK', '0', '0', '', NULL, 'admin', '2022-06-23 14:51:56', '', NULL, NULL);
INSERT INTO `sys_user` VALUES (126, 100, '13000000026', '刘丽丽', '00', '', '13000000026', '0', '', '$2a$10$nx.y1a/BMBhU.mfCao3Jhe0TR28/oSNPcsDwy58Kg7RvkLNNW853.', '0', '0', '', NULL, 'admin', '2022-06-23 14:51:56', '', NULL, NULL);
INSERT INTO `sys_user` VALUES (127, 100, '13000000027', '潘莹', '00', '', '13000000027', '0', '', '$2a$10$onIlS3ROi.awqGQTeUkKWuFK/Umg2kigkt.fWBoODzPONZEUPxsBe', '0', '0', '', NULL, 'admin', '2022-06-23 14:51:57', '', NULL, NULL);
INSERT INTO `sys_user` VALUES (128, 100, '13000000028', '吴涛', '00', '', '13000000028', '0', '', '$2a$10$y5GixLpag6nWWtYVip/80usJkOb6Fep1pSOhEjtTZtoSN8uWR3Gi2', '0', '0', '', NULL, 'admin', '2022-06-23 14:51:57', '', NULL, NULL);
INSERT INTO `sys_user` VALUES (129, 100, '13000000029', '张仲秋', '00', '', '13000000029', '0', '', '$2a$10$DJgxgt05NgSjT03pMx3PROEefAWBEa6UN3/lnipuL4FAJTRhcW74q', '0', '0', '', NULL, 'admin', '2022-06-23 14:51:57', '', NULL, NULL);
INSERT INTO `sys_user` VALUES (130, 100, '13000000030', '蔡华丽', '00', '', '13000000030', '0', '', '$2a$10$BTCJUkDgTHnWMGrVgsvoP.1MvX3HY7hGRjm5e7czkYwng.m.Lq87C', '0', '0', '', NULL, 'admin', '2022-06-23 14:51:57', '', NULL, NULL);
INSERT INTO `sys_user` VALUES (131, 100, '13000000031', '李尾凤', '00', '', '13000000031', '0', '', '$2a$10$P3JLG8T6bttgljhSeSu20uXxhLUSeiQ30R3vaSi2LvNOjlXeNpSna', '0', '0', '', NULL, 'admin', '2022-06-23 14:51:58', '', NULL, NULL);
INSERT INTO `sys_user` VALUES (132, 100, '13000000032', '阮清雅', '00', '', '13000000032', '0', '', '$2a$10$iP3LAysIBXM3UcZjKq19KusmJJfkEJIj9UuAo5J2D7pXfzsUXqSK2', '0', '0', '', NULL, 'admin', '2022-06-23 14:51:58', '', NULL, NULL);
INSERT INTO `sys_user` VALUES (133, 100, '13000000033', '王超宇', '00', '', '13000000033', '0', '', '$2a$10$JjRtV39rHcjGGb/Vb.8ho.KdbFMpSEd61lKgPgq0//sLhEhBz6PkW', '0', '0', '', NULL, 'admin', '2022-06-23 14:51:58', '', NULL, NULL);
INSERT INTO `sys_user` VALUES (134, 100, '13000000034', '张久丽', '00', '', '13000000034', '0', '', '$2a$10$kOZBnCDb0tI22jnBr4ha7eoYjZvtcOsvrINu/wfZb76udHTvxA5QC', '0', '0', '', NULL, 'admin', '2022-06-23 14:51:58', '', NULL, NULL);
INSERT INTO `sys_user` VALUES (135, 100, '13000000035', '戴柳', '00', '', '13000000035', '0', '', '$2a$10$kKud9qQhp7j./KKyNC1vpOBpjedfCRVqWZ7fbYVNUjE8Rl1MnKi.G', '0', '0', '', NULL, 'admin', '2022-06-23 14:51:58', '', NULL, NULL);
INSERT INTO `sys_user` VALUES (136, 100, '13000000036', '韩卿', '00', '', '13000000036', '0', '', '$2a$10$.LREDFK4IScP4e/NZ23NR.1VfwHHm.bczOXlDwtG2pAlm.AjYaV7e', '0', '0', '', NULL, 'admin', '2022-06-23 14:51:59', '', NULL, NULL);
INSERT INTO `sys_user` VALUES (137, 100, '13000000037', '姜莉', '00', '', '13000000037', '0', '', '$2a$10$mZ0b.noMQyFw74s9Mn5BQu4Brzq93MQpqDTzU5l7JFszhitavc0NK', '0', '0', '', NULL, 'admin', '2022-06-23 14:51:59', '', NULL, NULL);
INSERT INTO `sys_user` VALUES (138, 100, '13000000038', '李群', '00', '', '13000000038', '0', '', '$2a$10$UujB2baXhHYvJoxB7D4K.eMPg6lo03XJilzKAJgzH9YA9Dx0pJTVq', '0', '0', '', NULL, 'admin', '2022-06-23 14:51:59', '', NULL, NULL);
INSERT INTO `sys_user` VALUES (139, 100, '13000000039', '宰周童', '00', '', '13000000039', '0', '', '$2a$10$RWGsRSrRLJWmnVMFlA3yg.DXw4nGvbLsF0QFKHpd8oh5amc6vF7sC', '0', '0', '', NULL, 'admin', '2022-06-23 14:52:00', '', NULL, NULL);
INSERT INTO `sys_user` VALUES (140, 100, '13000000040', '张青钢', '00', '', '13000000040', '0', '', '$2a$10$AJFxDj0XwU5agCMvoSlK5OKxcVOd5woDjlAt7yM52sfJ8n8C0xrm.', '0', '0', '', NULL, 'admin', '2022-06-23 14:52:00', '', NULL, NULL);
INSERT INTO `sys_user` VALUES (141, 100, '13000000041', '陈梅珍', '00', '', '13000000041', '0', '', '$2a$10$AAS0NyaA4FNfT6plDuUni.TlFviKISwwN1m194/h6Yyz9L1WxCgum', '0', '0', '', NULL, 'admin', '2022-06-23 14:52:00', '', NULL, NULL);
INSERT INTO `sys_user` VALUES (142, 100, '13000000042', '耿超', '00', '', '13000000042', '0', '', '$2a$10$SD5t3X7zS/SZ8VdYWvWmX.2Knnlj8kvU99JoaB4CXobgzOa8hOTgC', '0', '0', '', NULL, 'admin', '2022-06-23 14:52:00', '', NULL, NULL);
INSERT INTO `sys_user` VALUES (143, 100, '13000000043', '陈莉', '00', '', '13000000043', '0', '', '$2a$10$BuV9ySXjFEFb6dXkSJHTD.xngDvHBw1E3XW5tZryXIcouemKtrt6u', '0', '0', '', NULL, 'admin', '2022-06-23 14:52:00', '', NULL, NULL);
INSERT INTO `sys_user` VALUES (144, 100, '13000000044', '薛颖宇', '00', '', '13000000044', '0', '', '$2a$10$2YMmJb2aNhtgjEJALPpUSOoLqTFsGbdo9ESpewqfvU2SpZl.nVGW.', '0', '0', '', NULL, 'admin', '2022-06-23 14:52:01', '', NULL, NULL);
INSERT INTO `sys_user` VALUES (145, 100, '13000000045', '蔡悦', '00', '', '13000000045', '0', '', '$2a$10$aH6GpWahhRx4fiS4HHBf6OyoMDdJvqfXPHg4HNyTfBSC8lypUYj2m', '0', '0', '', NULL, 'admin', '2022-06-23 14:52:01', '', NULL, NULL);
INSERT INTO `sys_user` VALUES (146, 100, '13000000046', '曹殿文', '00', '', '13000000046', '0', '', '$2a$10$Cc/9WRSW.U0zaYWjxzmdxekHW6v0J7Y2o3ChexPqSBfOOXjkKt9iS', '0', '0', '', NULL, 'admin', '2022-06-23 14:52:02', '', NULL, NULL);
INSERT INTO `sys_user` VALUES (147, 100, '13000000047', '陈岚', '00', '', '13000000047', '0', '', '$2a$10$4chJTBWLPNWlga2Xn7.V0Ox241mwZOlh/0ttU8BbkZ685jwPr9FZ2', '0', '0', '', NULL, 'admin', '2022-06-23 14:52:02', '', NULL, NULL);
INSERT INTO `sys_user` VALUES (148, 100, '13000000048', '仇荣旭', '00', '', '13000000048', '0', '', '$2a$10$lOKzbNvjC.7Zjp.hsx6bJeies3gfTvhxXwQj3aT1Z/UZk7ne5TKxm', '0', '0', '', NULL, 'admin', '2022-06-23 14:52:02', '', NULL, NULL);
INSERT INTO `sys_user` VALUES (149, 100, '13000000049', '高鹏', '00', '', '13000000049', '0', '', '$2a$10$d6AwkJfCS/abJmSV2jm.6OBUAvw7HrlxrlAFZ405HbBbH5ficdmDq', '0', '0', '', NULL, 'admin', '2022-06-23 14:52:03', '', NULL, NULL);
INSERT INTO `sys_user` VALUES (150, 100, '13000000050', '宫佳佳', '00', '', '13000000050', '0', '', '$2a$10$i1lRaDQhaNaevMkZfwX8q.hE6o33f.cIq5DADz5ZWVkvv6na6b71S', '0', '0', '', NULL, 'admin', '2022-06-23 14:52:03', '', NULL, NULL);
INSERT INTO `sys_user` VALUES (151, 100, '13000000051', '韩倩', '00', '', '13000000051', '0', '', '$2a$10$5cDqPr2f5HGqFusvZgSekeWgTpyzCQfLYaZ1Euw4u66wM52XTPbz.', '0', '0', '', NULL, 'admin', '2022-06-23 14:52:03', '', NULL, NULL);
INSERT INTO `sys_user` VALUES (152, 100, '13000000052', '何兆杰', '00', '', '13000000052', '0', '', '$2a$10$bmChrClkYOA.KPNqa8OiX.4O/QBr.puRgIz1EDKHBBvXMcDC4O1SS', '0', '0', '', NULL, 'admin', '2022-06-23 14:52:03', '', NULL, NULL);
INSERT INTO `sys_user` VALUES (153, 100, '13000000053', '霍显亮', '00', '', '13000000053', '0', '', '$2a$10$YAwzX0IrZkh8fdxrnfuFb.E6rtfQdQasNqKmfqyHzMVUAa1T/PJ32', '0', '0', '', NULL, 'admin', '2022-06-23 14:52:04', '', NULL, NULL);
INSERT INTO `sys_user` VALUES (154, 100, '13000000054', '基静', '00', '', '13000000054', '0', '', '$2a$10$3ZT4b1MYe2KOnkSkGQcLpOojITUYO5nNPEjc.eLQLGBPJtXGk5Lae', '0', '0', '', NULL, 'admin', '2022-06-23 14:52:04', '', NULL, NULL);
INSERT INTO `sys_user` VALUES (155, 100, '13000000055', '纪福伟', '00', '', '13000000055', '0', '', '$2a$10$8QKxVmdPDtX9gyNusiwFaeJH.eCbpm/4bLLtrYiV0vOzuVWYXhbEm', '0', '0', '', NULL, 'admin', '2022-06-23 14:52:04', '', NULL, NULL);
INSERT INTO `sys_user` VALUES (156, 100, '13000000056', '贾鹏飞', '00', '', '13000000056', '0', '', '$2a$10$2v68sR95VLl/RehEiJOV1eJueTFp6CDSIgTPfKA1CIKyC6/coause', '0', '0', '', NULL, 'admin', '2022-06-23 14:52:04', '', NULL, NULL);
INSERT INTO `sys_user` VALUES (157, 100, '13000000057', '贾欣慧', '00', '', '13000000057', '0', '', '$2a$10$aNWO5ORNRZZkYIjcMk1aVOkV/p./wgzBy2pLiWhgqJnGKSxj7KrTe', '0', '0', '', NULL, 'admin', '2022-06-23 14:52:04', '', NULL, NULL);
INSERT INTO `sys_user` VALUES (158, 100, '13000000058', '孔丹', '00', '', '13000000058', '0', '', '$2a$10$QvIu04pbTxj7Qh345m2D2u9gdzNYWD8huynRyeoRNRu8YlKHVO1q.', '0', '0', '', NULL, 'admin', '2022-06-23 14:52:05', '', NULL, NULL);
INSERT INTO `sys_user` VALUES (159, 100, '13000000059', '邝娟英', '00', '', '13000000059', '0', '', '$2a$10$Wfz2vAqhCfCPwhMcn38PS.0mES835L7OhW.UOna/FIaAG1SBEFvXO', '0', '0', '', NULL, 'admin', '2022-06-23 14:52:05', '', NULL, NULL);
INSERT INTO `sys_user` VALUES (160, 100, '13000000060', '李丹', '00', '', '13000000060', '0', '', '$2a$10$vg28BIBYKqZtlNHzuW0PF.3ni4B1fXRlTpmopZVOmOwwq4eXosPkS', '0', '0', '', NULL, 'admin', '2022-06-23 14:52:05', '', NULL, NULL);
INSERT INTO `sys_user` VALUES (161, 100, '13000000061', '李婷', '00', '', '13000000061', '0', '', '$2a$10$oKviDIH4xeV3sMH9nrlhUulC0mRF9bA2wU1dnVtq4Ompsh7gbJvQW', '0', '0', '', NULL, 'admin', '2022-06-23 14:52:05', '', NULL, NULL);
INSERT INTO `sys_user` VALUES (162, 100, '13000000062', '凌新越', '00', '', '13000000062', '0', '', '$2a$10$mwLzHftsI4ZUFmFpfuo5ueXIlq47JzKaWiPPJIH5n.H3049fn1GcG', '0', '0', '', NULL, 'admin', '2022-06-23 14:52:05', '', NULL, NULL);
INSERT INTO `sys_user` VALUES (163, 100, '13000000063', '刘海琦', '00', '', '13000000063', '0', '', '$2a$10$I1O4pd8ZQWNS3gBA1MRtnezrSh16PcFkvSO9ps6clEhv/ynJ1rXIO', '0', '0', '', NULL, 'admin', '2022-06-23 14:52:06', '', NULL, NULL);
INSERT INTO `sys_user` VALUES (164, 100, '13000000064', '刘彤', '00', '', '13000000064', '0', '', '$2a$10$btCrJmcm.NGEGEzGJdJCoeAjGvnthmZPEBtUavq3h1TvNWWxYuP1G', '0', '0', '', NULL, 'admin', '2022-06-23 14:52:06', '', NULL, NULL);
INSERT INTO `sys_user` VALUES (165, 100, '13000000065', '卢奕菲', '00', '', '13000000065', '0', '', '$2a$10$y/2WM090r.Grq4jVIg4yCO66IGh/rrsLEFpua.r2OMG0NsJRsVFEq', '0', '0', '', NULL, 'admin', '2022-06-23 14:52:06', '', NULL, NULL);
INSERT INTO `sys_user` VALUES (166, 100, '13000000066', '陆玉瑶', '00', '', '13000000066', '0', '', '$2a$10$daxe.QQytcUNCuDrkAEE/uqXRizHsACuzy43Ne2XnfI6YHfZ5/QV2', '0', '0', '', NULL, 'admin', '2022-06-23 14:52:06', '', NULL, NULL);
INSERT INTO `sys_user` VALUES (167, 100, '13000000067', '吕恒君', '00', '', '13000000067', '0', '', '$2a$10$LY8AtJVqJvaBxrVmS82XcuO9TkEWX0xXpcntiSw7yLbDo5e3WeQGu', '0', '0', '', NULL, 'admin', '2022-06-23 14:52:06', '', NULL, NULL);
INSERT INTO `sys_user` VALUES (168, 100, '13000000068', '毛蕾', '00', '', '13000000068', '0', '', '$2a$10$.t0X.p8lwEGDaFAOqdAdYOpnAXHECOemED1lX353pPEZuxQ.MNkiO', '0', '0', '', NULL, 'admin', '2022-06-23 14:52:07', '', NULL, NULL);
INSERT INTO `sys_user` VALUES (169, 100, '13000000069', '茆心玥', '00', '', '13000000069', '0', '', '$2a$10$A/3PeSvgUFa.9K5f3iir.OEYChJNr43Q3WrsWVpF7XL7ph72NCmQ6', '0', '0', '', NULL, 'admin', '2022-06-23 14:52:07', '', NULL, NULL);
INSERT INTO `sys_user` VALUES (170, 100, '13000000070', '潘芊言', '00', '', '13000000070', '0', '', '$2a$10$D9mUvywS6erWpY.ExHLdCeBD7MBkoVr2Htm82LHmErWaG8Jej9zWW', '0', '0', '', NULL, 'admin', '2022-06-23 14:52:07', '', NULL, NULL);
INSERT INTO `sys_user` VALUES (171, 100, '13000000071', '钱久静', '00', '', '13000000071', '0', '', '$2a$10$CDyNPrJSkLk86KMLyConZuleJdRMtwPbCScFG2BVMP27tt/m.Dz4i', '0', '0', '', NULL, 'admin', '2022-06-23 14:52:07', '', NULL, NULL);
INSERT INTO `sys_user` VALUES (172, 100, '13000000072', '钱萍', '00', '', '13000000072', '0', '', '$2a$10$g6WfTyPwsJgRpNGsIwXwQ.R/a6zoM7zwcAd5t8Y/IrxOc.QL4ypDC', '0', '0', '', NULL, 'admin', '2022-06-23 14:52:07', '', NULL, NULL);
INSERT INTO `sys_user` VALUES (173, 100, '13000000073', '孙鹏程', '00', '', '13000000073', '0', '', '$2a$10$SEA6sHQx5nFk0vhiNOyN8.pjGu3.XqG7N4GgUJCCdDVqYm0KA9Ktq', '0', '0', '', NULL, 'admin', '2022-06-23 14:52:08', '', NULL, NULL);
INSERT INTO `sys_user` VALUES (174, 100, '13000000074', '童瑶', '00', '', '13000000074', '0', '', '$2a$10$qUstQlhcEhfhUXWJ/sMoiePWdOtNhHL1npaEcTSPGhIi3N0KTJ5GW', '0', '0', '', NULL, 'admin', '2022-06-23 14:52:08', '', NULL, NULL);
INSERT INTO `sys_user` VALUES (175, 100, '13000000075', '王晨', '00', '', '13000000075', '0', '', '$2a$10$CU7U8bFXhSyIV2KzWfZ1HeylWKeg6mQ88yb4BXl/EjvgUHLxF1Kcq', '0', '0', '', NULL, 'admin', '2022-06-23 14:52:08', '', NULL, NULL);
INSERT INTO `sys_user` VALUES (176, 100, '13000000076', '王瑞贤', '00', '', '13000000076', '0', '', '$2a$10$S8mJewAywQLK3pOTg6Yiz.x8PqQkEi5UhTtKEkelyA4lFlWrk0Mja', '0', '0', '', NULL, 'admin', '2022-06-23 14:52:08', '', NULL, NULL);
INSERT INTO `sys_user` VALUES (177, 100, '13000000077', '王雅', '00', '', '13000000077', '0', '', '$2a$10$Gbe0B2uudCO/OhsDBAtEoetg3jxDDfE4JSWczZcgRlZbAzgEfa9Cy', '0', '0', '', NULL, 'admin', '2022-06-23 14:52:09', '', NULL, NULL);
INSERT INTO `sys_user` VALUES (178, 100, '13000000078', '吴雨航', '00', '', '13000000078', '0', '', '$2a$10$VfpQqSu6wlyH96dVZXyX..BSduM4vuvnawp9MWMWB7pcrKIIpfzv.', '0', '0', '', NULL, 'admin', '2022-06-23 14:52:09', '', NULL, NULL);
INSERT INTO `sys_user` VALUES (179, 100, '13000000079', '徐杰', '00', '', '13000000079', '0', '', '$2a$10$1LSiVJjxzQMI70rkq31ysOaAmlbxIzCAozzb85orhyYcg3.AyOY66', '0', '0', '', NULL, 'admin', '2022-06-23 14:52:09', '', NULL, NULL);
INSERT INTO `sys_user` VALUES (180, 100, '13000000080', '徐铭晨', '00', '', '13000000080', '0', '', '$2a$10$aY5rAeIagkIrfOfaqxN52Op6wXuKQKuHltM8be8huPdNWr/3eYNNi', '0', '0', '', NULL, 'admin', '2022-06-23 14:52:10', '', NULL, NULL);
INSERT INTO `sys_user` VALUES (181, 100, '13000000081', '徐伟', '00', '', '13000000081', '0', '', '$2a$10$dAQoElLnDUWK9BsPQ3aTruW6oIf.e16LDeKP9u1tKVtwbFxYXdBIi', '0', '0', '', NULL, 'admin', '2022-06-23 14:52:10', '', NULL, NULL);
INSERT INTO `sys_user` VALUES (182, 100, '13000000082', '许蓓蓓', '00', '', '13000000082', '0', '', '$2a$10$qojas35BX9FDV5QJeIMSBudpALNyHxR96YrsrDsulTc8jLeKA/SR2', '0', '0', '', NULL, 'admin', '2022-06-23 14:52:10', '', NULL, NULL);
INSERT INTO `sys_user` VALUES (183, 100, '13000000083', '许锋', '00', '', '13000000083', '0', '', '$2a$10$WNnhRnuQBwvJl0A3Ul8gJ.mqzh/PqxawjQqiZ4NCPFbbvq2JWO9qu', '0', '0', '', NULL, 'admin', '2022-06-23 14:52:10', '', NULL, NULL);
INSERT INTO `sys_user` VALUES (184, 100, '13000000084', '姚志豪', '00', '', '13000000084', '0', '', '$2a$10$GECePFgNobP.oMzaUaxR0.PyFDeFzK0lFSKe7N4iFTMoYI31o4/M.', '0', '0', '', NULL, 'admin', '2022-06-23 14:52:10', '', NULL, NULL);
INSERT INTO `sys_user` VALUES (185, 100, '13000000085', '殷翔天', '00', '', '13000000085', '0', '', '$2a$10$oT0/UkdSPo.7fVGyVOb8y.U434pA2xoVLuMUvX50gEl63kC1jEsj6', '0', '0', '', NULL, 'admin', '2022-06-23 14:52:11', '', NULL, NULL);
INSERT INTO `sys_user` VALUES (186, 100, '13000000086', '张毅', '00', '', '13000000086', '0', '', '$2a$10$V8AABQXchbSyOrZDVZNcjullKD5NPWqSeS7mgVczxtcuk3gzyY5Ey', '0', '0', '', NULL, 'admin', '2022-06-23 14:52:11', '', NULL, NULL);
INSERT INTO `sys_user` VALUES (187, 100, '13000000087', '征静', '00', '', '13000000087', '0', '', '$2a$10$58/N2Q3WTxGPsIuotpQ2zOlnDOMVjEyJiSiwJGRIWffR6wnNOmIru', '0', '0', '', NULL, 'admin', '2022-06-23 14:52:11', '', NULL, NULL);
INSERT INTO `sys_user` VALUES (188, 100, '13000000088', '朱奇蔚', '00', '', '13000000088', '0', '', '$2a$10$MywJrSuNnk5cDWL6wSP1yuBHtf2vv6I9uJPmR1Mu/6WUGPu22Bk8q', '0', '0', '', NULL, 'admin', '2022-06-23 14:52:12', '', NULL, NULL);
INSERT INTO `sys_user` VALUES (189, 100, '13000000089', '朱启远', '00', '', '13000000089', '0', '', '$2a$10$.cSoPWTLhjAysn9tvdFaT.n1ph20SLNdaf7eziulOb..qKS2EzuKC', '0', '0', '', NULL, 'admin', '2022-06-23 14:52:12', '', NULL, NULL);
INSERT INTO `sys_user` VALUES (190, 100, '13000000090', '朱晓峰', '00', '', '13000000090', '0', '', '$2a$10$9i0Ib471mE4ze5z2v9s/h.C7Zjz48kIVTfdvHYGaMgf9KUqFE3YB.', '0', '0', '', NULL, 'admin', '2022-06-23 14:52:12', '', NULL, NULL);
INSERT INTO `sys_user` VALUES (191, 100, '13000000091', '黄庆春', '00', '', '13000000091', '0', '', '$2a$10$WxREtSxe24yqMb0nBExm6OlbPVU/KoYOh1cr.u/GOhTXhXonCwKDK', '0', '0', '', NULL, 'admin', '2022-06-23 14:52:12', '', NULL, NULL);
INSERT INTO `sys_user` VALUES (192, 100, '13000000092', '殷春刚', '00', '', '13000000092', '0', '', '$2a$10$f6RnZqiObgF01Fe7bRGRQ.MoXNEcNg2cNyBViG0okAtGoryMfWywS', '0', '0', '', NULL, 'admin', '2022-06-23 14:52:12', '', NULL, NULL);
INSERT INTO `sys_user` VALUES (193, 100, '13000000093', '张娟', '00', '', '13000000093', '0', '', '$2a$10$Lcd7eIGWw7mXVj2uUkia0eZVOUBP4OiDVtJTLODYPw.OsuFirlBjq', '0', '0', '', NULL, 'admin', '2022-06-23 14:52:12', '', NULL, NULL);
INSERT INTO `sys_user` VALUES (194, 100, '13000000094', '张翼', '00', '', '13000000094', '0', '', '$2a$10$rD0CwCkPaa3uVjOKNbUeieiqCxcQxv0kbuUCJ2hgFS3Byj5ztcLoC', '0', '0', '', NULL, 'admin', '2022-06-23 14:52:12', '', NULL, NULL);
INSERT INTO `sys_user` VALUES (195, 100, '13000000095', '赵玲', '00', '', '13000000095', '0', '', '$2a$10$fWctVVwnsVM5MJ27TyltROSnJLeSU9cS5spyLK8Ry6t1uTwxmklni', '0', '0', '', NULL, 'admin', '2022-06-23 14:52:13', '', NULL, NULL);
INSERT INTO `sys_user` VALUES (196, 100, '13000000096', '陈珍华', '00', '', '13000000096', '0', '', '$2a$10$oPudEvMYQ0Aoy8FenGfTuu/qZXiviPcQQPfQUZLyXcHOdAslC3JS2', '0', '0', '', NULL, 'admin', '2022-06-23 14:52:13', '', NULL, NULL);
INSERT INTO `sys_user` VALUES (197, 100, '13000000097', '朱利军', '00', '', '13000000097', '0', '', '$2a$10$JDLlXdDpHj0X9maJL2O41ukEtewNvswys7E36MyEjP.1//1w4h8Xq', '0', '0', '', NULL, 'admin', '2022-06-23 14:52:13', '', NULL, NULL);
INSERT INTO `sys_user` VALUES (198, 100, '13000000098', '嵇诗媛', '00', '', '13000000098', '0', '', '$2a$10$1b.4fmO7yIdnayuk3JPOye7Rg.nEayMHbtm478USXUuDrFEDNa1LS', '0', '0', '', NULL, 'admin', '2022-06-23 14:52:13', '', NULL, NULL);
INSERT INTO `sys_user` VALUES (199, 100, '13000000099', '瞿晓波', '00', '', '13000000099', '0', '', '$2a$10$LDprc3UyCmENVG2fWYGuNOhs9F25cg3a/Fm3sWjC3aV4l4NuDtYDy', '0', '0', '', NULL, 'admin', '2022-06-23 14:52:13', '', NULL, NULL);
INSERT INTO `sys_user` VALUES (200, 100, '13000000100', '杨晨', '00', '', '13000000100', '0', '', '$2a$10$u6AFrE6GS9a3z0NXeVwwAubEajDlX77FNwlPMc10t9q1mFgkbYnai', '0', '0', '', NULL, 'admin', '2022-06-23 14:52:13', '', NULL, NULL);
INSERT INTO `sys_user` VALUES (201, 100, '13000000101', '徐善军', '00', '', '13000000101', '0', '', '$2a$10$hcIniVT9Cgao6cYq9xz..eZFIxknQsUxI9HeNxqCqZABX0P3mIGEa', '0', '0', '', NULL, 'admin', '2022-06-23 14:52:13', '', NULL, NULL);
INSERT INTO `sys_user` VALUES (202, 100, '13000000102', '俞云', '00', '', '13000000102', '0', '', '$2a$10$KmiGWNKTnJoWzfBkXqjnju7wxxCkCBVQvDjWTeqVAnKadc/4DAXfq', '0', '0', '', NULL, 'admin', '2022-06-23 14:52:14', '', NULL, NULL);
INSERT INTO `sys_user` VALUES (203, 100, '13000000103', '王恩军', '00', '', '13000000103', '0', '', '$2a$10$omsIAyHhv3G1cM0/Q4wbHOnMnt7S/5yCd/H.tFRTKfuaXAOpuBYmW', '0', '0', '', NULL, 'admin', '2022-06-23 14:52:14', '', NULL, NULL);
INSERT INTO `sys_user` VALUES (204, 100, '13000000104', '许天佑', '00', '', '13000000104', '0', '', '$2a$10$N61zmnbTK3ialP6DPyilG.8G2HNJoSK3kcgQhmpDTo/w7MkoESCRC', '0', '0', '', NULL, 'admin', '2022-06-23 14:52:14', '', NULL, NULL);
INSERT INTO `sys_user` VALUES (205, 100, '13000000105', '倪宁', '00', '', '13000000105', '0', '', '$2a$10$mSK7vwK8RXlNLF49IVQGXuUKhFZTD.0EDz/gwdtXbca3AU2VkcbgO', '0', '0', '', NULL, 'admin', '2022-06-23 14:52:14', '', NULL, NULL);
INSERT INTO `sys_user` VALUES (206, 100, '13000000106', '王子炜', '00', '', '13000000106', '0', '', '$2a$10$uNRghnKXcQZZml/9S.pqN.H/MUNOvnLMKXezNW4rEx77CzZrZMiKK', '0', '0', '', NULL, 'admin', '2022-06-23 14:52:14', '', NULL, NULL);
INSERT INTO `sys_user` VALUES (207, 100, '13000000107', '吴晓海', '00', '', '13000000107', '0', '', '$2a$10$SoE7TJSgaISU56BUgsd7wOrmkyq9nQKB8j.bKdO33RlbphbXCAtPS', '0', '0', '', NULL, 'admin', '2022-06-23 14:52:14', '', NULL, NULL);
INSERT INTO `sys_user` VALUES (208, 100, '13000000108', '赵方义', '00', '', '13000000108', '0', '', '$2a$10$lqkcoWUccVAdaVzC/iqsVu5VIgvGIUA3rvJaDN5KFftSFbMxCuIMm', '0', '0', '', NULL, 'admin', '2022-06-23 14:52:15', '', NULL, NULL);
INSERT INTO `sys_user` VALUES (209, 100, '13000000109', '陈心纲', '00', '', '13000000109', '0', '', '$2a$10$H7IePtPjW643zXl0IeqNfebhhtp.bIbPa3beUdAZJlbteHobkivBy', '0', '0', '', NULL, 'admin', '2022-06-23 14:52:15', '', NULL, NULL);
INSERT INTO `sys_user` VALUES (210, 100, '13000000110', '刘庆典', '00', '', '13000000110', '0', '', '$2a$10$3lvc2CcBBWbWuWsokARktekNeK8WDveB9dupzVnFWRXHaRiuJaUDW', '0', '0', '', NULL, 'admin', '2022-06-23 14:52:15', '', NULL, NULL);
INSERT INTO `sys_user` VALUES (211, 100, '13000000111', '吴锋', '00', '', '13000000111', '0', '', '$2a$10$zVBq6VMqL7S5kKTihbp1DujwvhwNq72JGfpbLelDb7HEXs0CMgt0a', '0', '0', '', NULL, 'admin', '2022-06-23 14:52:15', '', NULL, NULL);
INSERT INTO `sys_user` VALUES (212, 100, '13000000112', '孙超', '00', '', '13000000112', '0', '', '$2a$10$mJcNu5Wuq0T4WLRZjGRvteKcdN0yyNpcciIh8NyxoBeX9lnN3rDNa', '0', '0', '', NULL, 'admin', '2022-06-23 14:52:15', '', NULL, NULL);
INSERT INTO `sys_user` VALUES (213, 100, '13000000113', '张宇', '00', '', '13000000113', '0', '', '$2a$10$3AQGTKfexAG3qNvilPQCzuNYoM.lGADaJrZKLqR1CvFfCJhPryXE.', '0', '0', '', NULL, 'admin', '2022-06-23 14:52:15', '', NULL, NULL);
INSERT INTO `sys_user` VALUES (214, 100, '13000000114', '周言', '00', '', '13000000114', '0', '', '$2a$10$H3xmRWcw8eWkJ2K.n85ZkOUIB2O9/HCiftOwoPYxvh1md7ZgNTeaO', '0', '0', '', NULL, 'admin', '2022-06-23 14:52:15', '', NULL, NULL);
INSERT INTO `sys_user` VALUES (215, 100, 'flow', 'flow', '00', '', '', '0', '', '$2a$10$6zLcyv9hQ9/gSwhdQpqWdOrp26Nn6fhLFGCgzd/SnabGRzTebis5G', '0', '0', '58.220.24.100', '2022-08-22 11:09:41', 'admin', '2022-08-22 10:54:15', '', '2022-08-22 11:09:41', NULL);

-- ----------------------------
-- Table structure for sys_user_post
-- ----------------------------
DROP TABLE IF EXISTS `sys_user_post`;
CREATE TABLE `sys_user_post`  (
  `user_id` bigint(0) NOT NULL COMMENT '用户ID',
  `post_id` bigint(0) NOT NULL COMMENT '岗位ID',
  PRIMARY KEY (`user_id`, `post_id`) USING BTREE
) ENGINE = InnoDB CHARACTER SET = utf8 COLLATE = utf8_general_ci COMMENT = '用户与岗位关联表' ROW_FORMAT = Dynamic;

-- ----------------------------
-- Records of sys_user_post
-- ----------------------------
INSERT INTO `sys_user_post` VALUES (1, 1);
INSERT INTO `sys_user_post` VALUES (2, 2);

-- ----------------------------
-- Table structure for sys_user_role
-- ----------------------------
DROP TABLE IF EXISTS `sys_user_role`;
CREATE TABLE `sys_user_role`  (
  `user_id` bigint(0) NOT NULL COMMENT '用户ID',
  `role_id` bigint(0) NOT NULL COMMENT '角色ID',
  PRIMARY KEY (`user_id`, `role_id`) USING BTREE
) ENGINE = InnoDB CHARACTER SET = utf8 COLLATE = utf8_general_ci COMMENT = '用户和角色关联表' ROW_FORMAT = Dynamic;

-- ----------------------------
-- Records of sys_user_role
-- ----------------------------
INSERT INTO `sys_user_role` VALUES (1, 1);
INSERT INTO `sys_user_role` VALUES (2, 2);
INSERT INTO `sys_user_role` VALUES (103, 2);
INSERT INTO `sys_user_role` VALUES (215, 2);
INSERT INTO `sys_user_role` VALUES (215, 100);

SET FOREIGN_KEY_CHECKS = 1;
